frame,pts_seconds,delta_contact_seconds,score,rank,shift_x,shift_y,shift_magnitude,gray_mean,signed_gray_mean_change,gray_abs_mean_change,gray_abs_change_gt20_fraction,jerk_raw,jerk_scaled,jerk_contribution,residual90_raw,residual90_scaled,residual90_contribution,appearance_raw,appearance_scaled,appearance_contribution
0,0.0,-19.4,0.0,276,0.0,0.0,0.0,0.0,0.0,0.0,0.0,0.0,0.0,0.0,0.0,0.0,0.0,0.0,0.0,0.0
3,0.1,-19.299999999999997,9.280509948730469,37,-0.04900742694735527,-0.12839503586292267,0.13743002712726593,43.071614583333336,4.2755208015441895,9.645312309265137,0.11829427083333334,0.13743002712726593,7.348577499389648,7.348577499389648,3.2853994369506836,2.0446994304656982,1.2268197536468506,9.645312309265137,2.8204495906829834,0.7051123976707458
6,0.2,-19.2,3.9645979404449463,74,-0.024035410955548286,-0.16920867562294006,0.17090721428394318,46.810546875,3.7389323711395264,8.700780868530273,0.1046875,0.0478472039103508,1.917708158493042,1.917708158493042,3.7300658226013184,2.432957887649536,1.4597747325897217,8.700780868530273,2.3484604358673096,0.5871151089668274
9,0.3,-19.099999999999998,2.640653610229492,107,-0.015649214386940002,-0.18841151893138885,0.1890603005886078,49.92662760416667,3.1160807609558105,8.902799606323242,0.100390625,0.020954176783561707,0.2873452305793762,0.2873452305793762,4.266786098480225,2.901592969894409,1.7409558296203613,8.902799606323242,2.4494106769561768,0.6123526692390442
12,0.4,-19.0,12.754740715026855,2,-0.06164713203907013,-0.41076427698135376,0.41536447405815125,42.35208333333333,-7.574544429779053,11.048111915588379,0.14908854166666666,0.2270606905221939,10.0,10.0,4.521469593048096,3.1239688396453857,1.874381422996521,11.048111915588379,3.5214385986328125,0.8803596496582031
15,0.5,-18.9,11.763082504272461,9,-0.3602038621902466,-0.21601712703704834,0.4200121760368347,40.28951822916667,-2.0625650882720947,7.628320217132568,0.08287760416666666,0.3564583957195282,10.0,10.0,3.4440724849700928,2.183243989944458,1.3099464178085327,7.628320217132568,1.812544345855713,0.4531360864639282
18,0.6,-18.799999999999997,4.463500022888184,61,-0.33380427956581116,-0.1692834049463272,0.3742755353450775,35.639322916666664,-4.650195121765137,8.399544715881348,0.10611979166666667,0.05367475003004074,2.2709972858428955,2.2709972858428955,4.079844951629639,2.73836612701416,1.6430197954177856,8.399544715881348,2.1979305744171143,0.5494826436042786
21,0.7,-18.7,8.942497253417969,40,-0.20510190725326538,-0.2166552096605301,0.29833918809890747,34.480859375,-1.1584635972976685,6.331120014190674,0.0666015625,0.13714367151260376,7.3312177658081055,7.3312177658081055,3.463641405105591,2.2003304958343506,1.3201982975006104,6.331120014190674,1.164324164390564,0.291081041097641
24,0.8,-18.599999999999998,9.28839111328125,36,-0.060124896466732025,-0.2558201551437378,0.262790709733963,33.5150390625,-0.9658203125,5.5595703125,0.04348958333333333,0.15017399191856384,8.12116813659668,8.12116813659668,2.800009250640869,1.6208829879760742,0.9725298285484314,5.5595703125,0.7787753343582153,0.19469383358955383
27,0.9,-18.5,9.173254013061523,39,-0.0750635415315628,-0.1075928658246994,0.13118977844715118,28.044856770833334,-5.470182418823242,6.885807514190674,0.0560546875,0.14897815883159637,8.04867172241211,8.04867172241211,2.4023597240448,1.2736769914627075,0.7642062306404114,6.885807514190674,1.4415054321289062,0.36037635803222656
30,1.0,-18.4,4.20881462097168,70,-0.022875722497701645,-0.06249188631772995,0.06654723733663559,24.320052083333334,-3.724804639816284,6.568294048309326,0.041731770833333334,0.06897584348917007,3.198610782623291,3.198610782623291,2.259746789932251,1.1491551399230957,0.6894931197166443,6.568294048309326,1.282841682434082,0.3207104206085205
33,1.1,-18.299999999999997,4.19148063659668,71,-0.0866892859339714,-0.08941907435655594,0.12454237788915634,23.439778645833332,-0.8802734613418579,5.014257907867432,0.019596354166666666,0.06926213949918747,3.2159674167633057,3.2159674167633057,2.5641067028045654,1.4149056673049927,0.8489434123039246,5.014257907867432,0.5062788128852844,0.1265697032213211
36,1.2,-18.2,9.827600479125977,30,-0.044689662754535675,-0.24283233284950256,0.24691031873226166,22.740299479166666,-0.6994791626930237,4.079557418823242,0.020052083333333335,0.15905846655368805,8.659780502319336,8.659780502319336,3.1540722846984863,1.930031657218933,1.1580190658569336,4.079557418823242,0.039202362298965454,0.009800590574741364
39,1.3,-18.099999999999998,2.8673155307769775,100,-0.08046672493219376,-0.26526713371276855,0.2772030830383301,18.6951171875,-4.045182228088379,6.146744728088379,0.05475260416666667,0.04222935810685158,1.577131986618042,1.577131986618042,2.894697904586792,1.7035599946975708,1.0221360921859741,6.146744728088379,1.072190523147583,0.26804763078689575
42,1.4,-18.0,11.557815551757812,10,0.0005338002229109406,-0.10225722193717957,0.10225861519575119,20.595963541666666,1.9008463621139526,5.230534076690674,0.03326822916666667,0.18202559649944305,10.0,10.0,3.6240367889404297,2.340379238128662,1.404227614402771,5.230534076690674,0.6143535375595093,0.15358838438987732
45,1.5,-17.9,2.8934147357940674,98,-0.015569858253002167,-0.07297876477241516,0.07462117820978165,25.195638020833332,4.599674701690674,7.118684768676758,0.07252604166666667,0.03341490402817726,1.04276442527771,1.04276442527771,3.732750654220581,2.435302257537842,1.461181402206421,7.118684768676758,1.5578758716583252,0.3894689679145813
48,1.6,-17.799999999999997,1.6483501195907593,142,-0.027804654091596603,-0.0763336718082428,0.08123994618654251,26.295833333333334,1.100195288658142,5.366861820220947,0.04440104166666667,0.01268643420189619,0.0,0.0,3.7643401622772217,2.4628844261169434,1.4777307510375977,5.366861820220947,0.6824775338172913,0.17061938345432281
51,1.7,-17.7,3.6876838207244873,80,-0.002851831493899226,-0.03408655524253845,0.03420564532279968,28.2115234375,1.9156900644302368,6.028059959411621,0.05546875,0.04906589910387993,1.9915904998779297,1.9915904998779297,3.697802782058716,2.404787540435791,1.4428725242614746,6.028059959411621,1.012882947921753,0.25322073698043823
54,1.8,-17.599999999999998,4.618366718292236,60,-0.009231917560100555,-0.0960828959941864,0.0965253934264183,27.906705729166667,-0.30481770634651184,5.959244728088379,0.06263020833333334,0.06232376769185066,2.795335531234741,2.795335531234741,3.956512451171875,2.63067889213562,1.5784074068069458,5.959244728088379,0.9784954190254211,0.24462385475635529
57,1.9,-17.5,5.929238319396973,51,-0.00041649091872386634,-0.00996619276702404,0.009974891319870949,29.533333333333335,1.6266275644302368,6.056966304779053,0.050520833333333334,0.08656672388315201,4.265040397644043,4.265040397644043,3.6300275325775146,2.3456099033355713,1.4073660373687744,6.056966304779053,1.0273276567459106,0.25683191418647766
60,2.0,-17.4,2.089414596557617,124,-0.002442630473524332,-0.009243817068636417,0.00956109818071127,35.12180989583333,5.588476657867432,7.236132621765137,0.0755859375,0.002151062013581395,0.0,0.0,4.16049861907959,2.808788537979126,1.6852731704711914,7.236132621765137,1.6165653467178345,0.4041413366794586
63,2.1,-17.299999999999997,3.4335577487945557,84,-0.0043725138530135155,-0.0449945293366909,0.04520648717880249,37.1111328125,1.9893229007720947,5.303906440734863,0.04680989583333333,0.03580276295542717,1.187525987625122,1.187525987625122,4.920211315155029,3.472128391265869,2.0832772254943848,5.303906440734863,0.6510182619094849,0.16275456547737122
66,2.2,-17.2,2.5086331367492676,110,0.004275449551641941,-0.039760082960128784,0.03998929262161255,34.67428385416667,-2.4368488788604736,5.9842448234558105,0.05078125,0.01010874379426241,0.0,0.0,5.259232997894287,3.76814341545105,2.2608861923217773,5.9842448234558105,0.9909881949424744,0.2477470487356186
69,2.3,-17.099999999999998,7.825605392456055,45,-0.03608638420701027,-0.1496923565864563,0.15398061275482178,34.73743489583333,0.0631510391831398,7.2010416984558105,0.06725260416666666,0.1171075701713562,6.116549015045166,6.116549015045166,3.442836284637451,2.1821646690368652,1.3092988729476929,7.2010416984558105,1.5990302562713623,0.3997575640678406
72,2.4,-17.0,3.087174415588379,93,-0.053508587181568146,-0.11361990869045258,0.12558922171592712,33.4748046875,-1.2626302242279053,6.651301860809326,0.07877604166666667,0.04005939140915871,1.4455798864364624,1.4455798864364624,3.4451565742492676,2.184190511703491,1.3105143308639526,6.651301860809326,1.3243212699890137,0.3310803174972534
75,2.5,-16.9,11.799363136291504,8,-0.25295335054397583,-0.10906645655632019,0.27546486258506775,32.83053385416667,-0.6442708373069763,6.5078125,0.06061197916666667,0.19949674606323242,10.0,10.0,3.7805228233337402,2.4770143032073975,1.4862086772918701,6.5078125,1.252618670463562,0.3131546676158905
78,2.6,-16.799999999999997,5.910223007202148,52,-0.17585845291614532,-0.0891827642917633,0.19717951118946075,32.38001302083333,-0.4505208432674408,5.172656059265137,0.028385416666666666,0.07961773872375488,3.8437652587890625,3.8437652587890625,4.608737468719482,3.2001662254333496,1.9200998544692993,5.172656059265137,0.5854315161705017,0.14635787904262543
81,2.7,-16.7,9.410106658935547,34,-0.07305436581373215,-0.17406345903873444,0.18877242505550385,27.9681640625,-4.411849021911621,7.169921875,0.057942708333333336,0.13331696391105652,7.099227428436279,7.099227428436279,4.599020004272461,3.1916816234588623,1.9150090217590332,7.169921875,1.583479404449463,0.3958698511123657
84,2.8,-16.599999999999998,9.355729103088379,35,-0.053047552704811096,-0.033509351313114166,0.0627448782324791,23.879817708333334,-4.088346481323242,6.665559768676758,0.05384114583333333,0.14197087287902832,7.623861789703369,7.623861789703369,3.6140692234039307,2.3316760063171387,1.399005651473999,6.665559768676758,1.3314460515975952,0.3328615128993988
87,2.9,-16.5,1.9927712678909302,128,-0.03264975920319557,-0.04511277377605438,0.05568814277648926,22.513671875,-1.3661458492279053,5.5955729484558105,0.04114583333333333,0.023467199876904488,0.43969476222991943,0.43969476222991943,3.527942419052124,2.256474733352661,1.3538849353790283,5.5955729484558105,0.7967661023139954,0.19919152557849884
90,3.0,-16.4,2.081312656402588,125,-0.05261310189962387,-0.05522638559341431,0.07627642154693604,20.998307291666666,-1.5153645277023315,4.467577934265137,0.024088541666666668,0.022379010915756226,0.37372440099716187,0.37372440099716187,4.091858386993408,2.7488555908203125,1.6493134498596191,4.467577934265137,0.23309896886348724,0.05827474221587181
93,3.1,-16.299999999999997,3.2520647048950195,90,-0.0073023089207708836,-0.030952440574765205,0.031802158802747726,20.545703125,-0.45260417461395264,3.958463430404663,0.023046875,0.0514032319188118,2.133288860321045,2.133288860321045,3.079164505004883,1.864626169204712,1.118775725364685,3.958463430404663,0.0,0.0
96,3.2,-16.2,1.8980602025985718,129,-0.02751290611922741,-0.01760435290634632,0.032663024961948395,19.24140625,-1.304296851158142,4.231249809265137,0.0267578125,0.024220645427703857,0.4853716492652893,0.4853716492652893,3.5853071212768555,2.3065624237060547,1.3839374780654907,4.231249809265137,0.11500412225723267,0.028751030564308167
99,3.3,-16.099999999999998,1.2031513452529907,159,-0.008214274421334267,-0.01850992813706398,0.020250722765922546,21.375065104166666,2.1336588859558105,4.541211128234863,0.03463541666666667,0.019319865852594376,0.18826676905155182,0.18826676905155182,2.7520623207092285,1.5790183544158936,0.947411060333252,4.541211128234863,0.269894003868103,0.06747350096702576
102,3.4,-15.999999999999998,1.4258142709732056,152,-0.011332444846630096,-0.04486333578824997,0.04627249017357826,22.390299479166668,1.015234351158142,4.645573139190674,0.0388671875,0.02653723955154419,0.6258128881454468,0.6258128881454468,2.3170056343078613,1.1991504430770874,0.7194902896881104,4.645573139190674,0.3220444321632385,0.08051110804080963
105,3.5,-15.899999999999999,2.039562225341797,127,-0.00033688655821606517,-0.08090519905090332,0.08090589940547943,22.6171875,0.2268880158662796,4.127539157867432,0.029817708333333335,0.03768180310726166,1.301440954208374,1.301440954208374,2.3224194049835205,1.2038774490356445,0.7223265171051025,4.127539157867432,0.06317918002605438,0.015794795006513596
108,3.6,-15.799999999999999,3.250685691833496,91,-0.03362100571393967,-0.12644639611244202,0.13083983957767487,23.555924479166666,0.9387369751930237,4.738606929779053,0.031119791666666667,0.05640774220228195,2.4366822242736816,2.4366822242736816,2.3215479850769043,1.203116536140442,0.721869945526123,4.738606929779053,0.3685340881347656,0.0921335220336914
111,3.7,-15.7,5.643918514251709,54,-0.029003586620092392,-0.03756042569875717,0.04745517671108246,24.468880208333335,0.9129557013511658,5.036913871765137,0.0416015625,0.08900582045316696,4.412908554077148,4.412908554077148,3.0463974475860596,1.8360158205032349,1.1016095876693726,5.036913871765137,0.5176001787185669,0.12940004467964172
114,3.8,-15.599999999999998,2.590834140777588,109,-0.0012117441510781646,-0.015366829000413418,0.015414530411362648,27.690755208333332,3.221874952316284,5.976171970367432,0.05481770833333333,0.035566024482250214,1.1731740236282349,1.1731740236282349,3.178701162338257,1.9515361785888672,1.170921802520752,5.976171970367432,0.9869540929794312,0.2467385232448578
117,3.9,-15.499999999999998,2.28377366065979,116,0.015291428193449974,-0.00755736231803894,0.017057007178664207,33.487369791666666,5.796614646911621,7.744791507720947,0.08600260416666666,0.018257668241858482,0.12387208640575409,0.12387208640575409,4.1737494468688965,2.8203582763671875,1.692215085029602,7.744791507720947,1.8707458972930908,0.4676864743232727
120,4.0,-15.399999999999999,4.235207557678223,68,0.01780364289879799,-0.05589253455400467,0.058659568428993225,35.5509765625,2.0636067390441895,6.473242282867432,0.07005208333333333,0.04840041324496269,1.9512461423873901,1.9512461423873901,4.713770866394043,3.2918758392333984,1.9751255512237549,6.473242282867432,1.2353436946868896,0.3088359236717224
123,4.1,-15.299999999999999,12.093016624450684,6,0.020398832857608795,-0.2286769449710846,0.2295849621295929,33.405338541666666,-2.1456379890441895,9.1787109375,0.11634114583333334,0.17280390858650208,9.493083953857422,9.493083953857422,4.671751022338867,3.2551863193511963,1.9531118869781494,9.1787109375,2.5872855186462402,0.6468213796615601
126,4.2,-15.2,9.425792694091797,33,0.11351291835308075,-0.14673417806625366,0.18551577627658844,40.11692708333333,6.711588382720947,9.956119537353516,0.1189453125,0.12403567880392075,6.536558628082275,6.536558628082275,5.038588523864746,3.575488805770874,2.1452934741973877,9.956119537353516,2.975762128829956,0.743940532207489
129,4.3,-15.099999999999998,12.679134368896484,3,-0.12770861387252808,-0.05587593838572502,0.13939730823040009,43.377994791666666,3.2610676288604736,9.220182418823242,0.10709635416666667,0.2577655017375946,10.0,10.0,4.813040256500244,3.3785524368286133,2.0271315574645996,9.220182418823242,2.608009099960327,0.6520022749900818
132,4.4,-14.999999999999998,11.134461402893066,14,0.029617253690958023,-0.02930575981736183,0.041665446013212204,44.33834635416667,0.9603515863418579,8.807877540588379,0.09869791666666666,0.15955375134944916,8.68980598449707,8.68980598449707,4.463785648345947,3.0736021995544434,1.8441613912582397,8.807877540588379,2.4019775390625,0.600494384765625
135,4.5,-14.899999999999999,5.81791353225708,53,-0.017353206872940063,-0.08547183871269226,0.08721564710140228,37.7201171875,-6.618229389190674,9.317578315734863,0.11380208333333333,0.07321784645318985,3.455778121948242,3.455778121948242,4.184725761413574,2.829942226409912,1.697965383529663,9.317578315734863,2.6566786766052246,0.6641696691513062
138,4.6,-14.799999999999999,9.275419235229492,38,-0.06890711933374405,-0.18651512265205383,0.1988368183374405,23.850390625,-13.869726181030273,15.718685150146484,0.29173177083333335,0.11343522369861603,5.893916606903076,5.893916606903076,4.604086399078369,3.1961052417755127,1.9176632165908813,15.718685150146484,5.8553571701049805,1.4638392925262451
141,4.7,-14.7,8.012139320373535,44,-0.167254239320755,-0.20799854397773743,0.2669033110141754,33.151432291666666,9.301041603088379,11.967968940734863,0.13893229166666668,0.10066624730825424,5.119810104370117,5.119810104370117,4.564749240875244,3.1617581844329834,1.8970550298690796,11.967968940734863,3.981097459793091,0.9952743649482727
144,4.8,-14.599999999999998,12.194580078125,5,-0.1125672310590744,0.029494600370526314,0.1163671463727951,32.18639322916667,-0.965039074420929,6.553190231323242,0.05618489583333333,0.24370814859867096,10.0,10.0,4.524094581604004,3.126260757446289,1.8757565021514893,6.553190231323242,1.2752941846847534,0.31882354617118835
147,4.9,-14.499999999999998,12.434309005737305,4,0.00026120978873223066,-0.1783631145954132,0.17836330831050873,28.31640625,-3.8699870109558105,6.396810054779053,0.04921875,0.23650600016117096,10.0,10.0,5.01898193359375,3.5583693981170654,2.135021686553955,6.396810054779053,1.1971499919891357,0.29928749799728394
150,5.0,-14.399999999999999,5.052517414093018,55,-0.06124401465058327,-0.16570521891117096,0.17666082084178925,24.1181640625,-4.1982421875,6.518033981323242,0.0498046875,0.06279423087835312,2.823856830596924,2.823856830596924,4.597531318664551,3.1903817653656006,1.914229154586792,6.518033981323242,1.2577264308929443,0.3144316077232361
153,5.1,-14.299999999999999,11.24710464477539,12,-0.3613309860229492,-0.025381317362189293,0.3622213304042816,23.7578125,-0.3603515625,5.8818359375,0.0453125,0.3312748074531555,10.0,10.0,2.8756377696990967,1.6869176626205444,1.0121506452560425,5.8818359375,0.9398137331008911,0.23495343327522278
156,5.2,-14.2,11.228092193603516,13,-0.05090770870447159,-0.12286631762981415,0.13299521803855896,21.7490234375,-2.0087890625,6.896158695220947,0.059765625,0.3253704607486725,10.0,10.0,2.597470998764038,1.4440375566482544,0.8664225935935974,6.896158695220947,1.4466780424118042,0.36166951060295105
159,5.3,-14.099999999999998,7.40114164352417,46,-0.14292575418949127,-0.05284638702869415,0.1523827761411667,21.923177083333332,0.1741536408662796,4.8565754890441895,0.0302734375,0.11562919616699219,6.026924133300781,6.026924133300781,3.362757682800293,2.1122443675994873,1.2673466205596924,4.8565754890441895,0.42748379707336426,0.10687094926834106
162,5.4,-13.999999999999998,6.254680633544922,49,-0.23753301799297333,-0.05824940651655197,0.24457091093063354,21.493033854166665,-0.43014323711395264,4.672330856323242,0.026497395833333333,0.09476141631603241,4.76183557510376,4.76183557510376,3.633129835128784,2.348318576812744,1.4089912176132202,4.672330856323242,0.33541545271873474,0.08385386317968369
165,5.5,-13.899999999999999,10.877196311950684,17,0.004508075304329395,-0.028136640787124634,0.02849549613893032,19.042643229166668,-2.450390577316284,5.128385543823242,0.0322265625,0.24390709400177002,10.0,10.0,2.3492236137390137,1.2272814512252808,0.7363688945770264,5.128385543823242,0.5633091926574707,0.14082729816436768
168,5.6,-13.799999999999999,4.081965446472168,72,-0.02614877186715603,-0.08544118702411652,0.08935298025608063,18.508072916666666,-0.5345703363418579,4.725325584411621,0.022916666666666665,0.06498964130878448,2.956951379776001,2.956951379776001,2.91837477684021,1.7242333889007568,1.034540057182312,4.725325584411621,0.3618972897529602,0.09047432243824005
171,5.7,-13.7,2.810372829437256,102,0.0022664072457700968,-0.052084580063819885,0.052133865654468536,22.0279296875,3.5198566913604736,5.208268165588379,0.04765625,0.04381878301501274,1.6734892129898071,1.6734892129898071,2.8258681297302246,1.6434615850448608,0.9860770106315613,5.208268165588379,0.6032271385192871,0.15080678462982178
174,5.8,-13.599999999999998,2.311093807220459,114,0.002478156704455614,-0.015659699216485023,0.015854571014642715,24.248372395833332,2.220442771911621,4.050000190734863,0.025651041666666666,0.03642549738287926,1.225278615951538,1.225278615951538,3.0045900344848633,1.7995117902755737,1.079707145690918,4.050000190734863,0.024432403966784477,0.006108100991696119
177,5.9,-13.499999999999998,1.0469318628311157,166,-0.013787033036351204,-0.013551229611039162,0.019331790506839752,25.9943359375,1.7459635734558105,4.519140720367432,0.0384765625,0.01640128158032894,0.011330493725836277,0.011330493725836277,2.7968697547912598,1.618141770362854,0.9708850979804993,4.519140720367432,0.25886526703834534,0.06471631675958633
180,6.0,-13.399999999999999,3.7812132835388184,78,-0.006736732088029385,-0.06989039480686188,0.07021431624889374,28.3693359375,2.375,5.669921875,0.05384114583333333,0.05677859112620354,2.45916485786438,2.45916485786438,3.069225311279297,1.8559478521347046,1.1135687828063965,5.669921875,0.8339187502861023,0.20847968757152557
183,6.1,-13.299999999999999,3.8274669647216797,77,0.006874330807477236,-0.016687357798218727,0.018047833815217018,31.4103515625,3.041015625,5.470442771911621,0.044205729166666666,0.05491652339696884,2.346278667449951,2.346278667449951,3.420560359954834,2.1627144813537598,1.2976287603378296,5.470442771911621,0.7342376708984375,0.18355941772460938
186,6.2,-13.2,1.664433479309082,138,0.016670022159814835,-0.004685516469180584,0.017315994948148727,32.846744791666666,1.4363932609558105,4.675325393676758,0.04088541666666667,0.015491926111280918,0.0,0.0,3.959944725036621,2.6336758136749268,1.5802055597305298,4.675325393676758,0.3369118571281433,0.08422796428203583
189,6.3,-13.099999999999998,2.198394298553467,122,0.02136007882654667,-0.010316997766494751,0.023721158504486084,33.655078125,0.8083333373069763,4.574479103088379,0.03854166666666667,0.007328725419938564,0.0,0.0,5.003221035003662,3.5446078777313232,2.1267647743225098,4.574479103088379,0.28651824593544006,0.07162956148386002
192,6.4,-12.999999999999998,3.071962356567383,95,-0.014600517228245735,-0.04084030166268349,0.04337171092629433,32.37669270833333,-1.2783854007720947,5.782031059265137,0.04993489583333333,0.047168172895908356,1.8765426874160767,1.8765426874160767,2.800781726837158,1.6215574741363525,0.9729345440864563,5.782031059265137,0.8899405002593994,0.22248512506484985
195,6.5,-12.899999999999999,1.54652738571167,147,-0.01594834215939045,-0.05232250690460205,0.0546991266310215,28.839192708333332,-3.5374999046325684,6.368229389190674,0.0603515625,0.01156104076653719,0.0,0.0,3.331193208694458,2.084683895111084,1.2508103847503662,6.368229389190674,1.1828680038452148,0.2957170009613037
198,6.6,-12.799999999999999,2.819363832473755,101,-0.04921054095029831,-0.03827711194753647,0.062344323843717575,29.585026041666666,0.7458333373069763,5.641797065734863,0.0501953125,0.03610605373978615,1.205912709236145,1.205912709236145,3.6321637630462646,2.347475051879883,1.4084850549697876,5.641797065734863,0.8198645710945129,0.20496614277362823
201,6.7,-12.7,3.4390814304351807,83,0.004420658573508263,-0.023320531472563744,0.023735826835036278,29.843489583333334,0.2584635317325592,4.4122395515441895,0.0251953125,0.055677689611911774,2.392423629760742,2.392423629760742,2.84346604347229,1.6588270664215088,0.99529629945755,4.4122395515441895,0.20544598996639252,0.05136149749159813
204,6.8,-12.599999999999998,0.5095812082290649,208,-0.0024838787503540516,-0.022603070363402367,0.022739138454198837,28.317513020833335,-1.525976538658142,3.995638132095337,0.018489583333333334,0.006941713392734528,0.0,0.0,1.9163297414779663,0.8493019342422485,0.5095812082290649,3.995638132095337,0.0,0.0
207,6.9,-12.499999999999998,0.5217888951301575,207,-0.0031522386707365513,-0.003659017151221633,0.004829597659409046,24.627669270833334,-3.6898436546325684,5.163281440734863,0.024348958333333334,0.018955839797854424,0.16619804501533508,0.16619804501533508,1.3452584743499756,0.35067349672317505,0.21040411293506622,5.163281440734863,0.5807469487190247,0.14518673717975616
210,7.0,-12.399999999999999,0.29589056968688965,234,-0.0005787998088635504,-0.010151052847504616,0.010167540051043034,22.928580729166665,-1.6990885734558105,3.090364694595337,0.009635416666666667,0.006983488332480192,0.0,0.0,1.508435606956482,0.493150919675827,0.29589056968688965,3.090364694595337,0.0,0.0
213,7.1,-12.299999999999999,0.3700793981552124,224,-0.0023455903865396976,-0.007387426681816578,0.007750862278044224,23.203580729166667,0.2750000059604645,2.7796874046325684,0.008333333333333333,0.0032801188062876463,0.0,0.0,1.650047779083252,0.616798996925354,0.3700793981552124,2.7796874046325684,0.0,0.0
216,7.2,-12.2,0.44949668645858765,215,0.0046522533521056175,-0.01337251253426075,0.014158655889332294,22.858919270833333,-0.3446614444255829,2.621354103088379,0.008203125,0.00920820701867342,0.0,0.0,1.8016400337219238,0.7491611242294312,0.44949668645858765,2.621354103088379,0.0,0.0
219,7.3,-12.099999999999998,0.6728171110153198,192,0.006848333403468132,-0.011345554143190384,0.013252217322587967,22.914713541666668,0.05579427257180214,3.4310545921325684,0.015885416666666666,0.0029885326512157917,0.0,0.0,2.2279155254364014,1.1213618516921997,0.6728171110153198,3.4310545921325684,0.0,0.0
222,7.4,-11.999999999999998,0.8953161239624023,175,0.0029210501816123724,-0.021907858550548553,0.022101737558841705,21.877213541666666,-1.037500023841858,3.611588478088379,0.015950520833333332,0.011268798261880875,0.0,0.0,2.652623176574707,1.4921934604644775,0.8953161239624023,3.611588478088379,0.0,0.0
225,7.5,-11.899999999999999,0.5373649597167969,205,0.00335277384147048,-0.01838690973818302,0.018690092489123344,21.131770833333334,-0.7454426884651184,4.151562690734863,0.023567708333333333,0.003547318046912551,0.0,0.0,1.933485746383667,0.8642816543579102,0.5185689926147461,4.151562690734863,0.07518390566110611,0.018795976415276527
228,7.6,-11.799999999999999,0.4750843346118927,212,-0.013469124212861061,-0.02022654376924038,0.0243008304387331,21.291666666666668,0.15989583730697632,3.912369728088379,0.017057291666666665,0.01692219078540802,0.04291009530425072,0.04291009530425072,1.768574833869934,0.7202903628349304,0.4321742355823517,3.912369728088379,0.0,0.0
231,7.7,-11.7,0.6883816719055176,189,-0.004968295339494944,-0.0054931254126131535,0.007406644523143768,21.859049479166668,0.5673828125,3.3228516578674316,0.021875,0.017009928822517395,0.04822912812232971,0.04822912812232971,2.165565252304077,1.0669208765029907,0.6401525735855103,3.3228516578674316,0.0,0.0
234,7.8,-11.599999999999998,0.7150794267654419,186,-0.016721896827220917,7.727796764811501e-05,0.016722075641155243,18.317122395833334,-3.5419270992279053,4.873437404632568,0.04479166666666667,0.013006788678467274,0.0,0.0,2.100569248199463,1.0101699829101562,0.6061019897460938,4.873437404632568,0.43590983748435974,0.10897745937108994
237,7.9,-11.499999999999998,1.0132100582122803,170,-0.005937195383012295,-0.012790512293577194,0.014101329259574413,19.478645833333335,1.161523461341858,4.265038967132568,0.028971354166666668,0.016789574176073074,0.034870345145463943,0.034870345145463943,2.748161792755127,1.5756125450134277,0.9453675746917725,4.265038967132568,0.13188880681991577,0.03297220170497894
240,8.0,-11.399999999999999,1.1471368074417114,162,-0.009086466394364834,-0.02106025442481041,0.022936830297112465,21.4013671875,1.9227213859558105,4.126627445220947,0.034505208333333336,0.008849098347127438,0.0,0.0,3.1033685207366943,1.8857598304748535,1.131455898284912,4.126627445220947,0.06272358447313309,0.015680896118283272
243,8.1,-11.299999999999999,4.384726047515869,63,-0.022924942895770073,-0.08852042257785797,0.09144078940153122,21.629361979166667,0.22799478471279144,3.539843797683716,0.026171875,0.06886491924524307,3.1918861865997314,3.1918861865997314,3.220538377761841,1.9880661964416504,1.1928397417068481,3.539843797683716,0.0,0.0
246,8.2,-11.2,3.074449300765991,94,-0.0270555280148983,-0.037499845027923584,0.04624110832810402,21.450716145833333,-0.17864583432674408,3.9208333492279053,0.0296875,0.051187511533498764,2.120211124420166,2.120211124420166,2.765094041824341,1.5903968811035156,0.9542381763458252,3.9208333492279053,0.0,0.0
249,8.3,-11.099999999999998,4.396185398101807,62,-0.057166408747434616,-0.09656205773353577,0.11221510916948318,19.4578125,-1.9929035902023315,5.045507907867432,0.035416666666666666,0.06629487127065659,3.0360796451568604,3.0360796451568604,3.2907674312591553,2.049386501312256,1.2296319007873535,5.045507907867432,0.5218946933746338,0.13047367334365845
252,8.4,-10.999999999999998,4.3677778244018555,66,-0.05206843465566635,-0.025255024433135986,0.057870011776685715,16.581184895833335,-2.8766276836395264,5.351888179779053,0.03502604166666667,0.07148903608322144,3.35097074508667,3.35097074508667,2.5624167919158936,1.413430094718933,0.8480581045150757,5.351888179779053,0.6749950647354126,0.16874876618385315
255,8.5,-10.899999999999999,3.356696844100952,86,-0.002979888580739498,-0.044638387858867645,0.044737737625837326,17.7279296875,1.1467448472976685,4.526692867279053,0.03229166666666667,0.05277688801288605,2.2165653705596924,2.2165653705596924,2.9945969581604004,1.7907863855361938,1.0744718313217163,4.526692867279053,0.2626391053199768,0.0656597763299942
258,8.6,-10.799999999999999,1.80196213722229,132,-0.009750677272677422,-0.022176986560225487,0.024225903674960136,17.279817708333333,-0.44811198115348816,3.4869141578674316,0.019270833333333334,0.02345971390604973,0.4392409324645996,0.4392409324645996,3.544809103012085,2.2712018489837646,1.3627212047576904,3.4869141578674316,0.0,0.0
261,8.7,-10.7,1.4734373092651367,150,-0.001533151138573885,0.00573599711060524,0.005937357433140278,15.850846354166666,-1.4289714097976685,4.242252826690674,0.023502604166666666,0.029097463935613632,0.7810239195823669,0.7810239195823669,2.2078170776367188,1.1038129329681396,0.6622877717018127,4.242252826690674,0.12050241231918335,0.030125603079795837
264,8.8,-10.599999999999998,0.628005862236023,195,-0.009249788708984852,-0.0034939399920403957,0.009887679480016232,15.624869791666667,-0.22597655653953552,3.885221242904663,0.023763020833333332,0.012030720710754395,0.0,0.0,2.1423795223236084,1.0466763973236084,0.628005862236023,3.885221242904663,0.0,0.0
267,8.9,-10.499999999999998,3.4060890674591064,85,0.03371851146221161,-0.043040931224823,0.05467595160007477,18.634830729166666,3.009960889816284,4.564518451690674,0.029752604166666665,0.05839725211262703,2.5572946071624756,2.5572946071624756,2.4294705390930176,1.2973487377166748,0.7784093022346497,4.564518451690674,0.2815408408641815,0.07038521021604538
270,9.0,-10.399999999999999,2.775784492492676,103,0.005288709420710802,-0.006439588963985443,0.008332991972565651,19.092122395833332,0.4572916626930237,3.4859375953674316,0.024088541666666668,0.04634557291865349,1.8266733884811401,1.8266733884811401,2.755307674407959,1.5818519592285156,0.9491112232208252,3.4859375953674316,0.0,0.0
273,9.1,-10.299999999999999,0.28982019424438477,235,0.0014389745192602277,-0.014834051951766014,0.01490368228405714,18.268229166666668,-0.8238932490348816,3.0518879890441895,0.016861979166666666,0.009235121309757233,0.0,0.0,1.496848464012146,0.4830336570739746,0.28982019424438477,3.0518879890441895,0.0,0.0
276,9.2,-10.2,0.15560100972652435,246,0.004418923519551754,-0.008283369243144989,0.009388349018990993,16.3244140625,-1.9438151121139526,3.7918620109558105,0.024609375,0.007196634076535702,0.0,0.0,1.240649938583374,0.2593350112438202,0.15560100972652435,3.7918620109558105,0.0,0.0
279,9.3,-10.099999999999998,0.44577932357788086,216,-0.0037644705735147,-0.012810122221708298,0.013351796194911003,15.743489583333334,-0.5809244513511658,3.5731120109558105,0.019010416666666665,0.009351974353194237,0.0,0.0,1.7945443391799927,0.7429655194282532,0.44577932357788086,3.5731120109558105,0.0,0.0
282,9.4,-9.999999999999998,0.4016430377960205,221,-0.00046418458805419505,-0.007917932234704494,0.007931526750326157,17.420768229166665,1.6772786378860474,4.204492092132568,0.03606770833333333,0.005901305936276913,0.0,0.0,1.6617971658706665,0.6270579099655151,0.376234769821167,4.204492092132568,0.10163310170173645,0.025408275425434113
285,9.5,-9.899999999999999,0.36188915371894836,225,-0.003674721345305443,-0.016540996730327606,0.016944266855716705,16.230143229166668,-1.1906249523162842,3.240234375,0.017513020833333334,0.009201346896588802,0.0,0.0,1.6344141960144043,0.6031485795974731,0.36188915371894836,3.240234375,0.0,0.0
288,9.6,-9.799999999999999,0.32734614610671997,230,-0.0023862626403570175,-0.016786789521574974,0.016955547034740448,15.864908854166666,-0.365234375,3.1285157203674316,0.018489583333333334,0.001311693573370576,0.0,0.0,1.5684782266616821,0.5455768704414368,0.32734614610671997,3.1285157203674316,0.0,0.0
291,9.7,-9.7,0.3855159282684326,222,-0.004227554891258478,-0.010346891358494759,0.011177225969731808,15.747721354166666,-0.1171875,3.5244791507720947,0.024348958333333334,0.006697958335280418,0.0,0.0,1.6795130968093872,0.6425265073776245,0.3855159282684326,3.5244791507720947,0.0,0.0
294,9.8,-9.599999999999998,0.48806288838386536,210,0.0056875464506447315,-0.007723639719188213,0.009591808542609215,16.625455729166667,0.877734363079071,3.2489583492279053,0.021354166666666667,0.010256250388920307,0.0,0.0,1.8752554655075073,0.8134381175041199,0.48806288838386536,3.2489583492279053,0.0,0.0
297,9.9,-9.499999999999998,0.6728885173797607,191,0.0033795833587646484,-0.012660861946642399,0.013104159384965897,16.899283854166665,0.2738281190395355,3.0690104961395264,0.019921875,0.005450032651424408,0.0,0.0,2.2280519008636475,1.1214808225631714,0.6728885173797607,3.0690104961395264,0.0,0.0
300,10.0,-9.399999999999999,1.5710151195526123,145,-0.0013631164329126477,-0.03881070017814636,0.03883463144302368,16.972721354166666,0.07343749701976776,3.2830729484558105,0.020442708333333334,0.026576442644000053,0.6281895041465759,0.6281895041465759,2.743309736251831,1.571376085281372,0.9428256750106812,3.2830729484558105,0.0,0.0
303,10.1,-9.299999999999999,1.0207692384719849,168,0.005815271753817797,-0.04031025618314743,0.040727559477090836,16.368684895833333,-0.6040364503860474,3.5250000953674316,0.022330729166666667,0.007333343382924795,0.0,0.0,2.8920888900756836,1.7012819051742554,1.0207692384719849,3.5250000953674316,0.0,0.0
306,10.2,-9.2,3.8349530696868896,76,0.02186061441898346,-0.09962062537670135,0.1019909605383873,15.717643229166667,-0.6510416865348816,3.639843702316284,0.020963541666666665,0.061442434787750244,2.741905450820923,2.741905450820923,3.0300543308258057,1.8217458724975586,1.0930476188659668,3.639843702316284,0.0,0.0
309,10.3,-9.099999999999998,3.3104255199432373,88,0.022302348166704178,-0.050357408821582794,0.05507507175207138,17.433984375,1.7163411378860474,4.191080570220947,0.0298828125,0.04926519840955734,2.0036725997924805,2.0036725997924805,3.3926751613616943,2.13836669921875,1.28302001953125,4.191080570220947,0.09493127465248108,0.02373281866312027
312,10.4,-8.999999999999998,1.2356593608856201,158,0.03673915937542915,-0.03754230961203575,0.05252800136804581,18.9966796875,1.5626952648162842,3.954361915588379,0.026953125,0.019304100424051285,0.18731099367141724,0.18731099367141724,2.944732189178467,1.7472472190856934,1.0483484268188477,3.954361915588379,0.0,0.0
315,10.5,-8.899999999999999,2.0441651344299316,126,0.04205353558063507,-0.05021633580327034,0.06549946963787079,19.290299479166666,0.2936197817325592,4.405077934265137,0.03567708333333333,0.013743126764893532,0.0,0.0,4.749222755432129,3.3228304386138916,1.9936983585357666,4.405077934265137,0.2018672674894333,0.05046681687235832
318,10.6,-8.799999999999999,3.04062819480896,96,-0.009389542043209076,-0.04294373840093613,0.04395825415849686,17.405338541666666,-1.8849608898162842,4.228059768676758,0.03411458333333333,0.05195460468530655,2.166715145111084,2.166715145111084,2.5576493740081787,1.409267544746399,0.8455605506896973,4.228059768676758,0.11341004073619843,0.028352510184049606
321,10.7,-8.7,0.892789363861084,176,0.004666205961257219,-0.038705162703990936,0.03898542374372482,19.318684895833332,1.9133464097976685,4.228059768676758,0.026432291666666666,0.014680924825370312,0.0,0.0,2.5936806201934814,1.4407280683517456,0.8644368648529053,4.228059768676758,0.11341004073619843,0.028352510184049606
324,10.8,-8.599999999999998,2.208526611328125,121,0.008210768923163414,0.0006973923882469535,0.008240332826972008,18.5521484375,-0.7665364742279053,3.6605467796325684,0.0244140625,0.03956166282296181,1.415405511856079,1.415405511856079,2.457552909851074,1.321868658065796,0.7931212186813354,3.6605467796325684,0.0,0.0
327,10.9,-8.499999999999998,0.8112728595733643,182,0.018178898841142654,-0.0076944646425545216,0.019740242511034012,19.1232421875,0.571093738079071,3.011458396911621,0.0169921875,0.013030230067670345,0.0,0.0,2.4922008514404297,1.352121353149414,0.8112728595733643,3.011458396911621,0.0,0.0
330,11.0,-8.399999999999999,0.9569944739341736,172,0.019135380163788795,-0.0008976683020591736,0.019156424328684807,20.057942708333332,0.9347005486488342,3.7548828125,0.026888020833333335,0.006863766815513372,0.0,0.0,2.770355224609375,1.5949907302856445,0.9569944739341736,3.7548828125,0.0,0.0
333,11.1,-8.299999999999999,9.554244041442871,32,0.01686839386820793,-0.14479029178619385,0.14576958119869232,20.353580729166666,0.2956380248069763,4.0751953125,0.030338541666666666,0.1439104676246643,7.741447925567627,7.741447925567627,4.3862481117248535,3.0059006214141846,1.8035404682159424,4.0751953125,0.03702258691191673,0.009255646727979183
336,11.2,-8.2,10.210533142089844,25,0.10511962324380875,-0.015364071354269981,0.10623648017644882,22.3041015625,1.9505208730697632,5.458073139190674,0.046484375,0.15665066242218018,8.513809204101562,8.513809204101562,3.8349244594573975,2.52451491355896,1.5147089958190918,5.458073139190674,0.7280564308166504,0.1820141077041626
339,11.3,-8.099999999999998,8.867337226867676,42,0.13030347228050232,-0.13849899172782898,0.1901603639125824,27.247005208333334,4.942903518676758,7.050455570220947,0.0583984375,0.12568385899066925,6.636477947235107,6.636477947235107,4.474766254425049,3.0831899642944336,1.8499140739440918,7.050455570220947,1.5237812995910645,0.3809453248977661
342,11.4,-7.999999999999998,10.21227741241455,24,0.2208961546421051,-0.23806525766849518,0.3247617185115814,34.290950520833334,7.0439453125,10.583398818969727,0.14479166666666668,0.1346123069524765,7.177756309509277,7.177756309509277,5.1663312911987305,3.6870267391204834,2.2122161388397217,10.583398818969727,3.289217948913574,0.8223044872283936
345,11.5,-7.899999999999999,13.280229568481445,1,-0.028867270797491074,-0.05309959128499031,0.060439109802246094,46.20885416666667,11.917903900146484,15.706315040588379,0.21080729166666667,0.3107958436012268,10.0,10.0,4.41372537612915,3.0298924446105957,1.817935585975647,15.706315040588379,5.849175453186035,1.4622938632965088
348,11.6,-7.799999999999999,11.969902038574219,7,0.14293402433395386,-0.15621522068977356,0.21173882484436035,41.25826822916667,-4.950585842132568,9.304883003234863,0.1181640625,0.20037095248699188,10.0,10.0,3.439056634902954,2.1788644790649414,1.3073186874389648,9.304883003234863,2.650334596633911,0.6625836491584778
351,11.7,-7.699999999999999,10.410014152526855,20,0.002217120723798871,-0.08199726045131683,0.08202722668647766,36.8712890625,-4.386979103088379,8.843489646911621,0.11041666666666666,0.15908977389335632,8.661678314208984,8.661678314208984,3.126152276992798,1.9056533575057983,1.1433920860290527,8.843489646911621,2.4197731018066406,0.6049432754516602
354,11.8,-7.599999999999998,3.6125123500823975,81,0.06856001913547516,-0.07841210067272186,0.10415821522474289,35.32337239583333,-1.5479166507720947,5.064192771911621,0.023893229166666665,0.06643969565629959,3.0448594093322754,3.0448594093322754,1.7736726999282837,0.7247415781021118,0.434844970703125,5.064192771911621,0.5312316417694092,0.1328079104423523
357,11.9,-7.499999999999998,1.7265706062316895,136,0.0592576265335083,-0.04241272807121277,0.0728718489408493,32.313151041666664,-3.010221242904663,4.6962890625,0.029622395833333332,0.03718184307217598,1.2711313962936401,1.2711313962936401,1.6472091674804688,0.6143204569816589,0.3685922920703888,4.6962890625,0.34738755226135254,0.08684688806533813
360,12.0,-7.399999999999999,3.507021427154541,82,0.00420534098520875,-0.014635702595114708,0.015227891504764557,26.952994791666665,-5.360156059265137,6.647395610809326,0.031640625,0.061662930995225906,2.7552731037139893,2.7552731037139893,1.7475428581237793,0.7019264101982117,0.4211558699607849,6.647395610809326,1.3223693370819092,0.3305923342704773
363,12.1,-7.299999999999999,0.4386041462421417,217,0.015118153765797615,-0.012460604310035706,0.01959145814180374,24.855338541666665,-2.09765625,4.5018229484558105,0.024869791666666665,0.011127468198537827,0.0,0.0,1.6614469289779663,0.6267520785331726,0.37605127692222595,4.5018229484558105,0.2502114474773407,0.06255286186933517
366,12.2,-7.199999999999999,0.5968650579452515,199,0.006903874687850475,-0.00918591395020485,0.011491062119603157,25.554296875,0.6989583373069763,4.907161235809326,0.023177083333333334,0.008842961862683296,0.0,0.0,1.8668791055679321,0.8061243295669556,0.4836746156215668,4.907161235809326,0.45276185870170593,0.11319046467542648
369,12.3,-7.099999999999998,0.49302178621292114,209,0.005905117839574814,-0.0006410351488739252,0.00593980960547924,23.223307291666668,-2.3309895992279053,3.6212239265441895,0.0158203125,0.00860304944217205,0.0,0.0,1.884721040725708,0.8217029571533203,0.49302178621292114,3.6212239265441895,0.0,0.0
372,12.4,-6.999999999999998,0.7017005085945129,188,0.0037730252370238304,-0.007910925894975662,0.008764614351093769,19.238411458333335,-3.984895944595337,4.8826823234558105,0.026432291666666666,0.007576089818030596,0.0,0.0,2.072826862335205,0.985946774482727,0.591568112373352,4.8826823234558105,0.44052958488464355,0.11013239622116089
375,12.5,-6.899999999999999,0.5552422404289246,203,0.005080690607428551,-0.017382677644491196,0.018109966069459915,19.2369140625,-0.0014973958022892475,3.471158742904663,0.016927083333333332,0.009561593644320965,0.0,0.0,2.0034878253936768,0.9254037141799927,0.5552422404289246,3.471158742904663,0.0,0.0
378,12.6,-6.799999999999999,0.3378125727176666,228,0.005606008693575859,-0.017534760758280754,0.018409105017781258,20.6771484375,1.4402344226837158,3.411328077316284,0.025455729166666666,0.0005468897288665175,0.0,0.0,1.588456630706787,0.5630209445953369,0.3378125727176666,3.411328077316284,0.0,0.0
381,12.7,-6.699999999999999,0.4743358790874481,213,0.011680442839860916,-0.0075542256236076355,0.013910394161939621,20.259244791666667,-0.4179036319255829,2.7745442390441895,0.02109375,0.011683742515742779,0.0,0.0,1.8490532636642456,0.7905597686767578,0.4743358790874481,2.7745442390441895,0.0,0.0
384,12.8,-6.599999999999998,0.16575393080711365,243,0.006295962259173393,-0.015502244234085083,0.01673196628689766,20.088932291666666,-0.17031249403953552,2.65234375,0.016796875,0.00960018951445818,0.0,0.0,1.260029911994934,0.2762565314769745,0.16575393080711365,2.65234375,0.0,0.0
387,12.9,-6.499999999999998,1.5439910888671875,148,0.017314162105321884,-0.0518251471221447,0.05464088171720505,18.080078125,-2.0088541507720947,3.2725260257720947,0.023502604166666666,0.037957265973091125,1.3181406259536743,1.3181406259536743,1.3747425079345703,0.3764173686504364,0.2258504331111908,3.2725260257720947,0.0,0.0
390,13.0,-6.399999999999999,1.0812336206436157,164,0.016081182286143303,-0.02444557659327984,0.02926073595881462,18.6126953125,0.5326172113418579,4.026757717132568,0.0259765625,0.027407318353652954,0.6785604953765869,0.6785604953765869,1.7061461210250854,0.6657810211181641,0.39946863055229187,4.026757717132568,0.01281797606498003,0.0032044940162450075
393,13.1,-6.299999999999999,1.1474881172180176,161,0.004842040594667196,-0.001477856538258493,0.00506255030632019,21.002213541666666,2.3895182609558105,5.089518070220947,0.056380208333333334,0.025570187717676163,0.5671862959861755,0.5671862959861755,1.7917782068252563,0.7405502796173096,0.4443301856517792,5.089518070220947,0.5438868403434753,0.13597171008586884
396,13.2,-6.199999999999999,0.32939475774765015,229,0.009260071441531181,-0.00044198083924129605,0.009270613081753254,21.131640625,0.12942709028720856,2.6959636211395264,0.016276041666666668,0.004537844564765692,0.0,0.0,1.5723886489868164,0.5489912629127502,0.32939475774765015,2.6959636211395264,0.0,0.0
399,13.3,-6.099999999999998,0.2144513875246048,241,0.0035106721334159374,-0.007010327186435461,0.007840249687433243,20.647916666666667,-0.4837239682674408,3.1175780296325684,0.018489583333333334,0.008729190565645695,0.0,0.0,1.3529839515686035,0.357418954372406,0.2144513875246048,3.1175780296325684,0.0,0.0
402,13.4,-5.999999999999998,0.4084639251232147,220,0.001251318259164691,-0.011097274720668793,0.011167600750923157,20.726171875,0.07825520634651184,3.9151041507720947,0.025651041666666666,0.004669884219765663,0.0,0.0,1.7233164310455322,0.6807731986045837,0.4084639251232147,3.9151041507720947,0.0,0.0
405,13.5,-5.899999999999999,0.593701958656311,200,0.006110708229243755,-0.021718338131904602,0.022561626508831978,22.072721354166667,1.3465495109558105,3.5582683086395264,0.026627604166666666,0.01167992502450943,0.0,0.0,2.076900005340576,0.9895032048225403,0.593701958656311,3.5582683086395264,0.0,0.0
408,13.6,-5.799999999999999,0.8781493306159973,179,0.0015278900973498821,-0.01371743530035019,0.013802263885736465,25.636458333333334,3.563736915588379,5.370377540588379,0.0482421875,0.009220448322594166,0.0,0.0,2.293337345123291,1.178484559059143,0.7070907354354858,5.370377540588379,0.6842343211174011,0.17105858027935028
411,13.7,-5.699999999999999,1.5159595012664795,149,0.008666599169373512,-0.005067699588835239,0.0100394980981946,33.11966145833333,7.483202934265137,9.208203315734863,0.10774739583333333,0.011215128004550934,0.0,0.0,2.5956215858459473,1.4424227476119995,0.8654536604881287,9.208203315734863,2.602023124694824,0.650505781173706
414,13.8,-5.599999999999998,1.0073621273040771,171,0.0030663153156638145,-0.018619569018483162,0.018870363011956215,33.31171875,0.1920572966337204,5.416796684265137,0.06197916666666667,0.014663435518741608,0.0,0.0,2.5289103984832764,1.3841742277145386,0.8305045962333679,5.416796684265137,0.7074303030967712,0.1768575757741928
417,13.9,-5.499999999999998,1.2838668823242188,155,0.001371987396851182,-0.030408713966608047,0.030439648777246475,35.44654947916667,2.1348307132720947,6.099413871765137,0.06334635416666666,0.011910276487469673,0.0,0.0,2.8939268589019775,1.702886700630188,1.0217320919036865,6.099413871765137,1.0485389232635498,0.26213473081588745
420,14.0,-5.399999999999999,10.260817527770996,23,0.004529887810349464,-0.1909349113702774,0.19098864495754242,38.2958984375,2.849349021911621,6.500911235809326,0.06985677083333333,0.16055725514888763,8.750642776489258,8.750642776489258,3.2301650047302246,1.996471643447876,1.1978830099105835,6.500911235809326,1.2491700649261475,0.31229251623153687
423,14.1,-5.299999999999999,3.9832921028137207,73,0.0021926402114331722,-0.1365918219089508,0.13660942018032074,39.88990885416667,1.5940104722976685,5.949479103088379,0.06139322916666667,0.05439332500100136,2.3145604133605957,2.3145604133605957,3.6643128395080566,2.3755459785461426,1.4253276586532593,5.949479103088379,0.9736154675483704,0.2434038668870926
426,14.2,-5.199999999999999,6.153163433074951,50,0.0025773397646844387,-0.05290874093770981,0.052971478551626205,42.481640625,2.5917317867279053,7.020117282867432,0.0748046875,0.08368396759033203,4.09027624130249,4.09027624130249,4.161374092102051,2.8095529079437256,1.6857317686080933,7.020117282867432,1.5086209774017334,0.37715524435043335
429,14.3,-5.099999999999998,3.275712013244629,89,-0.012069419026374817,-0.014202753081917763,0.018638376146554947,40.50598958333333,-1.9756510257720947,7.286849021911621,0.08528645833333333,0.04138455167412758,1.525916337966919,1.525916337966919,3.5001380443573,2.2321975231170654,1.3393185138702393,7.286849021911621,1.6419087648391724,0.4104771912097931
432,14.4,-4.999999999999998,4.912764549255371,56,0.0016383463516831398,-0.08407637476921082,0.08409233391284943,36.90748697916667,-3.5985026359558105,6.960351467132568,0.07180989583333333,0.0712055191397667,3.33378267288208,3.33378267288208,3.251944065093994,2.0154879093170166,1.2092927694320679,6.960351467132568,1.4787555932998657,0.36968889832496643
435,14.5,-4.899999999999999,3.8790359497070312,75,0.0005065551958978176,-0.13389833271503448,0.13389930129051208,33.4078125,-3.4996745586395264,6.8192057609558105,0.08111979166666666,0.04983481392264366,2.038205146789551,2.038205146789551,3.785421371459961,2.4812912940979004,1.4887747764587402,6.8192057609558105,1.408224105834961,0.35205602645874023
438,14.6,-4.799999999999999,4.381112098693848,64,0.0020989375188946724,-0.07759006321430206,0.07761844992637634,33.162174479166666,-0.24563802778720856,5.794335842132568,0.0541015625,0.05633078143000603,2.4320168495178223,2.4320168495178223,4.236468315124512,2.8751211166381836,1.7250727415084839,5.794335842132568,0.8960893154144287,0.22402232885360718
441,14.7,-4.699999999999999,11.130929946899414,15,0.05295207351446152,-0.22959890961647034,0.23562593758106232,32.982096354166664,-0.18007811903953552,6.020703315734863,0.055924479166666666,0.16028952598571777,8.73441219329834,8.73441219329834,5.036530494689941,3.5736918449401855,2.1442151069641113,6.020703315734863,1.009206771850586,0.2523016929626465
444,14.8,-4.599999999999998,6.487390041351318,48,-0.037495896220207214,-0.227533757686615,0.23060259222984314,32.22890625,-0.7531901001930237,6.620507717132568,0.06328125,0.0904715433716774,4.501766204833984,4.501766204833984,4.109184741973877,2.763983964920044,1.6583904027938843,6.620507717132568,1.3089332580566406,0.32723331451416016
447,14.9,-4.499999999999998,6.994489669799805,47,-0.10634097456932068,-0.16122302412986755,0.1931353509426117,30.359440104166666,-1.8694661855697632,7.0655598640441895,0.06731770833333334,0.095586396753788,4.811849117279053,4.811849117279053,4.379124164581299,2.999680519104004,1.799808382987976,7.0655598640441895,1.5313289165496826,0.38283222913742065
450,15.0,-4.399999999999999,4.265965461730957,67,-0.07224837690591812,-0.1043844223022461,0.1269485503435135,28.42734375,-1.9320963621139526,5.505924701690674,0.053971354166666666,0.06627919524908066,3.0351293087005615,3.0351293087005615,2.934225082397461,1.7380729913711548,1.0428438186645508,5.505924701690674,0.7519682049751282,0.18799205124378204
453,15.1,-4.299999999999999,4.855104923248291,59,-6.964226486161351e-05,-0.12531089782714844,0.12531092762947083,26.871028645833334,-1.5563150644302368,5.1240234375,0.0439453125,0.07515109330415726,3.572979211807251,3.572979211807251,3.1231963634490967,1.903072476387024,1.141843557357788,5.1240234375,0.5611294507980347,0.14028236269950867
456,15.2,-4.199999999999999,3.7132880687713623,79,-0.015832316130399704,-0.06168360635638237,0.06368304044008255,23.728190104166668,-3.142838478088379,5.645312309265137,0.039322916666666666,0.06555069237947464,2.990964412689209,2.990964412689209,1.9303350448608398,0.861530601978302,0.5169183611869812,5.645312309265137,0.8216211795806885,0.20540529489517212
459,15.3,-4.099999999999998,1.649173617362976,141,-0.011024972423911095,-0.09596990048885345,0.09660109132528305,24.054947916666666,0.3267578184604645,5.2451171875,0.03756510416666667,0.034621674567461014,1.1159236431121826,1.1159236431121826,1.6648609638214111,0.6297330260276794,0.3778398334980011,5.2451171875,0.6216408610343933,0.15541021525859833
462,15.4,-3.9999999999999982,3.32814621925354,87,-0.013067524880170822,-0.036318033933639526,0.03859740495681763,25.526432291666666,1.4714844226837158,4.585026264190674,0.03274739583333333,0.059686824679374695,2.6354732513427734,2.6354732513427734,2.1265740394592285,1.032875895500183,0.6197255849838257,4.585026264190674,0.2917887270450592,0.0729471817612648
465,15.5,-3.8999999999999986,0.930568516254425,173,-0.015141576528549194,-0.04693125933408737,0.049313392490148544,27.27109375,1.7446614503860474,4.701692581176758,0.0427734375,0.010813984088599682,0.0,0.0,2.5528507232666016,1.405077576637268,0.8430466055870056,4.701692581176758,0.3500877022743225,0.08752192556858063
468,15.6,-3.799999999999999,1.802474021911621,131,0.003806294873356819,-0.017193276435136795,0.01760956086218357,27.753450520833333,0.4823567569255829,4.714518070220947,0.0408203125,0.03526144474744797,1.1547091007232666,1.1547091007232666,2.009974718093872,0.931067705154419,0.5586406588554382,4.714518070220947,0.3564966917037964,0.0891241729259491
471,15.7,-3.6999999999999993,2.7397940158843994,106,-0.037171557545661926,-0.0015332391485571861,0.037203166633844376,24.9142578125,-2.8391926288604736,6.3673176765441895,0.06419270833333333,0.04386822134256363,1.6764863729476929,1.6764863729476929,2.4090375900268555,1.2795077562332153,0.7677046656608582,6.3673176765441895,1.1824123859405518,0.29560309648513794
474,15.8,-3.599999999999998,1.364113450050354,153,-0.033753640949726105,-0.015281036496162415,0.03705156221985817,27.540169270833335,2.6259114742279053,6.706380367279053,0.07259114583333333,0.014166301116347313,0.0,0.0,2.9023642539978027,1.7102538347244263,1.0261523723602295,6.706380367279053,1.3518444299697876,0.3379611074924469
477,15.9,-3.4999999999999982,2.458709239959717,112,-0.00680150231346488,-0.043018195778131485,0.04355256259441376,30.534700520833333,2.9945311546325684,5.777864456176758,0.052083333333333336,0.038675155490636826,1.3616619110107422,1.3616619110107422,2.614001750946045,1.4584712982177734,0.875082790851593,5.777864456176758,0.8878584504127502,0.22196461260318756
480,16.0,-3.3999999999999986,10.855754852294922,18,-0.21526551246643066,-0.13412930071353912,0.25363340973854065,31.537565104166667,1.0028645992279053,4.553385257720947,0.050065104166666666,0.2275048941373825,10.0,10.0,2.445411205291748,1.3112672567367554,0.7867603898048401,4.553385257720947,0.2759774923324585,0.06899437308311462
483,16.1,-3.299999999999997,8.404221534729004,43,-0.0850587785243988,-0.08169029653072357,0.11793345957994461,28.319205729166665,-3.2183594703674316,6.322525978088379,0.06328125,0.14036966860294342,7.526790618896484,7.526790618896484,2.064915895462036,0.9790393710136414,0.5874236226081848,6.322525978088379,1.160029649734497,0.29000741243362427
486,16.2,-3.1999999999999993,4.901871204376221,57,-0.0026725849602371454,-0.06828013062477112,0.06833241134881973,30.056770833333335,1.7375651597976685,5.879362106323242,0.047526041666666664,0.08347046375274658,4.077332973480225,4.077332973480225,2.0696310997009277,0.9831564426422119,0.5898938775062561,5.879362106323242,0.9385775327682495,0.23464438319206238
489,16.3,-3.099999999999998,1.3399302959442139,154,-0.02624007873237133,-0.06967860460281372,0.07445568591356277,33.7408203125,3.684049367904663,5.377539157867432,0.051041666666666666,0.023608949035406113,0.4482881724834442,0.4482881724834442,2.317384719848633,1.19948148727417,0.719688892364502,5.377539157867432,0.6878130435943604,0.1719532608985901
492,16.4,-3.0,2.765448808670044,104,-0.016834154725074768,-0.020726364105939865,0.026701515540480614,34.873828125,1.1330077648162842,4.2724609375,0.043294270833333336,0.04984769970178604,2.0389862060546875,2.0389862060546875,2.2656073570251465,1.154272198677063,0.6925633549690247,4.2724609375,0.1355976164340973,0.03389940410852432
495,16.5,-2.8999999999999986,1.6889256238937378,137,-0.013413388282060623,-0.05185653641819954,0.05356322601437569,35.332421875,0.4585937559604645,4.144921779632568,0.04283854166666667,0.03131755441427231,0.9156147241592407,0.9156147241592407,2.385444402694702,1.258907437324524,0.7553445100784302,4.144921779632568,0.07186539471149445,0.01796634867787361
498,16.6,-2.799999999999997,1.7879347801208496,134,-0.017176378518342972,-0.022208303213119507,0.028075553476810455,34.7033203125,-0.629101574420929,5.045507907867432,0.048177083333333336,0.02988608181476593,0.8288331031799316,0.8288331031799316,2.5253283977508545,1.3810465335845947,0.8286279439926147,5.045507907867432,0.5218946933746338,0.13047367334365845
501,16.7,-2.6999999999999993,2.2783989906311035,117,-0.021236076951026917,0.015438472852110863,0.02625485509634018,33.36276041666667,-1.3405598402023315,5.670638084411621,0.0431640625,0.037865038961172104,1.3125494718551636,1.3125494718551636,2.3891398906707764,1.2621341943740845,0.7572805285453796,5.670638084411621,0.8342766761779785,0.20856916904449463
504,16.8,-2.599999999999998,1.603089451789856,144,-0.015187082812190056,-0.00473206490278244,0.015907227993011475,38.87819010416667,5.515429496765137,7.8758463859558105,0.094921875,0.021058037877082825,0.29364171624183655,0.29364171624183655,2.5191457271575928,1.3756482601165771,0.8253889679908752,7.8758463859558105,1.936234951019287,0.4840587377548218
507,16.9,-2.5,10.829954147338867,19,-0.20430321991443634,0.0120648592710495,0.20465914905071259,39.87317708333333,0.9949869513511658,4.550325393676758,0.04576822916666667,0.18986059725284576,10.0,10.0,2.396892786026001,1.2689036130905151,0.7613422274589539,4.550325393676758,0.2744484543800354,0.06861211359500885
510,17.0,-2.3999999999999986,2.418942928314209,113,-0.16360439360141754,0.01090896688401699,0.16396768391132355,38.953125,-0.9200521111488342,5.036849021911621,0.05611979166666667,0.040715236216783524,1.4853397607803345,1.4853397607803345,2.4787216186523438,1.3403520584106445,0.8042112588882446,5.036849021911621,0.5175677537918091,0.12939193844795227
513,17.1,-2.299999999999997,8.89247989654541,41,-0.275769978761673,-0.08270233869552612,0.2879040837287903,39.28561197916667,0.33248698711395264,5.473372459411621,0.05390625,0.14609652757644653,7.87397575378418,7.87397575378418,2.536686658859253,1.3909640312194824,0.8345784544944763,5.473372459411621,0.7357016205787659,0.18392540514469147
516,17.2,-2.1999999999999993,9.774200439453125,31,-0.11742353439331055,-0.13254007697105408,0.1770738810300827,41.41041666666667,2.124804735183716,5.9444661140441895,0.04869791666666667,0.1660042107105255,9.080859184265137,9.080859184265137,1.8036754131317139,0.7509382963180542,0.450562983751297,5.9444661140441895,0.971110463142395,0.24277761578559875
519,17.3,-2.099999999999998,4.374673366546631,65,-0.042139437049627304,-0.09885405004024506,0.10746094584465027,42.17604166666667,0.765625,4.766406059265137,0.04388020833333333,0.08247692883014679,4.017100811004639,4.017100811004639,1.4436802864074707,0.43661007285118103,0.2619660496711731,4.766406059265137,0.3824254870414734,0.09560637176036835
522,17.4,-2.0,1.6582987308502197,139,-0.04607301950454712,-0.05964928865432739,0.07537081837654114,41.398046875,-0.7779948115348816,4.316015720367432,0.04055989583333333,0.03940160572528839,1.4057022333145142,1.4057022333145142,1.3507020473480225,0.35542652010917664,0.21325592696666718,4.316015720367432,0.15736225247383118,0.039340563118457794
525,17.5,-1.8999999999999986,0.8576310873031616,180,-0.0309268981218338,-0.07803979516029358,0.08394452184438705,39.873958333333334,-1.5240885019302368,4.909245014190674,0.052018229166666666,0.02382468804717064,0.461367130279541,0.461367130279541,1.4834734201431274,0.47135528922080994,0.2828131914138794,4.909245014190674,0.453803151845932,0.113450787961483
528,17.6,-1.7999999999999972,10.277593612670898,22,-0.04172453284263611,-0.30385857820510864,0.3067099153995514,39.93014322916667,0.05618489533662796,4.5499348640441895,0.040299479166666666,0.22607679665088654,10.0,10.0,1.342636227607727,0.34838390350341797,0.20903034508228302,4.5499348640441895,0.27425330877304077,0.06856332719326019
531,17.7,-1.6999999999999993,10.347710609436035,21,-0.002970208413898945,-0.046058349311351776,0.046154022216796875,41.30091145833333,1.3707681894302368,4.691210746765137,0.0484375,0.2606968581676483,10.0,10.0,1.4427872896194458,0.43583035469055176,0.26149821281433105,4.691210746765137,0.3448498547077179,0.08621246367692947
534,17.8,-1.5999999999999979,3.211069107055664,92,-0.015399301424622536,0.01719147339463234,0.023079974576830864,39.3857421875,-1.9151692390441895,4.2392578125,0.034505208333333336,0.06445946544408798,2.9248099327087402,2.9248099327087402,1.4332610368728638,0.4275125563144684,0.25650754570961,4.2392578125,0.11900578439235687,0.029751446098089218
537,17.9,-1.5,0.4216958284378052,218,-0.0023693337570875883,0.001876978436484933,0.0030227124225348234,38.967447916666664,-0.4182942807674408,3.234179735183716,0.030533854166666666,0.020107556134462357,0.23601970076560974,0.23601970076560974,1.2980575561523438,0.30946022272109985,0.18567614257335663,3.234179735183716,0.0,0.0
540,18.0,-1.3999999999999986,1.8783783912658691,130,-0.03460206836462021,-0.02671073004603386,0.0437123142182827,38.150325520833334,-0.8171223998069763,4.259961128234863,0.040234375,0.043083712458610535,1.6289262771606445,1.6289262771606445,1.3580666780471802,0.36185693740844727,0.2171141654253006,4.259961128234863,0.12935137748718262,0.032337844371795654
543,18.1,-1.2999999999999972,2.6194143295288086,108,-0.014073153957724571,-0.07419265806674957,0.07551559060811996,41.669270833333336,3.5189452171325684,5.7413411140441895,0.04296875,0.051729775965213776,2.153085231781006,2.153085231781006,1.4187917709350586,0.414878785610199,0.2489272803068161,5.7413411140441895,0.8696074485778809,0.21740186214447021
546,18.2,-1.1999999999999993,2.487251043319702,111,-0.002336548175662756,-0.02668541669845581,0.026787513867020607,40.4908203125,-1.1784504652023315,4.588216304779053,0.04205729166666667,0.048935528844594955,1.983686923980713,1.983686923980713,1.7648415565490723,0.7170307040214539,0.4302184283733368,4.588216304779053,0.29338282346725464,0.07334570586681366
549,18.3,-1.0999999999999979,0.9100008010864258,174,-0.013563541695475578,-0.0024166307412087917,0.01377714704722166,39.043880208333334,-1.4469400644302368,4.089257717132568,0.03893229166666667,0.02673984505236149,0.6380956172943115,0.6380956172943115,1.441631555557251,0.4348212480545044,0.26089274883270264,4.089257717132568,0.044049669057130814,0.011012417264282703
552,18.4,-1.0,1.014129638671875,169,-0.0027569755911827087,-0.02903577871620655,0.02916637435555458,38.14309895833333,-0.9007812738418579,3.9881510734558105,0.03893229166666667,0.028729094192385674,0.7586918473243713,0.7586918473243713,1.431219220161438,0.42572975158691406,0.25543785095214844,3.9881510734558105,0.0,0.0
555,18.5,-0.8999999999999986,2.270602226257324,118,-0.01458495669066906,-0.0769037976861,0.07827461510896683,39.03854166666667,0.8954427242279053,4.236067771911621,0.03990885416666667,0.0493076927959919,2.006248950958252,2.006248950958252,1.3922079801559448,0.3916672468185425,0.2350003570318222,4.236067771911621,0.11741169542074203,0.02935292385518551
558,18.6,-0.7999999999999972,2.268301010131836,119,0.0011355830356478691,-0.11686812341213226,0.11687364429235458,39.773372395833334,0.7348307371139526,5.457226753234863,0.05950520833333333,0.04294511303305626,1.6205238103866577,1.6205238103866577,1.8328912258148193,0.7764479517936707,0.4658688008785248,5.457226753234863,0.7276334762573242,0.18190836906433105
561,18.7,-0.6999999999999993,4.215947151184082,69,0.0031576703768223524,-0.03794504702091217,0.03807620704174042,40.658854166666664,0.8854817748069763,4.933007717132568,0.04928385416666667,0.078948974609375,3.8032219409942627,3.8032219409942627,1.5092287063598633,0.4938434064388275,0.2963060438632965,4.933007717132568,0.46567752957344055,0.11641938239336014
564,18.8,-0.5999999999999979,0.7742989659309387,183,0.0018397532403469086,-0.059143759310245514,0.0591723658144474,41.11959635416667,0.46074217557907104,4.8702473640441895,0.05279947916666667,0.021239640191197395,0.3046511709690094,0.3046511709690094,1.6328483819961548,0.60178142786026,0.36106887459754944,4.8702473640441895,0.4343157410621643,0.10857893526554108
567,18.9,-0.5,4.888470649719238,58,0.0024920348078012466,0.019116763025522232,0.01927850767970085,35.4884765625,-5.631119728088379,8.6640625,0.07779947916666667,0.07826324552297592,3.761650323867798,3.761650323867798,1.9825859069824219,0.907153308391571,0.5442920327186584,8.6640625,2.3301119804382324,0.5825279951095581
570,19.0,-0.3999999999999986,1.2674810886383057,157,-0.01519322395324707,0.029316388070583344,0.03301946073770523,39.220638020833334,3.732161521911621,7.576822757720947,0.057421875,0.020415697246789932,0.2547004520893097,0.2547004520893097,2.0241711139678955,0.9434632062911987,0.5660779476165771,7.576822757720947,1.7868106365203857,0.44670265913009644
573,19.1,-0.29999999999999716,2.7471964359283447,105,-0.007112514227628708,-0.01878351904451847,0.020085031166672707,42.88046875,3.6598308086395264,6.609440326690674,0.0630859375,0.048773955553770065,1.9738917350769043,1.9738917350769043,1.7977406978607178,0.7457564473152161,0.44745388627052307,6.609440326690674,1.3034027814865112,0.3258506953716278
576,19.2,-0.1999999999999993,0.8827303647994995,177,-0.0027623800560832024,0.0013241053093224764,0.003063331125304103,42.087565104166664,-0.7929036617279053,5.334440231323242,0.0564453125,0.020572803914546967,0.2642248868942261,0.2642248868942261,1.8062970638275146,0.7532273530960083,0.45193642377853394,5.334440231323242,0.666276216506958,0.1665690541267395
579,19.3,-0.09999999999999787,11.274124145507812,11,-0.003944141324609518,0.8677330613136292,0.8677420616149902,40.2671875,-1.8203775882720947,7.769596576690674,0.07994791666666666,0.8664097189903259,10.0,10.0,2.477055788040161,1.3388975858688354,0.8033385872840881,7.769596576690674,1.8831411600112915,0.4707852900028229
582,19.4,0.0,10.184330940246582,26,-0.02563582733273506,0.19909420609474182,0.20073789358139038,37.17174479166667,-3.095442771911621,4.795312404632568,0.04596354166666667,0.6689905524253845,10.0,10.0,1.106103539466858,0.141856387257576,0.08511383831501007,4.795312404632568,0.3968701958656311,0.09921754896640778
585,19.5,0.10000000000000142,10.967580795288086,16,0.007071481551975012,-0.8063194751739502,0.8063504695892334,38.72389322916667,1.552148461341858,7.709310054779053,0.07493489583333333,1.0059455633163452,10.0,10.0,1.9063000679016113,0.840544581413269,0.5043267607688904,7.709310054779053,1.8530155420303345,0.4632538855075836
588,19.6,0.20000000000000284,10.148643493652344,27,-0.009144186973571777,0.0032186992466449738,0.009694131091237068,42.74010416666667,4.016211032867432,5.190950393676758,0.03984375,0.809700608253479,10.0,10.0,0.7816570401191711,0.0,0.0,5.190950393676758,0.5945733189582825,0.14864332973957062
591,19.7,0.3000000000000007,10.0,28,-0.04962000250816345,0.3043675422668457,0.3083856999874115,41.651302083333334,-1.0888020992279053,2.57421875,0.019205729166666668,0.3038567304611206,10.0,10.0,0.45817098021507263,0.0,0.0,2.57421875,0.0,0.0
594,19.8,0.40000000000000213,10.0,29,0.018150590360164642,0.0030689884442836046,0.018408222123980522,40.16184895833333,-1.4894530773162842,2.2901041507720947,0.0193359375,0.3088262975215912,10.0,10.0,0.2763451933860779,0.0,0.0,2.2901041507720947,0.0,0.0
597,19.9,0.5,2.8823561668395996,99,-0.0042218733578920364,-0.056636177003383636,0.05679331719875336,40.190494791666666,0.02864583395421505,3.2923176288604736,0.029036458333333334,0.06375918537378311,2.8823561668395996,2.8823561668395996,0.3924245834350586,0.0,0.0,3.2923176288604736,0.0,0.0
600,20.0,0.6000000000000014,2.3057196140289307,115,-0.006841615308076143,-0.002451975829899311,0.007267729379236698,40.283854166666664,0.09335937350988388,2.2574219703674316,0.014322916666666666,0.054247498512268066,2.3057196140289307,2.3057196140289307,0.33368581533432007,0.0,0.0,2.2574219703674316,0.0,0.0
603,20.1,0.7000000000000028,0.055598802864551544,256,0.009810617193579674,0.0015718531794846058,0.009935739450156689,40.699153645833334,0.4152994751930237,1.3212890625,0.0069010416666666664,0.017131492495536804,0.055598802864551544,0.055598802864551544,0.16333696246147156,0.0,0.0,1.3212890625,0.0,0.0
606,20.2,0.8000000000000007,0.0,277,0.004113340750336647,-0.0001689657219685614,0.004116809461265802,40.10234375,-0.5968099236488342,1.1672526597976685,0.0037760416666666667,0.0059572989121079445,0.0,0.0,0.12785670161247253,0.0,0.0,1.1672526597976685,0.0,0.0
609,20.3,0.9000000000000021,0.0,278,-0.0012078001163899899,0.002136005088686943,0.0024538335856050253,37.63294270833333,-2.4694011211395264,3.394010305404663,0.03795572916666667,0.005798916332423687,0.0,0.0,0.25434553623199463,0.0,0.0,3.394010305404663,0.0,0.0
612,20.4,1.0,0.0,279,0.004534230567514896,-0.00048490051995031536,0.004560085013508797,38.497721354166664,0.8647786378860474,3.590299367904663,0.030729166666666665,0.006311898585408926,0.0,0.0,0.6808046102523804,0.0,0.0,3.590299367904663,0.0,0.0
615,20.5,1.1000000000000014,0.011736308224499226,270,-0.0021428121253848076,-0.001461811363697052,0.002593942219391465,40.6201171875,2.1223957538604736,4.095052242279053,0.0390625,0.006748129613697529,0.0,0.0,0.6935499906539917,0.0,0.0,4.095052242279053,0.0469452328979969,0.011736308224499226
618,20.6,1.2000000000000028,0.0,280,-0.0002154781686840579,-0.00039485032903030515,0.0004498195485211909,41.435481770833334,0.8153645992279053,1.7106770277023315,0.013997395833333334,0.002202957635745406,0.0,0.0,0.17742738127708435,0.0,0.0,1.7106770277023315,0.0,0.0
621,20.7,1.3000000000000007,0.0,281,0.0020017954520881176,0.001324760727584362,0.0024004532024264336,41.24928385416667,-0.1861979216337204,1.5535156726837158,0.015625,0.002805951749905944,0.0,0.0,0.1460779905319214,0.0,0.0,1.5535156726837158,0.0,0.0
624,20.8,1.4000000000000021,0.1610221564769745,245,0.0042125144973397255,0.0031962022185325623,0.005287814885377884,37.85078125,-3.3985025882720947,5.2900390625,0.0435546875,0.002896475838497281,0.0,0.0,0.7526834607124329,0.0,0.0,5.2900390625,0.644088625907898,0.1610221564769745
627,20.9,1.5,0.08513890206813812,251,-0.010676167905330658,-7.364230987150222e-05,0.010676422156393528,39.6705078125,1.819726586341858,4.6826171875,0.033463541666666666,0.015243515372276306,0.0,0.0,0.7496346831321716,0.0,0.0,4.6826171875,0.3405556082725525,0.08513890206813812
630,21.0,1.6000000000000014,0.0,282,-0.0004899391205981374,0.000635611591860652,0.0008025225251913071,40.53528645833333,0.8647786378860474,1.8973307609558105,0.015494791666666667,0.010210891254246235,0.0,0.0,0.1680782586336136,0.0,0.0,1.8973307609558105,0.0,0.0
633,21.1,1.7000000000000028,0.0,283,-0.0038399510085582733,0.0007384734926745296,0.0039103152230381966,40.12740885416667,-0.4078775942325592,0.9391276240348816,0.0041015625,0.0033515908289700747,0.0,0.0,0.09928670525550842,0.0,0.0,0.9391276240348816,0.0,0.0
636,21.2,1.8000000000000007,0.0,284,0.0009861508151516318,-0.0004423751379363239,0.001080828020349145,39.10690104166667,-1.0205078125,1.4287109375,0.010221354166666667,0.004968466702848673,0.0,0.0,0.10957912355661392,0.0,0.0,1.4287109375,0.0,0.0
639,21.3,1.9000000000000021,0.0,285,0.004247247241437435,0.0058219898492097855,0.007206571288406849,38.4822265625,-0.6246744990348816,2.2650389671325684,0.015169270833333333,0.007062366232275963,0.0,0.0,0.2669065594673157,0.0,0.0,2.2650389671325684,0.0,0.0
642,21.4,2.0,0.0,286,0.00454133003950119,-0.003282968420535326,0.0056037092581391335,39.5654296875,1.0832030773162842,3.5098958015441895,0.028059895833333334,0.009109705686569214,0.0,0.0,0.41108983755111694,0.0,0.0,3.5098958015441895,0.0,0.0
645,21.5,2.1000000000000014,0.0,287,0.0006871516816318035,0.0019195908680558205,0.0020388737320899963,41.4654296875,1.899999976158142,2.419661521911621,0.012109375,0.006474667228758335,0.0,0.0,0.3201236426830292,0.0,0.0,2.419661521911621,0.0,0.0
648,21.6,2.200000000000003,0.0,288,0.0018646338721737266,0.0024359398521482944,0.003067680401727557,41.42337239583333,-0.04205729067325592,0.809765636920929,0.0018229166666666667,0.001285721780732274,0.0,0.0,0.1193835511803627,0.0,0.0,0.809765636920929,0.0,0.0
651,21.7,2.3000000000000007,0.11987603455781937,249,-0.004943915642797947,0.008680293336510658,0.009989484213292599,36.95397135416667,-4.469400882720947,4.960677146911621,0.028385416666666666,0.009238414466381073,0.0,0.0,0.4972056448459625,0.0,0.0,4.960677146911621,0.47950413823127747,0.11987603455781937
654,21.8,2.400000000000002,0.3773483335971832,223,0.006075366400182247,0.02355937659740448,0.02433011122047901,38.151302083333334,1.1973307132720947,5.9051432609558105,0.0458984375,0.018515175208449364,0.13948319852352142,0.13948319852352142,0.8797529339790344,0.0,0.0,5.9051432609558105,0.9514605402946472,0.2378651350736618
657,21.9,2.5,2.908714771270752,97,0.0015149570535868406,-0.039626628160476685,0.03965557739138603,40.900065104166664,2.748763084411621,4.384570121765137,0.04446614583333333,0.0633503645658493,2.857571840286255,2.857571840286255,0.9498187303543091,0.00539696728810668,0.0032381804194301367,4.384570121765137,0.1916193664073944,0.0479048416018486
660,22.0,2.6000000000000014,1.2722522020339966,156,0.0009589311666786671,-0.0024304543621838093,0.0026127872988581657,41.11315104166667,0.21308593451976776,0.746289074420929,0.0013020833333333333,0.037200331687927246,1.2722522020339966,1.2722522020339966,0.12418605387210846,0.0,0.0,0.746289074420929,0.0,0.0
663,22.1,2.700000000000003,0.0,289,0.0031345360912382603,0.0022345460020005703,0.003849482163786888,40.070638020833336,-1.0425130128860474,1.2705078125,0.0016927083333333334,0.00514737656340003,0.0,0.0,0.14907380938529968,0.0,0.0,1.2705078125,0.0,0.0
666,22.2,2.8000000000000007,0.0,290,0.0038079009391367435,0.01017127837985754,0.010860709473490715,37.856119791666664,-2.2145183086395264,3.1268880367279053,0.012434895833333333,0.007965246215462685,0.0,0.0,0.3808187246322632,0.0,0.0,3.1268880367279053,0.0,0.0
669,22.3,2.900000000000002,0.0,291,0.0009654349414631724,-0.004648306407034397,0.004747506231069565,36.62063802083333,-1.2354817390441895,3.8409504890441895,0.0236328125,0.015089722350239754,0.0,0.0,0.49926403164863586,0.0,0.0,3.8409504890441895,0.0,0.0
672,22.4,3.0,0.08063310384750366,252,0.004472464323043823,-0.003695471677929163,0.00580167630687356,40.934765625,4.314127445220947,4.646549701690674,0.021940104166666665,0.003634164109826088,0.0,0.0,0.5165063142776489,0.0,0.0,4.646549701690674,0.32253241539001465,0.08063310384750366
675,22.5,3.1000000000000014,0.0,292,-0.001489550224505365,-0.0014360211789608002,0.002069037640467286,41.21705729166667,0.2822916805744171,0.712890625,0.00013020833333333333,0.0063757929019629955,0.0,0.0,0.11229823529720306,0.0,0.0,0.712890625,0.0,0.0
678,22.6,3.200000000000003,0.0,293,-0.000634907279163599,0.003532402217388153,0.0035890070721507072,39.823177083333334,-1.3938802480697632,2.133333444595337,0.016276041666666668,0.005041393451392651,0.0,0.0,0.2715475559234619,0.0,0.0,2.133333444595337,0.0,0.0
681,22.7,3.3000000000000007,0.45062121748924255,214,-0.0065214913338422775,-0.019370635971426964,0.020438967272639275,41.064453125,1.2412760257720947,3.0606770515441895,0.025911458333333335,0.023647433146834373,0.45062121748924255,0.45062121748924255,0.3995707631111145,0.0,0.0,3.0606770515441895,0.0,0.0
684,22.8,3.400000000000002,0.3442889153957367,226,0.0020851357840001583,-0.039501458406448364,0.03955645114183426,41.419921875,0.35546875,2.278125047683716,0.013216145833333333,0.021893469616770744,0.3442889153957367,0.3442889153957367,0.320096492767334,0.0,0.0,2.278125047683716,0.0,0.0
687,22.9,3.5,0.3396623432636261,227,-0.002137992763891816,-0.018096942454576492,0.01822279766201973,42.245768229166664,0.8258463740348816,1.6124348640441895,0.0087890625,0.021817153319716454,0.3396623432636261,0.3396623432636261,0.29295778274536133,0.0,0.0,1.6124348640441895,0.0,0.0
690,23.0,3.6000000000000014,0.0,294,0.004125532228499651,-0.014709878712892532,0.015277452766895294,41.60462239583333,-0.6411458253860474,1.78515625,0.009765625,0.00712067075073719,0.0,0.0,0.3148472011089325,0.0,0.0,1.78515625,0.0,0.0
693,23.1,3.700000000000003,0.4812382757663727,211,0.019268851727247238,0.004105578176677227,0.019701382145285606,38.2716796875,-3.3329427242279053,3.941927194595337,0.04108072916666667,0.024152465164661407,0.4812382757663727,0.4812382757663727,0.47714996337890625,0.0,0.0,3.941927194595337,0.0,0.0
696,23.2,3.8000000000000007,0.0,295,0.017961889505386353,0.002660416066646576,0.018157843500375748,38.95924479166667,0.6875650882720947,3.9703776836395264,0.03424479166666667,0.0019484978402033448,0.0,0.0,0.627958357334137,0.0,0.0,3.9703776836395264,0.0,0.0
699,23.3,3.900000000000002,1.1032453775405884,163,-0.0001743650936987251,-0.024318724870681763,0.024319348856806755,42.205989583333334,3.2467448711395264,4.925130367279053,0.051497395833333334,0.032508425414562225,0.9878100752830505,0.9878100752830505,0.6451913714408875,0.0,0.0,4.925130367279053,0.4617411494255066,0.11543528735637665
702,23.4,4.0,1.5574886798858643,146,-0.0006581273628398776,0.017583824694156647,0.017596136778593063,42.79186197916667,0.5858724117279053,1.9485026597976685,0.014908854166666667,0.04190533980727196,1.5574886798858643,1.5574886798858643,0.4216209352016449,0.0,0.0,1.9485026597976685,0.0,0.0
705,23.5,4.100000000000001,0.0,296,0.0029565151780843735,0.00977911613881588,0.01021626591682434,42.92760416666667,0.1357421875,1.8085286617279053,0.014518229166666667,0.008601111359894276,0.0,0.0,0.34358781576156616,0.0,0.0,1.8085286617279053,0.0,0.0
708,23.6,4.200000000000003,0.0,297,0.018981806933879852,0.01004435122013092,0.021475519984960556,41.54798177083333,-1.3796223402023315,3.227799415588379,0.023046875,0.016027485951781273,0.0,0.0,0.4477677047252655,0.0,0.0,3.227799415588379,0.0,0.0
711,23.7,4.300000000000001,0.2693873941898346,238,-0.0016557362396270037,0.009126131422817707,0.00927511416375637,42.50638020833333,0.9583984613418579,2.932356834411621,0.017317708333333334,0.020657960325479507,0.2693873941898346,0.2693873941898346,0.4039533734321594,0.0,0.0,2.932356834411621,0.0,0.0
714,23.8,4.400000000000002,0.0,298,0.003963013179600239,0.0004921341896988451,0.003993453457951546,43.222005208333336,0.715624988079071,1.480078101158142,0.005078125,0.010301274247467518,0.0,0.0,0.22312499582767487,0.0,0.0,1.480078101158142,0.0,0.0
717,23.9,4.5,0.0,299,0.005118106491863728,0.0036325217224657536,0.006276163272559643,42.981119791666664,-0.2408854216337204,1.064062476158142,0.0029296875,0.003346083452925086,0.0,0.0,0.18039414286613464,0.0,0.0,1.064062476158142,0.0,0.0
720,24.0,4.600000000000001,0.0,300,0.0031862803734838963,0.0031624864786863327,0.004489287734031677,41.32376302083333,-1.6573567390441895,2.373502492904663,0.025455729166666666,0.001988186500966549,0.0,0.0,0.20508314669132233,0.0,0.0,2.373502492904663,0.0,0.0
723,24.1,4.700000000000003,0.0,301,0.0014999676495790482,0.0011111886706203222,0.0018667199183255434,41.71627604166667,0.3925130069255829,2.3330078125,0.015885416666666666,0.0026554609648883343,0.0,0.0,0.372142493724823,0.0,0.0,2.3330078125,0.0,0.0
726,24.2,4.800000000000001,0.0,302,0.0023008733987808228,-0.002394959330558777,0.0033211216796189547,42.86705729166667,1.150781273841858,3.0575520992279053,0.022981770833333335,0.0035964599810540676,0.0,0.0,0.4402872323989868,0.0,0.0,3.0575520992279053,0.0,0.0
729,24.3,4.900000000000002,0.0,303,-8.699596946826205e-05,-0.0016305961180478334,0.0016329152276739478,43.677408854166664,0.810351550579071,1.6567057371139526,0.007942708333333333,0.0025072237476706505,0.0,0.0,0.23035551607608795,0.0,0.0,1.6567057371139526,0.0,0.0
732,24.4,5.0,0.6183761358261108,196,0.009319275617599487,-0.026313617825508118,0.027915146201848984,43.910807291666664,0.2333984375,1.5100911855697632,0.010286458333333333,0.026414569467306137,0.6183761358261108,0.6183761358261108,0.20173612236976624,0.0,0.0,1.5100911855697632,0.0,0.0
735,24.5,5.100000000000001,2.2513914108276367,120,0.00519736809656024,0.019273120909929276,0.019961608573794365,37.130533854166664,-6.7802734375,7.6788411140441895,0.061328125,0.04577270895242691,1.7919440269470215,1.7919440269470215,0.6922846436500549,0.0,0.0,7.6788411140441895,1.8377900123596191,0.4594475030899048
738,24.6,5.200000000000003,0.7277705073356628,185,-0.0035690709482878447,-0.00131134781986475,0.0038023546803742647,40.17623697916667,3.045703172683716,6.620182514190674,0.049479166666666664,0.022373437881469727,0.37338653206825256,0.37338653206825256,0.9955405592918396,0.045318786054849625,0.027191272005438805,6.620182514190674,1.308770775794983,0.3271926939487457
741,24.7,5.300000000000001,0.039364926517009735,261,0.0010815940331667662,-0.014242704957723618,0.014283713884651661,43.35338541666667,3.1771483421325684,4.316210746765137,0.0521484375,0.01374222245067358,0.0,0.0,0.4740804433822632,0.0,0.0,4.316210746765137,0.15745970606803894,0.039364926517009735
744,24.8,5.400000000000002,0.174819678068161,242,0.009867275133728981,0.0027145196218043566,0.010233852081000805,42.990299479166666,-0.36308592557907104,1.3865234851837158,0.008333333333333333,0.019098054617643356,0.174819678068161,0.174819678068161,0.2192845493555069,0.0,0.0,1.3865234851837158,0.0,0.0
747,24.9,5.5,0.0,304,0.00349307875148952,0.009401107206940651,0.010029078461229801,42.27486979166667,-0.7154296636581421,1.5173828601837158,0.007291666666666667,0.00923801027238369,0.0,0.0,0.24814240634441376,0.0,0.0,1.5173828601837158,0.0,0.0
750,25.0,5.600000000000001,0.0,305,0.0004667860339395702,0.0035885628312826157,0.003618794260546565,41.16236979166667,-1.1124999523162842,3.1846354007720947,0.017708333333333333,0.006553176324814558,0.0,0.0,0.4271669089794159,0.0,0.0,3.1846354007720947,0.0,0.0
753,25.1,5.700000000000003,0.008125131949782372,271,-0.002078909892588854,-0.0016510067507624626,0.0026547485031187534,39.48216145833333,-1.6802083253860474,4.066145896911621,0.025716145833333332,0.005825260188430548,0.0,0.0,0.5405148267745972,0.0,0.0,4.066145896911621,0.032500527799129486,0.008125131949782372
756,25.2,5.800000000000001,0.03647764027118683,262,0.008795449510216713,0.0029936684295535088,0.009290962480008602,43.052083333333336,3.5699219703674316,4.2930989265441895,0.021223958333333334,0.01182474847882986,0.0,0.0,0.48768866062164307,0.0,0.0,4.2930989265441895,0.14591056108474731,0.03647764027118683
759,25.3,5.900000000000002,0.0,306,0.00387324090115726,0.0015133634442463517,0.004158396739512682,42.98561197916667,-0.06647135317325592,0.7652994990348816,0.0018229166666666667,0.00513998419046402,0.0,0.0,0.12002943456172943,0.0,0.0,0.7652994990348816,0.0,0.0
762,25.4,6.0,0.0,307,-0.0054704416543245316,0.004414884373545647,0.00702971825376153,40.71666666666667,-2.2689452171325684,2.6754558086395264,0.024088541666666668,0.009783824905753136,0.0,0.0,0.33462491631507874,0.0,0.0,2.6754558086395264,0.0,0.0
765,25.5,6.100000000000001,0.0,308,-0.0011559013510122895,5.5888755014166236e-05,0.0011572516523301601,41.74694010416667,1.0302734375,3.083789110183716,0.024088541666666668,0.006133196875452995,0.0,0.0,0.6282252669334412,0.0,0.0,3.083789110183716,0.0,0.0
768,25.6,6.200000000000003,0.0,309,0.003173312172293663,-0.005949573591351509,0.006742947269231081,42.541080729166666,0.794140636920929,2.579296827316284,0.012565104166666667,0.007403220050036907,0.0,0.0,0.5044097304344177,0.0,0.0,2.579296827316284,0.0,0.0
771,25.7,6.300000000000001,0.0,310,-0.0029875370673835278,-0.0012234330642968416,0.0032283379696309566,42.88880208333333,0.3477213680744171,0.841992199420929,0.0014973958333333334,0.00776482280343771,0.0,0.0,0.10210999846458435,0.0,0.0,0.841992199420929,0.0,0.0
774,25.8,6.400000000000002,0.0,311,-0.0025258404202759266,0.0010081096552312374,0.002719587180763483,42.468359375,-0.42044270038604736,0.7662760615348816,0.0007161458333333333,0.0022788038477301598,0.0,0.0,0.09455100446939468,0.0,0.0,0.7662760615348816,0.0,0.0
777,25.9,6.5,0.0,312,-0.004365723580121994,0.010232728905975819,0.011125119403004646,39.66725260416667,-2.8011066913604736,3.3585286140441895,0.035481770833333336,0.009406316094100475,0.0,0.0,0.31771788001060486,0.0,0.0,3.3585286140441895,0.0,0.0
780,26.0,6.600000000000001,0.0,313,0.004463002551347017,0.012294727377593517,0.013079706579446793,39.8501953125,0.1829427033662796,3.4393229484558105,0.023828125,0.00906632374972105,0.0,0.0,0.6045771837234497,0.0,0.0,3.4393229484558105,0.0,0.0
783,26.1,6.700000000000003,2.1757733821868896,123,-0.010643870569765568,-0.03691773861646652,0.038421496748924255,43.0892578125,3.239062547683716,4.304427146911621,0.041276041666666666,0.05147897079586983,2.137880563735962,2.137880563735962,0.6233034133911133,0.0,0.0,4.304427146911621,0.1515713632106781,0.037892840802669525
786,26.2,6.800000000000001,1.6581037044525146,140,0.00338199594989419,0.004327673465013504,0.005492417607456446,43.059635416666666,-0.02962239645421505,0.7647786736488342,0.0013020833333333333,0.04356499761343002,1.6581037044525146,1.6581037044525146,0.13923881947994232,0.0,0.0,0.7647786736488342,0.0,0.0
789,26.3,6.900000000000002,0.0,314,0.001593077089637518,0.0028355149552226067,0.0032523898407816887,42.857356770833334,-0.20227864384651184,0.9141275882720947,0.0044921875,0.002329542301595211,0.0,0.0,0.11060205101966858,0.0,0.0,0.9141275882720947,0.0,0.0
792,26.4,7.0,0.0,315,-0.0015219643246382475,0.0037474455311894417,0.004044715315103531,41.924869791666666,-0.9324869513511658,2.5518879890441895,0.01328125,0.003245781874284148,0.0,0.0,0.3751634955406189,0.0,0.0,2.5518879890441895,0.0,0.0
795,26.5,7.100000000000001,0.0,316,-0.0029177668038755655,0.005295931361615658,0.006046507507562637,42.22317708333333,0.29830729961395264,2.2445311546325684,0.0099609375,0.002084723673760891,0.0,0.0,0.35918253660202026,0.0,0.0,2.2445311546325684,0.0,0.0
798,26.6,7.200000000000003,0.0,317,0.0068098208867013454,-0.006492606829851866,0.009408910758793354,42.80774739583333,0.5845702886581421,1.1733723878860474,0.0013671875,0.01528383418917656,0.0,0.0,0.14035841822624207,0.0,0.0,1.1733723878860474,0.0,0.0
801,26.7,7.300000000000001,0.0,318,-0.0034064222127199173,-0.0026532458141446114,0.004317803308367729,42.679752604166666,-0.12799479067325592,0.686718761920929,0.0001953125,0.010913859121501446,0.0,0.0,0.07552973926067352,0.0,0.0,0.686718761920929,0.0,0.0
804,26.8,7.400000000000002,0.0,319,-0.0015319541562348604,-0.0002577483537606895,0.0015534857520833611,41.71634114583333,-0.9634114503860474,2.663802146911621,0.028255208333333334,0.003041716292500496,0.0,0.0,0.3731994330883026,0.0,0.0,2.663802146911621,0.0,0.0
807,26.9,7.5,0.0,320,-0.003965631127357483,0.002160833217203617,0.004516130313277245,41.493815104166664,-0.22252604365348816,2.951692819595337,0.022005208333333335,0.0034310815390199423,0.0,0.0,0.5921373963356018,0.0,0.0,2.951692819595337,0.0,0.0
810,27.0,7.600000000000001,0.0,321,0.009044898673892021,0.00014028004079591483,0.009045986458659172,42.72311197916667,1.2292969226837158,3.095182180404663,0.024609375,0.01316649280488491,0.0,0.0,0.41645166277885437,0.0,0.0,3.095182180404663,0.0,0.0
813,27.1,7.700000000000003,0.023909103125333786,266,-0.007554793264716864,0.0006892419187352061,0.0075861685909330845,43.20703125,0.48391926288604736,1.3466796875,0.004557291666666667,0.016608767211437225,0.023909103125333786,0.023909103125333786,0.2134329378604889,0.0,0.0,1.3466796875,0.0,0.0
816,27.2,7.800000000000001,0.0,322,0.0015539492014795542,0.0017741733463481069,0.002358484547585249,43.15846354166667,-0.04856770858168602,0.7376301884651184,0.0018880208333333333,0.009173127822577953,0.0,0.0,0.1254718154668808,0.0,0.0,0.7376301884651184,0.0,0.0
819,27.3,7.900000000000002,0.31378093361854553,232,-0.0036984768230468035,0.015739530324935913,0.016168227419257164,36.93248697916667,-6.225976467132568,6.5128254890441895,0.050065104166666666,0.014920428395271301,0.0,0.0,0.5647569298744202,0.0,0.0,6.5128254890441895,1.2551237344741821,0.31378093361854553
822,27.4,8.0,0.5637285113334656,202,0.004155398346483707,-0.0034995628520846367,0.005432703997939825,40.4619140625,3.5294270515441895,6.297786235809326,0.043684895833333334,0.020780425518751144,0.27681174874305725,0.27681174874305725,0.7354370951652527,0.0,0.0,6.297786235809326,1.1476670503616333,0.2869167625904083
825,27.5,8.100000000000001,0.008108869194984436,272,-0.0009343032725155354,-0.006616468541324139,0.006682108622044325,43.83483072916667,3.3729166984558105,4.066015720367432,0.04869791666666667,0.005968262907117605,0.0,0.0,0.4428836703300476,0.0,0.0,4.066015720367432,0.032435476779937744,0.008108869194984436
828,27.6,8.200000000000003,0.0,323,0.0022955131717026234,0.0055501144379377365,0.006006092764437199,43.0458984375,-0.7889322638511658,1.1044270992279053,0.00013020833333333333,0.012587988749146461,0.0,0.0,0.14471252262592316,0.0,0.0,1.1044270992279053,0.0,0.0
831,27.7,8.3,0.0,324,0.00025202104006893933,0.001364244380965829,0.0013873274438083172,42.445703125,-0.6001952886581421,0.9634765386581421,0.0009114583333333333,0.004658043850213289,0.0,0.0,0.08945205062627792,0.0,0.0,0.9634765386581421,0.0,0.0
834,27.8,8.400000000000002,0.0,325,-0.009805171750485897,0.004442953504621983,0.010764813981950283,41.2083984375,-1.2373046875,2.802929639816284,0.012109375,0.010517869144678116,0.0,0.0,0.3380618095397949,0.0,0.0,2.802929639816284,0.0,0.0
837,27.9,8.5,0.040739499032497406,260,-0.0013285069726407528,-0.0031408050563186407,0.0034102180507034063,38.89537760416667,-2.313020944595337,4.327213764190674,0.025651041666666666,0.0113739725202322,0.0,0.0,0.5581620335578918,0.0,0.0,4.327213764190674,0.16295799612998962,0.040739499032497406
840,28.0,8.600000000000001,0.07565551996231079,254,0.002712137997150421,0.0010781015735119581,0.0029185605235397816,42.991015625,4.095637798309326,4.606705665588379,0.024153645833333334,0.005841745063662529,0.0,0.0,0.5000906586647034,0.0,0.0,4.606705665588379,0.30262207984924316,0.07565551996231079
843,28.1,8.700000000000003,0.0,326,0.0023479610681533813,-0.0006666803965345025,0.002440775278955698,43.0654296875,0.07441405951976776,0.6410807371139526,0.000390625,0.0017823829548433423,0.0,0.0,0.08957581222057343,0.0,0.0,0.6410807371139526,0.0,0.0
846,28.2,8.8,0.0,327,-0.0009016291005536914,0.004743315279483795,0.004828247707337141,41.281184895833334,-1.7842447757720947,2.267317771911621,0.020377604166666667,0.006310934200882912,0.0,0.0,0.299795001745224,0.0,0.0,2.267317771911621,0.0,0.0
849,28.3,8.900000000000002,0.0,328,-0.0056165726855397224,-0.003692240221425891,0.006721497513353825,42.35084635416667,1.0696614980697632,3.100130319595337,0.025390625,0.00966381374746561,0.0,0.0,0.5027015209197998,0.0,0.0,3.100130319595337,0.0,0.0
852,28.4,9.0,0.0,329,-0.0035968066658824682,0.0006469333311542869,0.0036545235197991133,42.935546875,0.5847005248069763,2.3330078125,0.009700520833333334,0.004786218050867319,0.0,0.0,0.37288352847099304,0.0,0.0,2.3330078125,0.0,0.0
855,28.5,9.100000000000001,0.0,330,-0.004232635721564293,-0.002202520379796624,0.004771404433995485,43.708072916666666,0.7725260257720947,1.1924479007720947,0.0022786458333333335,0.002919531427323818,0.0,0.0,0.1516638994216919,0.0,0.0,1.1924479007720947,0.0,0.0
858,28.6,9.200000000000003,0.0,331,7.182979607023299e-05,0.002444110345095396,0.0024451655335724354,43.546549479166664,-0.16152343153953552,0.980273425579071,0.001953125,0.006334003526717424,0.0,0.0,0.11546893417835236,0.0,0.0,0.980273425579071,0.0,0.0
861,28.7,9.3,0.0,332,-0.00047012430150061846,0.002456611953675747,0.002501191571354866,40.326236979166666,-3.2203125953674316,3.8160157203674316,0.04108072916666667,0.0005420982488431036,0.0,0.0,0.42148998379707336,0.0,0.0,3.8160157203674316,0.0,0.0
864,28.8,9.400000000000002,0.0,333,-7.13258414180018e-05,0.002144625410437584,0.0021458109840750694,40.9408203125,0.6145833134651184,3.711197853088379,0.031184895833333334,0.0005063356948085129,0.0,0.0,0.7047457695007324,0.0,0.0,3.711197853088379,0.0,0.0
867,28.9,9.5,0.8360999822616577,181,-0.016145609319210052,-0.021709803491830826,0.02705542929470539,44.0826171875,3.141796827316284,4.6033854484558105,0.04342447916666667,0.028764845803380013,0.7608592510223389,0.7608592510223389,0.7313988208770752,0.0,0.0,4.6033854484558105,0.3009629547595978,0.07524073868989944
870,29.0,9.600000000000001,0.57254958152771,201,-0.002133689820766449,-0.00021485713659785688,0.0021444803569465876,44.061588541666666,-0.02102864533662796,1.1152994632720947,0.0060546875,0.025658655911684036,0.57254958152771,0.57254958152771,0.2308071106672287,0.0,0.0,1.1152994632720947,0.0,0.0
873,29.1,9.700000000000003,0.0,334,0.0026161842979490757,0.003181301988661289,0.004118871409446001,43.72766927083333,-0.3339192569255829,1.1853516101837158,0.0067708333333333336,0.005839109420776367,0.0,0.0,0.1896090805530548,0.0,0.0,1.1853516101837158,0.0,0.0
876,29.2,9.8,0.0,335,0.0050855036824941635,0.004752499051392078,0.0069605023600161076,41.604427083333334,-2.123242139816284,3.573763132095337,0.019921875,0.0029268066864460707,0.0,0.0,0.6506609320640564,0.0,0.0,3.573763132095337,0.0,0.0
879,29.3,9.900000000000002,0.16288088262081146,244,-0.012961914762854576,-0.0008638278814032674,0.012990666553378105,42.35325520833333,0.748828113079071,3.323697805404663,0.018424479166666667,0.018901122733950615,0.16288088262081146,0.16288088262081146,0.595281720161438,0.0,0.0,3.323697805404663,0.0,0.0
882,29.4,10.0,0.0,336,-0.00276784785091877,-0.0018434852827340364,0.003325570607557893,43.17747395833333,0.82421875,1.7768229246139526,0.0091796875,0.010241031646728516,0.0,0.0,0.24365875124931335,0.0,0.0,1.7768229246139526,0.0,0.0
885,29.5,10.100000000000001,0.0,337,-0.006983259692788124,-0.0021122831385582685,0.007295728661119938,43.4251953125,0.2477213591337204,1.1681640148162842,0.005533854166666667,0.004223973024636507,0.0,0.0,0.13313567638397217,0.0,0.0,1.1681640148162842,0.0,0.0
888,29.6,10.200000000000003,0.0,338,-0.003787208581343293,0.00045026338193565607,0.003813880728557706,42.602604166666666,-0.8225911259651184,1.9358724355697632,0.0142578125,0.004096509423106909,0.0,0.0,0.23480574786663055,0.0,0.0,1.9358724355697632,0.0,0.0
891,29.7,10.3,0.0,339,0.003915422596037388,0.005072126165032387,0.006407573353499174,42.8482421875,0.24563802778720856,2.638867139816284,0.0205078125,0.008982880041003227,0.0,0.0,0.38044193387031555,0.0,0.0,2.638867139816284,0.0,0.0
894,29.8,10.400000000000002,0.0,340,-0.0016349751967936754,0.00011088227620348334,0.0016387307550758123,42.93203125,0.08378906548023224,3.4491536617279053,0.029752604166666665,0.007444518152624369,0.0,0.0,0.5894069075584412,0.0,0.0,3.4491536617279053,0.0,0.0
897,29.9,10.5,0.0,341,0.004511876497417688,-0.005562359932810068,0.007162183988839388,44.1337890625,1.201757788658142,2.3389973640441895,0.015690104166666666,0.008364775218069553,0.0,0.0,0.44541460275650024,0.0,0.0,2.3389973640441895,0.0,0.0
900,30.0,10.600000000000001,0.0,342,-0.006207518745213747,-0.00046881355228833854,0.006225196644663811,43.9248046875,-0.208984375,1.1977864503860474,0.0076171875,0.011868009343743324,0.0,0.0,0.22871354222297668,0.0,0.0,1.1977864503860474,0.0,0.0
903,30.1,10.700000000000003,1.055172324180603,165,-0.020259305834770203,0.025936495512723923,0.032911110669374466,38.74635416666667,-5.178450584411621,5.800585746765137,0.0494140625,0.02991141937673092,0.8303691744804382,0.8303691744804382,0.49747005105018616,0.0,0.0,5.800585746765137,0.8992124199867249,0.2248031049966812
906,30.2,10.8,1.0267655849456787,167,-0.0015319989761337638,0.0010199802927672863,0.0018404838629066944,39.979817708333336,1.2334635257720947,4.929296970367432,0.0333984375,0.03116961196064949,0.9066458344459534,0.9066458344459534,0.9515858888626099,0.006939954124391079,0.004163972567766905,4.929296970367432,0.46382325887680054,0.11595581471920013
909,30.3,10.900000000000002,1.7938041687011719,133,-0.002189435763284564,-0.04234978184103966,0.042406339198350906,43.163736979166664,3.1839191913604736,4.983788967132568,0.054427083333333334,0.04337474703788757,1.6465699672698975,1.6465699672698975,0.9903479218482971,0.04078485816717148,0.024470916017889977,4.983788967132568,0.4910532832145691,0.12276332080364227
912,30.4,11.0,1.1556111574172974,160,-0.0033470147754997015,-0.0070924581959843636,0.007842542603611946,43.210872395833334,0.04713541641831398,1.1667969226837158,0.005598958333333333,0.035276323556900024,1.1556111574172974,1.1556111574172974,0.126680389046669,0.0,0.0,1.1667969226837158,0.0,0.0
915,30.5,11.100000000000001,0.0,343,-0.009988800622522831,0.00010363540059188381,0.009989337995648384,43.12610677083333,-0.08476562798023224,1.3058593273162842,0.0064453125,0.009792705066502094,0.0,0.0,0.1619156450033188,0.0,0.0,1.3058593273162842,0.0,0.0
918,30.6,11.200000000000003,0.0,344,-0.002686132676899433,0.011832235381007195,0.012133304961025715,40.90546875,-2.2206380367279053,3.491471290588379,0.026432291666666666,0.013816258870065212,0.0,0.0,0.37111926078796387,0.0,0.0,3.491471290588379,0.0,0.0
921,30.7,11.3,0.027010522782802582,265,-0.007022276520729065,0.006672646850347519,0.009686928242444992,39.246484375,-1.6589844226837158,4.217317581176758,0.0296875,0.006739695556461811,0.0,0.0,0.5967031717300415,0.0,0.0,4.217317581176758,0.10804209113121033,0.027010522782802582
924,30.8,11.400000000000002,0.6120066046714783,197,0.005842201411724091,-0.014391716569662094,0.015532315708696842,43.08151041666667,3.8350260257720947,4.7908854484558105,0.03430989583333333,0.024682020768523216,0.5133420825004578,0.5133420825004578,0.5506887435913086,0.0,0.0,4.7908854484558105,0.39465802907943726,0.09866450726985931
927,30.9,11.5,0.2779693007469177,237,-0.004048377275466919,0.0039057270623743534,0.005625305697321892,43.053515625,-0.02799479104578495,0.8414062261581421,0.0027994791666666667,0.02079951949417591,0.2779693007469177,0.2779693007469177,0.12806960940361023,0.0,0.0,0.8414062261581421,0.0,0.0
930,31.0,11.600000000000001,0.0,345,0.00028809919604100287,0.0007611142355017364,0.0008138157427310944,41.929752604166666,-1.1237629652023315,1.6818358898162842,0.01328125,0.005356642417609692,0.0,0.0,0.2595207393169403,0.0,0.0,1.6818358898162842,0.0,0.0
933,31.1,11.700000000000003,0.0,346,-0.0006242812378332019,-0.007804085500538349,0.007829015143215656,42.0439453125,0.11419270932674408,2.3729166984558105,0.016796875,0.008613656274974346,0.0,0.0,0.33652010560035706,0.0,0.0,2.3729166984558105,0.0,0.0
936,31.2,11.8,0.020217038691043854,267,0.006377061828970909,0.007189681753516197,0.009610329754650593,42.38684895833333,0.34290364384651184,1.9568359851837158,0.01015625,0.01654786616563797,0.020217038691043854,0.020217038691043854,0.26387399435043335,0.0,0.0,1.9568359851837158,0.0,0.0
939,31.3,11.900000000000002,0.0,347,0.00045366358244791627,0.0031496130395680666,0.0031821175944060087,42.975390625,0.5885416865348816,1.2947916984558105,0.005143229166666667,0.007169993128627539,0.0,0.0,0.15425047278404236,0.0,0.0,1.2947916984558105,0.0,0.0
942,31.4,12.0,0.0,348,0.0023258691653609276,-0.004325785208493471,0.004911423660814762,42.70227864583333,-0.2731119692325592,1.201757788658142,0.006184895833333333,0.007706278935074806,0.0,0.0,0.1691027730703354,0.0,0.0,1.201757788658142,0.0,0.0
945,31.5,12.100000000000001,0.0,349,0.0010997902136296034,0.005141333676874638,0.005257647018879652,40.20006510416667,-2.502213478088379,3.676302194595337,0.0486328125,0.009546183981001377,0.0,0.0,0.5784186124801636,0.0,0.0,3.676302194595337,0.0,0.0
948,31.6,12.200000000000003,0.0,350,0.0076005589216947556,0.0018438182305544615,0.007821007631719112,40.77395833333333,0.5738932490348816,3.6392579078674316,0.034440104166666666,0.007289279717952013,0.0,0.0,0.882236659526825,0.0,0.0,3.6392579078674316,0.0,0.0
951,31.7,12.3,0.012330040335655212,269,0.0013907260727137327,0.00264271954074502,0.0029863163363188505,42.9771484375,2.2031900882720947,4.099804878234863,0.039388020833333336,0.006261011585593224,0.0,0.0,0.8973063230514526,0.0,0.0,4.099804878234863,0.04932016134262085,0.012330040335655212
954,31.8,12.400000000000002,0.0,351,0.007157331798225641,0.001141160260885954,0.007247733883559704,43.17233072916667,0.19518229365348816,1.2611979246139526,0.006184895833333333,0.005958894733339548,0.0,0.0,0.26696255803108215,0.0,0.0,1.2611979246139526,0.0,0.0
957,31.9,12.5,0.0,352,0.0027735247276723385,0.0003284955455455929,0.002792910672724247,43.119791666666664,-0.05253906175494194,0.8479817509651184,0.0041015625,0.00445849634706974,0.0,0.0,0.1682833582162857,0.0,0.0,0.8479817509651184,0.0,0.0
960,32.0,12.600000000000001,0.25043103098869324,239,0.0023660301230847836,0.01519491896033287,0.015378025360405445,37.76028645833333,-5.3595051765441895,6.0057291984558105,0.0373046875,0.014872008003294468,0.0,0.0,0.5774927139282227,0.0,0.0,6.0057291984558105,1.001724123954773,0.25043103098869324
963,32.1,12.700000000000003,0.41009411215782166,219,-0.007430967874825001,-0.0029772594571113586,0.00800520833581686,40.48587239583333,2.7255859375,5.1337890625,0.031510416666666666,0.020644836127758026,0.2685917615890503,0.2685917615890503,0.6700584888458252,0.0,0.0,5.1337890625,0.5660094022750854,0.14150235056877136
966,32.2,12.800000000000004,0.0,353,-0.0007368554943241179,-0.009146562777459621,0.009176195599138737,42.86985677083333,2.383984327316284,2.757031202316284,0.026627604166666666,0.009103375487029552,0.0,0.0,0.2819720506668091,0.0,0.0,2.757031202316284,0.0,0.0
969,32.3,12.899999999999999,0.0,354,0.0048350379802286625,-0.0005079529364593327,0.004861646797508001,42.84557291666667,-0.02428385429084301,0.7235025763511658,0.0022135416666666666,0.010279668495059013,0.0,0.0,0.15028519928455353,0.0,0.0,0.7235025763511658,0.0,0.0
972,32.4,13.0,0.0,355,0.0017619947902858257,0.000640227401163429,0.0018747043795883656,42.4115234375,-0.43404948711395264,1.2675130367279053,0.005208333333333333,0.003280535340309143,0.0,0.0,0.16818653047084808,0.0,0.0,1.2675130367279053,0.0,0.0
975,32.5,13.100000000000001,0.0,356,-0.003091592574492097,0.0023440723307430744,0.0038797706365585327,41.637890625,-0.773632824420929,2.7371745109558105,0.014908854166666667,0.00514396745711565,0.0,0.0,0.3506764769554138,0.0,0.0,2.7371745109558105,0.0,0.0
978,32.6,13.200000000000003,0.04454582557082176,258,0.004093631636351347,0.002564620226621628,0.004830641206353903,39.735026041666664,-1.9028645753860474,4.357682228088379,0.027018229166666668,0.007188608404248953,0.0,0.0,0.7257029414176941,0.0,0.0,4.357682228088379,0.17818330228328705,0.04454582557082176
981,32.7,13.300000000000004,0.061715129762887955,255,0.009081616997718811,-0.0007904462981969118,0.00911595206707716,43.457096354166666,3.7220702171325684,4.4951171875,0.026106770833333334,0.006011361721903086,0.0,0.0,0.6369042992591858,0.0,0.0,4.4951171875,0.24686051905155182,0.061715129762887955
984,32.8,13.399999999999999,0.0,357,0.002831885125488043,0.0010714571690186858,0.003027803497388959,43.495703125,0.03860677033662796,1.0348306894302368,0.006575520833333333,0.006521183531731367,0.0,0.0,0.29906368255615234,0.0,0.0,1.0348306894302368,0.0,0.0
987,32.9,13.5,0.0,358,-0.0020771280396729708,0.00540550984442234,0.005790854804217815,41.11328125,-2.3824219703674316,3.1572916507720947,0.032877604166666664,0.006548467092216015,0.0,0.0,0.5531029105186462,0.0,0.0,3.1572916507720947,0.0,0.0
990,33.0,13.600000000000001,0.0,359,-0.0024109382648020983,0.01497005857527256,0.015162956900894642,42.1873046875,1.0740234851837158,3.805403709411621,0.0373046875,0.00957037229090929,0.0,0.0,0.9374566078186035,0.0,0.0,3.805403709411621,0.0,0.0
993,33.1,13.700000000000003,0.6716300845146179,193,0.008365174755454063,-0.010105491615831852,0.013118579052388668,42.769596354166666,0.5822916626930237,3.1304688453674316,0.023111979166666668,0.027293000370264053,0.6716300845146179,0.6716300845146179,0.8518374562263489,0.0,0.0,3.1304688453674316,0.0,0.0
996,33.2,13.800000000000004,0.0,360,0.006113788112998009,0.0026235124096274376,0.006652910728007555,43.066796875,0.2972005307674408,1.288476586341858,0.00703125,0.012926572933793068,0.0,0.0,0.5945138931274414,0.0,0.0,1.288476586341858,0.0,0.0
999,33.3,13.899999999999999,0.0,361,0.003400465939193964,0.0036501591093838215,0.004988670349121094,42.61901041666667,-0.44778645038604736,1.245703101158142,0.0077473958333333336,0.0029010549187660217,0.0,0.0,0.5791801810264587,0.0,0.0,1.245703101158142,0.0,0.0
1002,33.4,14.0,0.0027897099498659372,274,0.0035834629088640213,0.015538433566689491,0.015946289524435997,39.661458333333336,-2.957552194595337,4.0234375,0.0462890625,0.011889683082699776,0.0,0.0,0.7854517698287964,0.0,0.0,4.0234375,0.011158839799463749,0.0027897099498659372
1005,33.5,14.100000000000001,0.27994394302368164,236,0.0208485908806324,0.0038811860140413046,0.021206775680184364,40.08229166666667,0.4208333194255829,3.90234375,0.03235677083333333,0.020832091569900513,0.27994394302368164,0.27994394302368164,0.8163321018218994,0.0,0.0,3.90234375,0.0,0.0
1008,33.6,14.200000000000003,1.727110743522644,135,0.0012634657323360443,-0.03435157239437103,0.03437479957938194,43.696614583333336,3.6143229007720947,4.848437309265137,0.047265625,0.04295719787478447,1.6212564706802368,1.6212564706802368,0.8410972952842712,0.0,0.0,4.848437309265137,0.4234170913696289,0.10585427284240723
1011,33.7,14.300000000000004,1.4446918964385986,151,0.004932803101837635,0.0055247023701667786,0.007406408432871103,43.821484375,0.12486979365348816,1.1002603769302368,0.006119791666666667,0.040044743567705154,1.4446918964385986,1.4446918964385986,0.49148422479629517,0.0,0.0,1.1002603769302368,0.0,0.0
1014,33.8,14.399999999999999,0.0,362,-0.0007669341284781694,0.007213772274553776,0.007254426367580891,43.81725260416667,-0.0042317709885537624,1.4518879652023315,0.0115234375,0.005944742355495691,0.0,0.0,0.7637227773666382,0.0,0.0,1.4518879652023315,0.0,0.0
1017,33.9,14.5,0.030836455523967743,263,0.009740730747580528,0.00994057022035122,0.013917498290538788,41.7779296875,-2.039322853088379,3.741666555404663,0.028059895833333334,0.01085571013391018,0.0,0.0,1.0024985074996948,0.05139409005641937,0.030836455523967743,3.741666555404663,0.0,0.0
1020,34.0,14.600000000000001,0.0,363,0.00012600418995134532,0.004853054881095886,0.004854690283536911,42.589908854166666,0.8119791746139526,3.222395896911621,0.024479166666666666,0.010877765715122223,0.0,0.0,0.8633695244789124,0.0,0.0,3.222395896911621,0.0,0.0
1023,34.1,14.700000000000003,0.0,364,0.00958182942122221,-0.006273399107158184,0.011452815495431423,43.458919270833334,0.8690103888511658,1.732812523841858,0.010416666666666666,0.014601732604205608,0.0,0.0,0.7643228769302368,0.0,0.0,1.732812523841858,0.0,0.0
1026,34.2,14.800000000000004,0.0,365,0.0033080538269132376,0.001341900322586298,0.003569862339645624,43.46145833333333,0.0025390624068677425,1.1143879890441895,0.007161458333333333,0.009866764768958092,0.0,0.0,0.5510888695716858,0.0,0.0,1.1143879890441895,0.0,0.0
1029,34.3,14.899999999999999,0.0,366,0.0037825056351721287,0.002369876950979233,0.004463593475520611,42.37864583333333,-1.0828125476837158,1.7979166507720947,0.017578125,0.0011321839410811663,0.0,0.0,0.5251631736755371,0.0,0.0,1.7979166507720947,0.0,0.0
1032,34.4,15.0,0.0,367,0.0035066003911197186,0.00018317450303584337,0.003511381335556507,42.0513671875,-0.32727864384651184,2.577669382095337,0.021158854166666668,0.0022040398325771093,0.0,0.0,0.48052525520324707,0.0,0.0,2.577669382095337,0.0,0.0
1035,34.5,15.100000000000001,0.0,368,0.012536070309579372,0.006816696375608444,0.014269562438130379,42.796223958333336,0.7448567748069763,3.2664713859558105,0.026497395833333333,0.011204238049685955,0.0,0.0,0.6103381514549255,0.0,0.0,3.2664713859558105,0.0,0.0
1038,34.6,15.200000000000003,0.0,369,0.002365689491853118,-0.0015011129435151815,0.002801754279062152,43.59205729166667,0.7958333492279053,1.9223958253860474,0.008658854166666667,0.013138591311872005,0.0,0.0,0.3356144428253174,0.0,0.0,1.9223958253860474,0.0,0.0
1041,34.7,15.300000000000004,0.0,370,-0.005252977833151817,0.002559351734817028,0.005843291524797678,43.34518229166667,-0.24687500298023224,0.9123697876930237,0.001953125,0.008633160963654518,0.0,0.0,0.18676121532917023,0.0,0.0,0.9123697876930237,0.0,0.0
1044,34.8,15.399999999999999,0.7399778962135315,184,-0.00890258513391018,0.027717698365449905,0.02911231480538845,38.2056640625,-5.1395182609558105,5.456315040588379,0.046223958333333336,0.025421684607863426,0.5581834316253662,0.5581834316253662,0.4244679808616638,0.0,0.0,5.456315040588379,0.7271779179573059,0.18179447948932648
1047,34.9,15.5,0.6840342879295349,190,0.00030913064256310463,0.003627465572208166,0.003640613751485944,39.432942708333336,1.2272785902023315,4.8291015625,0.0337890625,0.02579137496650219,0.5805955529212952,0.5805955529212952,0.601240336894989,0.0,0.0,4.8291015625,0.4137548804283142,0.10343872010707855
1050,35.0,15.600000000000001,0.6362336874008179,194,0.0013832037802785635,-0.02108042687177658,0.021125758066773415,43.157421875,3.7244791984558105,4.9609375,0.04921875,0.02473122626543045,0.5163251161575317,0.5163251161575317,0.6367940902709961,0.0,0.0,4.9609375,0.47963425517082214,0.11990856379270554
1053,35.1,15.700000000000003,0.32231608033180237,231,-0.0008847103454172611,0.0003308223676867783,0.0009445400210097432,43.490169270833334,0.3327473998069763,0.8902994990348816,0.0008463541666666667,0.02153102494776249,0.32231608033180237,0.32231608033180237,0.1732054203748703,0.0,0.0,0.8902994990348816,0.0,0.0
1056,35.2,15.800000000000004,0.0,371,-0.0022249403409659863,0.00329412380233407,0.0039751240983605385,43.138020833333336,-0.3521484434604645,0.8472005128860474,0.0013020833333333333,0.0032522871624678373,0.0,0.0,0.14546188712120056,0.0,0.0,0.8472005128860474,0.0,0.0
1059,35.3,15.899999999999999,0.0,372,-0.001855209469795227,0.0166952945291996,0.016798054799437523,41.293294270833336,-1.8447265625,3.205273389816284,0.021223958333333334,0.013406270183622837,0.0,0.0,0.45893052220344543,0.0,0.0,3.205273389816284,0.0,0.0
1062,35.4,16.0,0.02806788496673107,264,-0.008161528035998344,0.01087518222630024,0.013597063720226288,39.50904947916667,-1.7842447757720947,4.225781440734863,0.0302734375,0.008581570349633694,0.0,0.0,0.8038782477378845,0.0,0.0,4.225781440734863,0.11227153986692429,0.02806788496673107
1065,35.5,16.1,1.6483327150344849,143,-0.0028815148398280144,-0.03048500418663025,0.030620886012911797,43.6076171875,4.098567485809326,4.8299479484558105,0.03951822916666667,0.04169584438204765,1.5447882413864136,1.5447882413864136,0.6471009254455566,0.0,0.0,4.8299479484558105,0.4141778349876404,0.1035444587469101
1068,35.6,16.200000000000003,0.8809708952903748,178,-0.006422776263207197,5.647925354423933e-05,0.0064230249263346195,43.11217447916667,-0.4954427182674408,1.3835937976837158,0.007096354166666667,0.0307461004704237,0.8809708952903748,0.8809708952903748,0.5520308613777161,0.0,0.0,1.3835937976837158,0.0,0.0
1071,35.7,16.300000000000004,0.0,373,-0.001719755120575428,0.005477519240230322,0.005741147790104151,42.371744791666664,-0.740429699420929,1.9246745109558105,0.019401041666666667,0.007176773622632027,0.0,0.0,0.747559130191803,0.0,0.0,1.9246745109558105,0.0,0.0
1074,35.8,16.4,0.0,374,-0.011951860971748829,-0.0011914006900042295,0.012011095881462097,42.036197916666666,-0.3355468809604645,2.9013020992279053,0.025846354166666665,0.012213536538183689,0.0,0.0,0.7206138372421265,0.0,0.0,2.9013020992279053,0.0,0.0
1077,35.9,16.5,0.0,375,-0.013330051675438881,-0.00028325198218226433,0.013333060778677464,42.9279296875,0.8917317986488342,2.428450584411621,0.017252604166666668,0.001650498015806079,0.0,0.0,0.5308249592781067,0.0,0.0,2.428450584411621,0.0,0.0
1080,36.0,16.6,0.0,376,-0.004972334019839764,-0.002087394241243601,0.005392709746956825,43.28372395833333,0.3557942807674408,1.2710286378860474,0.007291666666666667,0.00855022668838501,0.0,0.0,0.28273701667785645,0.0,0.0,1.2710286378860474,0.0,0.0
1083,36.1,16.700000000000003,0.0,377,0.0006161724450066686,0.0022306032478809357,0.0023141433484852314,43.01809895833333,-0.265625,1.0401041507720947,0.006119791666666667,0.00706233037635684,0.0,0.0,0.22797876596450806,0.0,0.0,1.0401041507720947,0.0,0.0
1086,36.2,16.800000000000004,0.0,378,-0.0023539788089692593,0.0003371672937646508,0.0023780029732733965,40.651953125,-2.3661458492279053,3.1466145515441895,0.041276041666666666,0.003522342536598444,0.0,0.0,0.5503133535385132,0.0,0.0,3.1466145515441895,0.0,0.0
1089,36.3,16.9,0.0,379,0.0006102292099967599,0.00012585549848154187,0.0006230724975466728,41.01438802083333,0.36243489384651184,3.1458983421325684,0.03125,0.0029717301949858665,0.0,0.0,0.5515128970146179,0.0,0.0,3.1458983421325684,0.0,0.0
1092,36.4,17.0,0.0006832052022218704,275,-0.0014793096343055367,0.0002033882774412632,0.0014932259218767285,43.27330729166667,2.2589192390441895,4.006575584411621,0.038411458333333336,0.002090976806357503,0.0,0.0,0.6112382411956787,0.0,0.0,4.006575584411621,0.0027328208088874817,0.0006832052022218704
1095,36.5,17.1,0.0,380,-0.004150913096964359,0.001583217061124742,0.004442595411092043,43.55201822916667,0.2787109315395355,1.6249349117279053,0.0095703125,0.003006890881806612,0.0,0.0,0.32840436697006226,0.0,0.0,1.6249349117279053,0.0,0.0
1098,36.6,17.200000000000003,0.0,381,-0.001835616771131754,-0.0008781985379755497,0.002034876262769103,43.70813802083333,0.15611979365348816,1.3907551765441895,0.011653645833333334,0.0033792254980653524,0.0,0.0,0.284426748752594,0.0,0.0,1.3907551765441895,0.0,0.0
1101,36.7,17.300000000000004,0.7032110691070557,187,-0.018845386803150177,0.013349885120987892,0.02309476211667061,37.544596354166664,-6.163541793823242,6.737109184265137,0.05123697916666667,0.022175902500748634,0.3614111542701721,0.3614111542701721,0.681880533695221,0.0,0.0,6.737109184265137,1.3671997785568237,0.34179994463920593
1104,36.8,17.4,0.5972148180007935,198,-0.0047798785381019115,-0.0033762711100280285,0.0058520459569990635,40.3005859375,2.7559895515441895,6.0447916984558105,0.0458984375,0.021854126825928688,0.34190380573272705,0.34190380573272705,0.7225822806358337,0.0,0.0,6.0447916984558105,1.021243929862976,0.255310982465744
1107,36.9,17.5,0.0,382,-0.002871028147637844,-0.0055746957659721375,0.006270568817853928,43.167903645833334,2.8673176765441895,3.450911521911621,0.0400390625,0.002911491086706519,0.0,0.0,0.3660237789154053,0.0,0.0,3.450911521911621,0.0,0.0
1110,37.0,17.6,0.0,383,0.003946911543607712,-0.0012316785287111998,0.004134627059102058,43.489322916666666,0.32141926884651184,1.0698567628860474,0.006380208333333333,0.00808369368314743,0.0,0.0,0.37359514832496643,0.0,0.0,1.0698567628860474,0.0,0.0
1113,37.1,17.700000000000003,0.0,384,-0.0013611263129860163,0.002953875344246626,0.0032523905392736197,43.040364583333336,-0.4489583373069763,1.267578125,0.006119791666666667,0.0067597427405416965,0.0,0.0,0.20127156376838684,0.0,0.0,1.267578125,0.0,0.0
1116,37.2,17.800000000000004,0.0,385,-0.0012188504915684462,0.004516903311014175,0.004678462632000446,41.73756510416667,-1.3027994632720947,3.1988933086395264,0.019270833333333334,0.001569489948451519,0.0,0.0,0.5177518129348755,0.0,0.0,3.1988933086395264,0.0,0.0
1119,37.3,17.9,0.09528106451034546,250,-0.005295260809361935,0.01385495811700821,0.014832384884357452,39.49498697916667,-2.2425780296325684,4.7638020515441895,0.030989583333333334,0.01018903311342001,0.0,0.0,0.7118968367576599,0.0,0.0,4.7638020515441895,0.38112425804138184,0.09528106451034546
1122,37.4,18.0,0.5317251086235046,206,0.00588141568005085,-0.006375943310558796,0.008674313314259052,43.564453125,4.0694661140441895,4.909700393676758,0.026627604166666666,0.023112928494811058,0.41821742057800293,0.41821742057800293,0.5736958980560303,0.0,0.0,4.909700393676758,0.45403069257736206,0.11350767314434052
1125,37.5,18.1,0.0,386,0.0007779429433867335,0.0012728376314043999,0.0014917475637048483,43.6322265625,0.06777343899011612,1.2561849355697632,0.008463541666666666,0.00919506885111332,0.0,0.0,0.6006016135215759,0.0,0.0,1.2561849355697632,0.0,0.0
1128,37.6,18.200000000000003,0.0,387,-0.0033220332115888596,0.0066922856494784355,0.007471451535820961,42.008463541666664,-1.6237629652023315,2.9336588382720947,0.029427083333333333,0.006795602850615978,0.0,0.0,0.9006087183952332,0.0,0.0,2.9336588382720947,0.0,0.0
1131,37.7,18.300000000000004,0.04680624604225159,257,-0.007149330340325832,0.00033354817423969507,0.007157106883823872,42.436197916666664,0.427734375,3.6895833015441895,0.03561197916666667,0.007421708200126886,0.0,0.0,1.0329817533493042,0.07801041007041931,0.04680624604225159,3.6895833015441895,0.0,0.0
1134,37.8,18.4,0.0,388,0.005233176983892918,0.004505789838731289,0.006905670277774334,42.7888671875,0.35266926884651184,2.5485026836395264,0.018229166666666668,0.01306652557104826,0.0,0.0,0.8074505925178528,0.0,0.0,2.5485026836395264,0.0,0.0
1137,37.9,18.5,0.0,389,-0.000385173421818763,0.0013347640633583069,0.0013892276911064982,43.2044921875,0.4156250059604645,1.3860677480697632,0.009114583333333334,0.006451454479247332,0.0,0.0,0.3049224019050598,0.0,0.0,1.3860677480697632,0.0,0.0
1140,38.0,18.6,0.0,390,0.00044406019151210785,0.0013770423829555511,0.0014468708541244268,42.7625,-0.4419921934604645,1.1854817867279053,0.0072265625,0.0008303106878884137,0.0,0.0,0.23916351795196533,0.0,0.0,1.1854817867279053,0.0,0.0
1143,38.1,18.700000000000003,0.01897486485540867,268,-0.0019775964319705963,0.007392549887299538,0.007652495056390762,39.37708333333333,-3.3854167461395264,4.152994632720947,0.04791666666666667,0.006484655197709799,0.0,0.0,0.5416654348373413,0.0,0.0,4.152994632720947,0.07589945942163467,0.01897486485540867
1146,38.2,18.800000000000004,0.0,391,-0.004454478621482849,0.007018601521849632,0.0083128297701478,40.08645833333333,0.7093750238418579,3.9449219703674316,0.03567708333333333,0.002504951786249876,0.0,0.0,0.6476964354515076,0.0,0.0,3.9449219703674316,0.0,0.0
1149,38.3,18.9,0.5511828064918518,204,0.0001292465894948691,-0.017073286697268486,0.017073776572942734,42.9451171875,2.858658790588379,4.380663871765137,0.04583333333333333,0.024524061009287834,0.5037659406661987,0.5037659406661987,0.6054422855377197,0.0,0.0,4.380663871765137,0.18966738879680634,0.047416847199201584
1152,38.4,19.0,0.29834192991256714,233,0.00110524520277977,0.004039734601974487,0.004188200458884239,43.081119791666666,0.13600260019302368,1.1173827648162842,0.0036458333333333334,0.021135568618774414,0.29834192991256714,0.29834192991256714,0.26356038451194763,0.0,0.0,1.1173827648162842,0.0,0.0
1155,38.5,19.1,0.0,392,-0.004117728676646948,0.004213993437588215,0.005891810636967421,43.019140625,-0.06197916716337204,0.9119791388511658,0.0039713541666666664,0.005225880071520805,0.0,0.0,0.213677778840065,0.0,0.0,0.9119791388511658,0.0,0.0
1158,38.6,19.200000000000003,0.07790028303861618,253,-0.0074395230039954185,0.010487928986549377,0.01285858266055584,39.4806640625,-3.5384764671325684,4.624674320220947,0.03203125,0.007099055219441652,0.0,0.0,0.5953065752983093,0.0,0.0,4.624674320220947,0.3116011321544647,0.07790028303861618
1161,38.7,19.300000000000004,0.006783145479857922,273,-0.009032510221004486,-0.00474819540977478,0.010204489342868328,41.473697916666666,1.9930338859558105,4.055403709411621,0.025260416666666667,0.015319174155592918,0.0,0.0,0.5627864599227905,0.0,0.0,4.055403709411621,0.027132581919431686,0.006783145479857922
1164,38.8,19.4,0.0,393,-0.0005433595506474376,-0.00011664088378893211,0.0005557379918172956,42.7103515625,1.2366536855697632,1.8313151597976685,0.012174479166666667,0.009670417755842209,0.0,0.0,0.2074350267648697,0.0,0.0,1.8313151597976685,0.0,0.0
1167,38.9,19.5,0.0,394,-0.0024787764996290207,-0.0002780542417895049,0.002494323067367077,42.68763020833333,-0.02272135391831398,0.838085949420929,0.00234375,0.0019421362085267901,0.0,0.0,0.1522272378206253,0.0,0.0,0.838085949420929,0.0,0.0
1170,39.0,19.6,0.0,395,-0.00489217322319746,0.0007390282698906958,0.0049476781859993935,41.87962239583333,-0.8080078363418579,1.2410807609558105,0.005338541666666667,0.0026189580094069242,0.0,0.0,0.14876240491867065,0.0,0.0,1.2410807609558105,0.0,0.0
1173,39.1,19.700000000000003,0.0,396,-0.005836191587150097,0.0036584949120879173,0.006888085510581732,41.29244791666667,-0.5871744751930237,2.427539110183716,0.0134765625,0.003068298567086458,0.0,0.0,0.32549235224723816,0.0,0.0,2.427539110183716,0.0,0.0
1176,39.2,19.800000000000004,0.0,397,-0.0034862286411225796,-0.0032102069817483425,0.004739115945994854,40.28391927083333,-1.0085285902023315,3.8297526836395264,0.0271484375,0.0072595723904669285,0.0,0.0,0.6852428913116455,0.0,0.0,3.8297526836395264,0.0,0.0
1179,39.3,19.9,0.0,398,0.002971566980704665,-0.001440487802028656,0.0033023045398294926,42.7154296875,2.4315104484558105,3.1787760257720947,0.014322916666666666,0.00669589638710022,0.0,0.0,0.5159485340118408,0.0,0.0,3.1787760257720947,0.0,0.0
1182,39.4,20.0,0.0,399,-0.0026974750217050314,0.0037193524185568094,0.004594556987285614,42.7375,0.02207031287252903,0.7737630009651184,0.0032552083333333335,0.007665636949241161,0.0,0.0,0.1360119730234146,0.0,0.0,0.7737630009651184,0.0,0.0
1185,39.5,20.1,0.13775651156902313,247,-0.017159245908260345,0.015235211700201035,0.022946707904338837,39.7376953125,-2.999804735183716,3.4271483421325684,0.028385416666666666,0.018486693501472473,0.13775651156902313,0.13775651156902313,0.36794182658195496,0.0,0.0,3.4271483421325684,0.0,0.0
1188,39.6,20.200000000000003,0.23345527052879333,240,-0.0012868745252490044,0.0029599396511912346,0.0032275824341923,40.713216145833336,0.9755208492279053,3.7459635734558105,0.03177083333333333,0.02006525546312332,0.23345527052879333,0.23345527052879333,0.7499909996986389,0.0,0.0,3.7459635734558105,0.0,0.0
1191,39.7,20.300000000000004,0.04254784435033798,259,-0.0005893210181966424,-0.013941886834800243,0.013954335823655128,42.21217447916667,1.4989583492279053,3.6058592796325684,0.026432291666666666,0.016916215419769287,0.04254784435033798,0.04254784435033798,0.7288641929626465,0.0,0.0,3.6058592796325684,0.0,0.0
1194,39.8,20.4,0.0,400,0.0040889279916882515,-0.002915640128776431,0.005021980497986078,42.476627604166666,0.26445311307907104,0.7489583492279053,6.510416666666667e-05,0.01197765115648508,0.0,0.0,0.08700887858867645,0.0,0.0,0.7489583492279053,0.0,0.0
1197,39.9,20.5,0.0,401,-0.00260232575237751,0.002674481365829706,0.0037316149100661278,42.2263671875,-0.2502604126930237,0.681640625,0.0003255208333333333,0.00871907826513052,0.0,0.0,0.08007040619850159,0.0,0.0,0.681640625,0.0,0.0
1200,40.0,20.6,0.0,402,0.00024043762823566794,0.00844199862331152,0.008445422165095806,39.4287109375,-2.797656297683716,3.299609422683716,0.032942708333333334,0.006430051289498806,0.0,0.0,0.3185344338417053,0.0,0.0,3.299609422683716,0.0,0.0
1202,40.06666666666667,20.66666666666667,0.1329699009656906,248,0.0027102562598884106,-0.009799294173717499,0.010167185217142105,40.809895833333336,1.3811849355697632,3.8844401836395264,0.04342447916666667,0.018407737836241722,0.1329699009656906,0.1329699009656906,0.48064950108528137,0.0,0.0,3.8844401836395264,0.0,0.0
