frame,pts_seconds,delta_contact_seconds,score,rank,shift_x,shift_y,shift_magnitude,gray_mean,signed_gray_mean_change,gray_abs_mean_change,gray_abs_change_gt20_fraction,jerk_raw,jerk_scaled,jerk_contribution,residual90_raw,residual90_scaled,residual90_contribution,appearance_raw,appearance_scaled,appearance_contribution
0,0.0,-19.3,0.0,250,0.0,0.0,0.0,0.0,0.0,0.0,0.0,0.0,0.0,0.0,0.0,0.0,0.0,0.0,0.0,0.0
3,0.1,-19.2,5.7453389167785645,44,-0.17341655492782593,0.12364330887794495,0.21298114955425262,95.0921875,0.26315104961395264,5.108724117279053,0.06868489583333333,0.21298114955425262,4.244327068328857,4.244327068328857,2.2893619537353516,2.0336780548095703,1.2202068567276,5.108724117279053,1.123219609260559,0.28080490231513977
6,0.2,-19.1,4.778794288635254,61,-0.1634882092475891,-0.04091910272836685,0.16853120923042297,94.63470052083333,-0.45748698711395264,5.553320407867432,0.07317708333333334,0.16486163437366486,3.107717752456665,3.107717752456665,2.4612419605255127,2.241739511489868,1.3450437784194946,5.553320407867432,1.3041311502456665,0.3260327875614166
9,0.3,-19.0,4.542690277099609,67,-0.12425050139427185,-0.1888413280248642,0.22605139017105103,94.3125,-0.3222005069255829,5.749934673309326,0.0779296875,0.15303783118724823,2.828433036804199,2.828433036804199,2.4931561946868896,2.280371904373169,1.3682231903076172,5.749934673309326,1.3841358423233032,0.3460339605808258
12,0.4,-18.900000000000002,5.637821197509766,50,-0.20694118738174438,-0.3676668107509613,0.42190465331077576,93.70872395833334,-0.6037760376930237,6.3729166984558105,0.08997395833333334,0.19701853394508362,3.867281436920166,3.867281436920166,2.483391761779785,2.26855206489563,1.3611313104629517,6.3729166984558105,1.637634515762329,0.4094086289405823
15,0.5,-18.8,2.6899635791778564,127,-0.21867555379867554,-0.4255827069282532,0.478476345539093,95.29498697916667,1.5862630605697632,7.408528804779053,0.09186197916666666,0.0590926930308342,0.6093974113464355,0.6093974113464355,2.7651965618133545,2.609678268432617,1.5658069849014282,7.408528804779053,2.059037208557129,0.5147593021392822
18,0.6,-18.7,7.019571304321289,27,-0.19698375463485718,-0.18420585989952087,0.26969316601753235,95.72376302083333,0.4287760555744171,5.676562309265137,0.07350260416666667,0.24234957993030548,4.93802547454834,4.93802547454834,3.009129047393799,2.9049596786499023,1.7429758310317993,5.676562309265137,1.3542797565460205,0.3385699391365051
21,0.7,-18.6,8.40731430053711,21,-0.049922361969947815,0.06899787485599518,0.08516424894332886,96.0310546875,0.3072916567325592,5.084635257720947,0.064453125,0.2928125560283661,6.129989147186279,6.129989147186279,3.36159086227417,3.3316166400909424,1.9989700317382812,5.084635257720947,1.113417625427246,0.2783544063568115
24,0.8,-18.5,3.9996159076690674,80,-0.10786136984825134,0.17020998895168304,0.20150810480117798,96.02994791666667,-0.0011067708255723119,5.675455570220947,0.07376302083333333,0.11662255972623825,1.9682843685150146,1.9682843685150146,2.9401473999023438,2.8214571475982666,1.6928743124008179,5.675455570220947,1.3538293838500977,0.3384573459625244
27,0.9,-18.400000000000002,2.180940628051758,141,-0.10008754581212997,0.19145160913467407,0.21603527665138245,96.4998046875,0.46985676884651184,5.978971481323242,0.07936197916666667,0.02261943370103836,0.0,0.0,3.103623151779175,3.019345283508301,1.8116072416305542,5.978971481323242,1.4773335456848145,0.3693333864212036
30,1.0,-18.3,7.226202964782715,24,-0.13085442781448364,0.42567354440689087,0.44533228874206543,96.36490885416667,-0.13489583134651184,7.048047065734863,0.09459635416666666,0.23623402416706085,4.793572902679443,4.793572902679443,3.3004205226898193,3.2575695514678955,1.954541802406311,7.048047065734863,1.9123530387878418,0.47808825969696045
33,1.1,-18.2,5.674020290374756,49,-0.10682088136672974,0.24856287240982056,0.27054426074028015,96.63235677083334,0.26744791865348816,5.885286331176758,0.07825520833333334,0.17873387038707733,3.43538761138916,3.43538761138916,3.1961770057678223,3.1313822269439697,1.8788293600082397,5.885286331176758,1.4392119646072388,0.3598029911518097
36,1.2,-18.1,7.005612850189209,28,-0.11583475023508072,0.018478823825716972,0.11729943007230759,96.30390625,-0.3284505307674408,5.766861915588379,0.08287760416666666,0.23026055097579956,4.652475833892822,4.652475833892822,3.370417833328247,3.342301845550537,2.0053811073303223,5.766861915588379,1.3910236358642578,0.34775590896606445
39,1.3,-18.0,4.933226108551025,60,0.036259379237890244,-0.009093856438994408,0.03738236054778099,96.44049479166667,0.13658854365348816,5.221093654632568,0.07669270833333333,0.1545732021331787,2.864699363708496,2.864699363708496,3.0549983978271484,2.9604849815368652,1.776291012763977,5.221093654632568,1.1689441204071045,0.2922360301017761
42,1.4,-17.900000000000002,5.6953444480896,47,0.12399230152368546,-0.17288003861904144,0.2127477377653122,96.496875,0.05638020858168602,5.5565104484558105,0.07662760416666667,0.1858036071062088,3.6023786067962646,3.6023786067962646,3.0416674613952637,2.944347620010376,1.7666085958480835,5.5565104484558105,1.305429220199585,0.32635730504989624
45,1.5,-17.8,5.717034339904785,45,0.11007773131132126,-0.359378457069397,0.37585899233818054,96.16809895833333,-0.3287760317325592,6.147265434265137,0.07858072916666667,0.1870167851448059,3.6310346126556396,3.6310346126556396,2.9493329524993896,2.832576274871826,1.6995458602905273,6.147265434265137,1.5458143949508667,0.3864535987377167
48,1.6,-17.7,3.530339002609253,98,0.04488387331366539,-0.275030255317688,0.278668612241745,95.534375,-0.6337239742279053,5.716145992279053,0.0765625,0.10660608857870102,1.7316898107528687,1.7316898107528687,2.6140828132629395,2.4267542362213135,1.456052541732788,5.716145992279053,1.3703868389129639,0.34259670972824097
51,1.7,-17.6,9.213913917541504,14,0.09299876540899277,0.06117435544729233,0.11131519079208374,95.32311197916667,-0.2112630158662796,5.5029296875,0.07369791666666667,0.3396300673484802,7.235843658447266,7.235843658447266,2.890979766845703,2.761939525604248,1.6571637392044067,5.5029296875,1.2836265563964844,0.3209066390991211
54,1.8,-17.5,6.896157741546631,33,0.07328183948993683,0.2991819977760315,0.30802613496780396,95.44303385416667,0.11992187798023224,6.2322916984558105,0.07877604166666667,0.23882293701171875,4.854724407196045,4.854724407196045,2.876063585281372,2.7438833713531494,1.6463301181793213,6.2322916984558105,1.58041250705719,0.3951031267642975
57,1.9,-17.400000000000002,5.110228061676025,56,0.02187805250287056,0.15914393961429596,0.16064073145389557,95.73600260416667,0.29296875,5.371614456176758,0.06829427083333334,0.14917442202568054,2.7371771335601807,2.7371771335601807,3.453195810317993,3.4425048828125,2.0655031204223633,5.371614456176758,1.2301928997039795,0.3075482249259949
60,2.0,-17.3,5.240408897399902,52,0.13608253002166748,0.07501490414142609,0.15538883209228516,95.5263671875,-0.2096354216337204,5.765234470367432,0.07630208333333334,0.14184625446796417,2.564081907272339,2.564081907272339,3.815624952316284,3.8812272548675537,2.3287365436553955,5.765234470367432,1.3903614282608032,0.3475903570652008
63,2.1,-17.2,3.7329673767089844,89,0.06280286610126495,0.08388543128967285,0.104790098965168,95.6150390625,0.08867187798023224,5.407422065734863,0.07356770833333333,0.07381460070610046,0.9571369290351868,0.9571369290351868,4.00274133682251,4.107732772827148,2.464639663696289,5.407422065734863,1.2447633743286133,0.3111908435821533
66,2.2,-17.1,8.619681358337402,19,-0.0915081799030304,-0.10654091835021973,0.14044469594955444,96.01432291666667,0.39928385615348816,6.354101657867432,0.092578125,0.24510017037391663,5.00299596786499,5.00299596786499,5.027865886688232,5.34865140914917,3.209191083908081,6.354101657867432,1.6299784183502197,0.40749460458755493
69,2.3,-17.0,8.751612663269043,17,-0.06065085902810097,-0.34258702397346497,0.34791436791419983,95.36608072916667,-0.648242175579071,6.9988932609558105,0.09459635416666666,0.23805448412895203,4.836573123931885,4.836573123931885,5.3483381271362305,5.736584663391113,3.441951036453247,6.9988932609558105,1.892351746559143,0.47308793663978577
72,2.4,-16.900000000000002,8.73869800567627,18,0.12761282920837402,-0.20950457453727722,0.24531041085720062,94.97018229166666,-0.3958984315395355,6.290950298309326,0.08157552083333333,0.2305518537759781,4.659356594085693,4.659356594085693,5.673712253570557,6.130451679229736,3.6782710552215576,6.290950298309326,1.6042814254760742,0.40107035636901855
75,2.5,-16.8,9.4874849319458,13,0.09845804423093796,0.05509715527296066,0.1128259003162384,95.11725260416667,0.14707031846046448,5.608788967132568,0.07565104166666667,0.2662030756473541,5.501458168029785,5.501458168029785,5.640778064727783,6.090584754943848,3.654350996017456,5.608788967132568,1.3267019987106323,0.3316754996776581
78,2.6,-16.7,7.299046993255615,23,-0.06584346294403076,0.14099258184432983,0.1556093543767929,95.41360677083334,0.29635417461395264,5.030989646911621,0.06438802083333334,0.18539959192276,3.5928354263305664,3.5928354263305664,5.336447238922119,5.7221903800964355,3.433314323425293,5.030989646911621,1.0915886163711548,0.2728971540927887
81,2.7,-16.6,5.380723476409912,51,-0.09408798813819885,0.040535736829042435,0.10244850814342499,95.72122395833334,0.3076171875,4.645768165588379,0.061263020833333334,0.1043519601225853,1.6784460544586182,1.6784460544586182,5.38498592376709,5.780946731567383,3.4685680866241455,4.645768165588379,0.9348374009132385,0.23370935022830963
84,2.8,-16.5,4.269723415374756,71,-0.05826674401760101,-0.009571226313710213,0.059047624468803406,95.7888671875,0.06764323264360428,4.649153709411621,0.05852864583333333,0.0615943968296051,0.6684890389442444,0.6684890389442444,5.245391845703125,5.61196756362915,3.367180585861206,4.649153709411621,0.9362150430679321,0.23405376076698303
87,2.9,-16.400000000000002,3.7437992095947266,88,-0.11907096207141876,-0.045877717435359955,0.12760351598262787,96.654296875,0.865429699420929,5.2449870109558105,0.05963541666666667,0.07081888616085052,0.8863765001296997,0.8863765001296997,4.137831211090088,4.271259784698486,2.562756061553955,5.2449870109558105,1.178666591644287,0.2946666479110718
90,3.0,-16.3,6.925189018249512,32,-0.29291224479675293,0.011716380715370178,0.2931464910507202,96.948046875,0.29374998807907104,5.345312595367432,0.06432291666666666,0.18313348293304443,3.539308786392212,3.539308786392212,4.851378917694092,5.135012626647949,3.081007719039917,5.345312595367432,1.2194902896881104,0.3048725724220276
93,3.1,-16.2,5.21486234664917,53,-0.3992045521736145,0.06871724873781204,0.40507569909095764,97.24798177083333,0.29993489384651184,5.429491996765137,0.06588541666666667,0.12061158567667007,2.062507390975952,2.062507390975952,4.518062591552734,4.731531620025635,2.838919162750244,5.429491996765137,1.2537438869476318,0.31343597173690796
96,3.2,-16.1,3.104541301727295,110,-0.3923775553703308,0.03637582063674927,0.39406007528305054,97.6849609375,0.43697917461395264,5.998958110809326,0.07428385416666666,0.033054135739803314,0.0,0.0,4.372469902038574,4.555291175842285,2.7331748008728027,5.998958110809326,1.4854663610458374,0.37136659026145935
99,3.3,-16.0,4.105397701263428,76,-0.4149819314479828,-0.00030576635617762804,0.41498205065727234,97.5013671875,-0.18359375,6.477213382720947,0.07825520833333334,0.04308708384633064,0.23133613169193268,0.23133613169193268,5.364986896514893,5.756738185882568,3.45404314994812,6.477213382720947,1.6800740957260132,0.4200185239315033
102,3.4,-15.9,3.864142656326294,86,-0.4255991578102112,0.03150133043527603,0.4267633557319641,97.42721354166666,-0.07415364682674408,6.711263179779053,0.08203125,0.03353232890367508,0.00564759224653244,0.00564759224653244,5.310772895812988,5.6911115646362305,3.4146671295166016,6.711263179779053,1.7753117084503174,0.44382792711257935
105,3.5,-15.8,6.938220024108887,31,-0.25106656551361084,0.05479235574603081,0.256975919008255,97.323828125,-0.10338541865348816,6.371614456176758,0.08033854166666667,0.17607980966567993,3.372697114944458,3.372697114944458,4.954970359802246,5.260410785675049,3.1562466621398926,6.371614456176758,1.6371046304702759,0.40927615761756897
108,3.6,-15.700000000000001,5.711389541625977,46,-0.29882383346557617,-0.05264754593372345,0.30342617630958557,97.01399739583333,-0.3098307251930237,6.757486820220947,0.08294270833333334,0.11757589131593704,1.990802526473999,1.990802526473999,5.114421367645264,5.453427314758301,3.2720565795898438,6.757486820220947,1.7941206693649292,0.4485301673412323
111,3.7,-15.600000000000001,3.934945821762085,83,-0.34645789861679077,-0.081559918820858,0.355928510427475,96.611328125,-0.4026692807674408,5.817643165588379,0.069140625,0.05572189390659332,0.5297772884368896,0.5297772884368896,4.811779499053955,5.087077617645264,3.0522468090057373,5.817643165588379,1.4116871356964111,0.3529217839241028
114,3.8,-15.5,4.271946907043457,70,-0.2834305465221405,-0.1319410502910614,0.3126360774040222,96.49322916666667,-0.11809895932674408,5.700651168823242,0.06907552083333333,0.0806889459490776,1.119512677192688,1.119512677192688,4.480191707611084,4.6856889724731445,2.811413526535034,5.700651168823242,1.3640817403793335,0.3410204350948334
117,3.9,-15.4,2.985630750656128,116,-0.2817479372024536,-0.12613019347190857,0.30869194865226746,95.89661458333333,-0.5966145992279053,5.514062404632568,0.06796875,0.006049564573913813,0.0,0.0,4.276665210723877,4.439319133758545,2.6635916233062744,5.514062404632568,1.2881566286087036,0.3220391571521759
120,4.0,-15.3,3.478971242904663,99,-0.23273590207099915,-0.08797799050807953,0.24880942702293396,95.70494791666667,-0.19166666269302368,5.288671970367432,0.0625,0.06211094930768013,0.6806902885437012,0.6806902885437012,4.050284385681152,4.165283679962158,2.4991703033447266,5.288671970367432,1.1964426040649414,0.29911065101623535
123,4.1,-15.200000000000001,2.7138571739196777,125,-0.2502930164337158,-0.09473315626382828,0.2676209509372711,95.68209635416666,-0.02285156212747097,5.428971290588379,0.0662109375,0.018811818212270737,0.0,0.0,3.914396047592163,4.000790119171143,2.4004740715026855,5.428971290588379,1.2535320520401,0.313383013010025
126,4.2,-15.100000000000001,5.995959758758545,42,-0.2083771526813507,0.08347813785076141,0.22447636723518372,95.7876953125,0.10559895634651184,5.368098735809326,0.060221354166666664,0.18307432532310486,3.5379114151000977,3.5379114151000977,3.5707156658172607,3.584763288497925,2.150858163833618,5.368098735809326,1.2287622690200806,0.30719056725502014
129,4.3,-15.0,4.0942182540893555,77,-0.14923259615898132,0.18241657316684723,0.23568235337734222,95.44309895833334,-0.34459635615348816,4.966080665588379,0.0552734375,0.1152687817811966,1.936307430267334,1.936307430267334,3.213782787322998,3.1526942253112793,1.8916165828704834,4.966080665588379,1.0651763677597046,0.26629409193992615
132,4.4,-14.9,7.355103492736816,22,-0.020345233380794525,-0.06001212075352669,0.06336705386638641,95.22858072916667,-0.2145182341337204,3.7500650882720947,0.03997395833333333,0.2745607793331146,5.698871612548828,5.698871612548828,2.6933717727661133,2.5227339267730713,1.5136404037475586,3.7500650882720947,0.5703652501106262,0.14259131252765656
135,4.5,-14.8,2.0545647144317627,145,-0.05988623946905136,-0.019268527626991272,0.06290975958108902,94.68932291666667,-0.539257824420929,3.5103516578674316,0.04108072916666667,0.056776151061058044,0.5546793937683105,0.5546793937683105,2.511683464050293,2.3027992248535156,1.3816795349121094,3.5103516578674316,0.47282305359840393,0.11820576339960098
138,4.6,-14.700000000000001,3.5705881118774414,95,-0.17175087332725525,0.05635133385658264,0.18075905740261078,94.61712239583333,-0.07220052182674408,3.679231882095337,0.0376953125,0.13502614200115204,2.402987003326416,2.402987003326416,2.030529022216797,1.7203593254089355,1.0322155952453613,3.679231882095337,0.5415424108505249,0.13538560271263123
141,4.7,-14.600000000000001,3.009803295135498,115,-0.04593225568532944,0.05674107372760773,0.07300220429897308,94.35423177083334,-0.26289063692092896,2.9345052242279053,0.026302083333333334,0.12581922113895416,2.185514450073242,2.185514450073242,1.6621524095535278,1.274437665939331,0.7646626234054565,2.9345052242279053,0.2385043352842331,0.05962608382105827
144,4.8,-14.5,2.396894693374634,133,0.05618879199028015,0.042224667966365814,0.070285864174366,94.45618489583333,0.10195312649011612,2.728515625,0.024934895833333335,0.10314763337373734,1.6499992609024048,1.6499992609024048,1.5844459533691406,1.1803735494613647,0.7082241773605347,2.728515625,0.15468473732471466,0.038671184331178665
147,4.9,-14.4,1.4494752883911133,174,-0.006963874213397503,0.01842554286122322,0.01969761773943901,94.3859375,-0.07024739682674408,2.4762370586395264,0.0220703125,0.06748820096254349,0.8077039122581482,0.8077039122581482,1.4750423431396484,1.0479398965835571,0.6287639737129211,2.4762370586395264,0.05202961340546608,0.01300740335136652
150,5.0,-14.3,0.44264599680900574,215,-0.0046080038882792,0.049686845391988754,0.04990006238222122,94.34381510416667,-0.04212239757180214,2.485872507095337,0.018815104166666666,0.031349945813417435,0.0,0.0,1.1995298862457275,0.7144306302070618,0.4286583960056305,2.485872507095337,0.05595039203763008,0.01398759800940752
153,5.1,-14.200000000000001,0.4416969120502472,216,-0.0014465267304331064,0.06414426863193512,0.06416057795286179,94.39993489583334,0.05611979216337204,2.2847657203674316,0.018424479166666667,0.014799054712057114,0.0,0.0,1.2174817323684692,0.736161470413208,0.4416969120502472,2.2847657203674316,0.0,0.0
156,5.2,-14.100000000000001,0.4634770452976227,214,0.02323121950030327,0.03357599675655365,0.0408293679356575,94.38072916666667,-0.01920572854578495,2.0042316913604736,0.015755208333333333,0.03928626328706741,0.1415586769580841,0.1415586769580841,1.052566409111023,0.536530613899231,0.3219183683395386,2.0042316913604736,0.0,0.0
159,5.3,-14.0,0.321672648191452,224,0.010639693588018417,0.013341469690203667,0.017064521089196205,94.10677083333333,-0.27395832538604736,1.9950520992279053,0.0142578125,0.02383238635957241,0.0,0.0,1.0522280931472778,0.5361210703849792,0.321672648191452,1.9950520992279053,0.0,0.0
162,5.4,-13.9,0.35325348377227783,222,0.03548554331064224,0.03499961644411087,0.04984171688556671,93.92786458333333,-0.17890624701976776,2.216015577316284,0.014583333333333334,0.032960452139377594,0.0,0.0,1.0957096815109253,0.5887557864189148,0.35325348377227783,2.216015577316284,0.0,0.0
165,5.5,-13.8,0.42770472168922424,217,0.02005908079445362,0.012610239908099174,0.023693561553955078,93.39485677083333,-0.533007800579071,2.082747459411621,0.012434895833333333,0.027189334854483604,0.0,0.0,1.1982167959213257,0.7128411531448364,0.42770472168922424,2.082747459411621,0.0,0.0
168,5.6,-13.700000000000001,0.3833121955394745,219,0.010911379009485245,0.021938737481832504,0.024502374231815338,93.07278645833334,-0.32207030057907104,2.1485025882720947,0.015625,0.013065271079540253,0.0,0.0,1.13709557056427,0.6388536095619202,0.3833121955394745,2.1485025882720947,0.0,0.0
171,5.7,-13.600000000000001,0.36822420358657837,221,-0.020563580095767975,0.016596021130681038,0.026425153017044067,93.11569010416666,0.04290364682674408,2.291471242904663,0.0138671875,0.03192519024014473,0.0,0.0,1.1163219213485718,0.6137070059776306,0.36822420358657837,2.291471242904663,0.0,0.0
174,5.8,-13.5,0.24949683248996735,228,-0.0022918644826859236,0.015177272260189056,0.015349340625107288,93.55338541666667,0.43769532442092896,2.4007160663604736,0.012890625,0.018326714634895325,0.0,0.0,0.9455224871635437,0.406953364610672,0.24417202174663544,2.4007160663604736,0.02129923179745674,0.005324807949364185
177,5.9,-13.4,0.9020418524742126,199,0.009698078036308289,-0.04208064079284668,0.043183714151382446,94.17018229166666,0.6167968511581421,2.389453172683716,0.012890625,0.05849980562925339,0.5953930616378784,0.5953930616378784,1.0257887840270996,0.5041161775588989,0.30246973037719727,2.389453172683716,0.016716226935386658,0.004179056733846664
180,6.0,-13.3,1.1936761140823364,189,-0.0065846191719174385,-0.08537964522838593,0.08563318103551865,94.73170572916666,0.5615234375,2.4749348163604736,0.014518229166666667,0.046259377151727676,0.3062674403190613,0.3062674403190613,1.8134269714355469,1.4575562477111816,0.8745337724685669,2.4749348163604736,0.05149971693754196,0.01287492923438549
183,6.1,-13.200000000000001,0.8237524032592773,202,0.014361800625920296,-0.04989123344421387,0.05191721022129059,94.86868489583334,0.13697916269302368,2.1895833015441895,0.017317708333333334,0.04120897874236107,0.18697427213191986,0.18697427213191986,1.4860764741897583,1.061296820640564,0.6367781162261963,2.1895833015441895,0.0,0.0
186,6.2,-13.100000000000001,1.6517444849014282,163,0.014219634234905243,-0.03410915285348892,0.03695446252822876,95.11608072916667,0.2473958283662796,2.3475260734558105,0.022526041666666666,0.01578272134065628,0.0,0.0,2.8835182189941406,2.7529072761535645,1.6517444849014282,2.3475260734558105,0.0,0.0
189,6.3,-13.0,1.3530688285827637,180,0.007923311553895473,-0.034939251840114594,0.035826388746500015,95.3171875,0.20110677182674408,2.5257160663604736,0.026041666666666668,0.006350806914269924,0.0,0.0,2.4474518299102783,2.2250466346740723,1.335028052330017,2.5257160663604736,0.07216320931911469,0.01804080232977867
192,6.4,-12.9,1.577162265777588,166,-0.00706803984940052,-0.056629255414009094,0.05706863850355148,95.46380208333333,0.14661458134651184,2.715364694595337,0.028450520833333333,0.026366587728261948,0.0,0.0,2.729429006576538,2.5663814544677734,1.539828896522522,2.715364694595337,0.14933347702026367,0.03733336925506592
195,6.5,-12.8,3.0181338787078857,114,0.0340147390961647,0.06218938156962395,0.0708838626742363,95.73834635416667,0.27454426884651184,2.615950584411621,0.023307291666666667,0.1257205754518509,2.1831843852996826,2.1831843852996826,1.7214481830596924,1.3462153673171997,0.8077292442321777,2.615950584411621,0.10888069868087769,0.02722017467021942
198,6.6,-12.700000000000001,1.7122551202774048,161,0.02016519382596016,0.07231731712818146,0.0750761553645134,96.00540364583334,0.26705729961395264,2.4117188453674316,0.020833333333333332,0.017157651484012604,0.0,0.0,2.9579591751098633,2.8430182933807373,1.7058110237121582,2.4117188453674316,0.025776391848921776,0.006444097962230444
201,6.7,-12.600000000000001,2.0336313247680664,146,0.021589946001768112,0.00607495941221714,0.022428350523114204,96.11822916666667,0.11282552033662796,1.8728516101837158,0.01640625,0.06625767797231674,0.7786382436752319,0.7786382436752319,2.337256669998169,2.0916547775268555,1.254992961883545,1.8728516101837158,0.0,0.0
204,6.8,-12.5,0.543525218963623,208,-0.0041931187734007835,-0.0027263108640909195,0.005001501180231571,96.06731770833333,-0.05091146007180214,1.8388020992279053,0.016015625,0.027243876829743385,0.0,0.0,1.3576825857162476,0.9058753252029419,0.543525218963623,1.8388020992279053,0.0,0.0
207,6.9,-12.4,0.15515834093093872,235,0.020838502794504166,-0.006533613428473473,0.021838756278157234,96.0666015625,-0.0007161458488553762,1.7179036140441895,0.012044270833333334,0.02531951293349266,0.0,0.0,0.8229652643203735,0.2585972249507904,0.15515834093093872,1.7179036140441895,0.0,0.0
210,7.0,-12.3,0.010546347126364708,247,0.03328249603509903,-0.014961885288357735,0.03649085387587547,96.0857421875,0.01914062537252903,1.7493489980697632,0.010286458333333333,0.015029595233500004,0.0,0.0,0.6238583326339722,0.017577243968844414,0.010546347126364708,1.7493489980697632,0.0,0.0
213,7.1,-12.200000000000001,0.0,251,0.03326763957738876,-0.023848865181207657,0.040932923555374146,96.05045572916667,-0.03528646007180214,1.4532551765441895,0.009375,0.008886992000043392,0.0,0.0,0.5832356214523315,0.0,0.0,1.4532551765441895,0.0,0.0
216,7.2,-12.100000000000001,0.0,252,0.020293720066547394,-0.026867328211665154,0.03367028757929802,96.14772135416666,0.09726562350988388,1.3950520753860474,0.007942708333333333,0.01332042459398508,0.0,0.0,0.5948002338409424,0.0,0.0,1.3950520753860474,0.0,0.0
219,7.3,-12.0,0.0,253,0.03272563964128494,-0.017361890524625778,0.037045955657958984,96.06354166666667,-0.08417968451976776,1.3895182609558105,0.007161458333333333,0.015649471431970596,0.0,0.0,0.5948171615600586,0.0,0.0,1.3895182609558105,0.0,0.0
222,7.4,-11.9,0.0,254,0.015831340104341507,-0.001084859948605299,0.015868468210101128,96.09602864583333,0.03248697891831398,1.3301432132720947,0.007161458333333333,0.02345973253250122,0.0,0.0,0.5424153208732605,0.0,0.0,1.3301432132720947,0.0,0.0
225,7.5,-11.8,0.0,255,0.024994894862174988,-0.013063175603747368,0.028202682733535767,96.01966145833333,-0.07636718451976776,1.2189452648162842,0.005989583333333334,0.01508147083222866,0.0,0.0,0.5742685198783875,0.0,0.0,1.2189452648162842,0.0,0.0
228,7.6,-11.700000000000001,0.0,256,0.01854322850704193,-0.012503609992563725,0.022364962846040726,96.07760416666666,0.0579427070915699,1.5680989027023315,0.01171875,0.006475887261331081,0.0,0.0,0.5930448770523071,0.0,0.0,1.5680989027023315,0.0,0.0
231,7.7,-11.600000000000001,0.07505986839532852,239,0.040273331105709076,-0.011510530486702919,0.04188595712184906,96.3470703125,0.2694661319255829,1.8374348878860474,0.0162109375,0.02175278402864933,0.0,0.0,0.712682843208313,0.125099778175354,0.07505986839532852,1.8374348878860474,0.0,0.0
234,7.8,-11.5,0.20684555172920227,231,0.015435425564646721,-0.024971790611743927,0.02935715764760971,96.666796875,0.3197265565395355,2.1884765625,0.022200520833333334,0.02825114317238331,0.0,0.0,0.8941300511360168,0.3447425663471222,0.20684555172920227,2.1884765625,0.0,0.0
237,7.9,-11.4,0.7430809140205383,205,0.030830368399620056,-0.028316408395767212,0.04186084866523743,96.78020833333333,0.11341145634651184,2.5843749046325684,0.028841145833333335,0.01575407013297081,0.0,0.0,1.5993828773498535,1.198454737663269,0.7190728783607483,2.5843749046325684,0.09603217989206314,0.024008044973015785
240,8.0,-11.3,0.9404265880584717,197,0.020997939631342888,-0.011796653270721436,0.02408473566174507,96.83515625,0.05494791641831398,2.8160157203674316,0.029036458333333334,0.019224436953663826,0.0,0.0,1.8386510610580444,1.4880902767181396,0.8928542137145996,2.8160157203674316,0.19028955698013306,0.047572389245033264
243,8.1,-11.200000000000001,1.998177409172058,148,0.010678907856345177,-0.022544877603650093,0.024946153163909912,97.80696614583333,0.9718099236488342,3.079622507095337,0.03860677083333333,0.01489989086985588,0.0,0.0,3.2580785751342773,3.2063145637512207,1.9237887859344482,3.079622507095337,0.29755428433418274,0.07438857108354568
246,8.2,-11.100000000000001,3.073819875717163,112,-0.00320045230910182,0.00046076253056526184,0.0032334497664123774,98.27161458333333,0.46464842557907104,3.506575584411621,0.04147135416666667,0.026868125423789024,0.0,0.0,4.679261207580566,4.926663398742676,2.955998182296753,3.506575584411621,0.47128650546073914,0.11782162636518478
249,8.3,-11.0,5.000175952911377,57,0.000495653017424047,0.006706033367663622,0.0067243254743516445,98.79140625,0.5197916626930237,3.9052083492279053,0.04967447916666667,0.0072570382617414,0.0,0.0,7.275702953338623,8.069669723510742,4.84180212020874,3.9052083492279053,0.6334949135780334,0.15837372839450836
252,8.4,-10.9,3.461411476135254,100,0.015142696909606457,0.02822144329547882,0.03202734887599945,98.94596354166667,0.15455728769302368,5.248437404632568,0.06686197916666667,0.026027847081422806,0.0,0.0,4.9689412117004395,5.277322769165039,3.166393756866455,5.248437404632568,1.1800706386566162,0.29501765966415405
255,8.5,-10.8,4.026953220367432,79,0.00017170075443573296,0.061967022716999054,0.061967261135578156,98.8802734375,-0.06569010764360428,5.157877445220947,0.0669921875,0.03691740334033966,0.08560490608215332,0.08560490608215332,5.642419815063477,6.09257173538208,3.655543088912964,5.157877445220947,1.1432207822799683,0.28580519556999207
258,8.6,-10.700000000000001,4.641119956970215,65,0.0023187517654150724,0.05792368948459625,0.057970080524683,98.20696614583333,-0.6733072996139526,5.091406345367432,0.06471354166666667,0.004578031599521637,0.0,0.0,6.615200042724609,7.270127296447754,4.362076759338379,5.091406345367432,1.1161729097366333,0.2790432274341583
261,8.7,-10.600000000000001,4.313295364379883,69,-0.04561283066868782,0.019919076934456825,0.0497724823653698,97.86236979166667,-0.34459635615348816,4.677018165588379,0.056315104166666664,0.061170149594545364,0.6584680676460266,0.6584680676460266,5.315277576446533,5.696564674377441,3.4179389476776123,4.677018165588379,0.9475533962249756,0.2368883490562439
264,8.8,-10.5,2.922285795211792,120,-0.055407315492630005,0.014563202857971191,0.0572892427444458,97.4849609375,-0.37740886211395264,4.234700679779053,0.04921875,0.011163212358951569,0.0,0.0,4.368640422821045,4.550655364990234,2.730393409729004,4.234700679779053,0.7675691843032837,0.19189229607582092
267,8.9,-10.4,2.719632387161255,124,-0.09488329291343689,0.05880238115787506,0.11162687838077545,97.18580729166666,-0.2991536557674408,4.017122268676758,0.0451171875,0.0592912957072258,0.6140884757041931,0.6140884757041931,3.2745959758758545,3.226308822631836,1.9357854127883911,4.017122268676758,0.6790339946746826,0.16975849866867065
270,9.0,-10.3,1.4597163200378418,173,-0.10841192305088043,0.044878073036670685,0.11733365803956985,96.79563802083334,-0.39016926288604736,3.947721242904663,0.04309895833333333,0.019414175301790237,0.0,0.0,2.395117998123169,2.161696195602417,1.2970178127288818,3.947721242904663,0.6507939100265503,0.16269847750663757
273,9.1,-10.200000000000001,1.6153790950775146,165,-0.1270837038755417,-0.0056472048163414,0.1272091120481491,96.63151041666667,-0.16412760317325592,3.604752540588379,0.038736979166666664,0.05386500805616379,0.4859166145324707,0.4859166145324707,1.9884499311447144,1.6694225072860718,1.0016535520553589,3.604752540588379,0.5112358927726746,0.12780897319316864
276,9.2,-10.100000000000001,2.337247610092163,134,-0.20796409249305725,-0.02729088068008423,0.20974712073802948,96.15032552083333,-0.4811848998069763,3.7628254890441895,0.04055989583333333,0.08372625708580017,1.1912556886672974,1.1912556886672974,1.9890680313110352,1.6701706647872925,1.0021024942398071,3.7628254890441895,0.5755576491355896,0.1438894122838974
279,9.3,-10.0,1.76517915725708,158,-0.2623699903488159,-0.020949378609657288,0.26320505142211914,95.9171875,-0.23313802480697632,3.870898485183716,0.04303385416666667,0.05477423220872879,0.5073930025100708,0.5073930025100708,2.1278533935546875,1.8381710052490234,1.1029026508331299,3.870898485183716,0.6195337772369385,0.15488344430923462
282,9.4,-9.9,1.566797137260437,167,-0.23329079151153564,-0.06223082169890404,0.2414482682943344,95.3474609375,-0.5697265863418579,3.804231882095337,0.042643229166666664,0.050495121628046036,0.4063180387020111,0.4063180387020111,2.0032150745391846,1.68729567527771,1.0123775005340576,3.804231882095337,0.5924063920974731,0.1481015980243683
285,9.5,-9.8,1.9343876838684082,149,-0.3002639412879944,-0.0882340520620346,0.31295955181121826,94.98639322916667,-0.3610677123069763,4.1348958015441895,0.045638020833333334,0.07184407114982605,0.9105919599533081,0.9105919599533081,1.7687108516693115,1.4034271240234375,0.8420563340187073,4.1348958015441895,0.7269574403762817,0.18173936009407043
288,9.6,-9.700000000000001,1.537514567375183,169,-0.35289496183395386,-0.07070371508598328,0.3599081337451935,94.26204427083333,-0.7243489623069763,4.081120014190674,0.044661458333333334,0.055473752319812775,0.5239160060882568,0.5239160060882568,1.7622030973434448,1.3955495357513428,0.8373297452926636,4.081120014190674,0.7050754427909851,0.17626886069774628
291,9.7,-9.600000000000001,0.9844471216201782,195,-0.36486491560935974,-0.04095933958888054,0.3671567440032959,93.7951171875,-0.46692708134651184,3.7986979484558105,0.04095052083333333,0.032062556594610214,0.0,0.0,1.7616231441497803,1.3948473930358887,0.8369084596633911,3.7986979484558105,0.5901545286178589,0.14753863215446472
294,9.8,-9.5,1.8377408981323242,152,-0.2954041361808777,-0.050740279257297516,0.29973018169403076,93.2044921875,-0.590624988079071,3.6859374046325684,0.039322916666666666,0.07014603912830353,0.8704834580421448,0.8704834580421448,1.7537492513656616,1.3853161334991455,0.8311896920204163,3.6859374046325684,0.544270932674408,0.136067733168602
297,9.9,-9.4,1.2771021127700806,185,-0.3237059712409973,-0.07918571680784225,0.3332505524158478,92.78359375,-0.4208984375,3.7742838859558105,0.03899739583333333,0.040126509964466095,0.1614057570695877,0.1614057570695877,1.9457511901855469,1.6177353858947754,0.9706412553787231,3.7742838859558105,0.5802201628684998,0.14505504071712494
300,10.0,-9.3,1.053011417388916,192,-0.32710158824920654,-0.07144361734390259,0.33481284976005554,91.99251302083333,-0.7910807132720947,3.940950632095337,0.040234375,0.008454011753201485,0.0,0.0,1.8361005783081055,1.4850027561187744,0.8910017013549805,3.940950632095337,0.6480388641357422,0.16200971603393555
303,10.1,-9.200000000000001,1.555666446685791,168,-0.28740769624710083,-0.04021136462688446,0.29020705819129944,91.73307291666667,-0.2594400942325592,3.901106834411621,0.041796875,0.05050800368189812,0.4066223204135895,0.4066223204135895,1.9739024639129639,1.6518126726150513,0.9910876154899597,3.901106834411621,0.6318259239196777,0.15795648097991943
306,10.2,-9.100000000000001,1.731723666191101,160,-0.23862242698669434,-0.026511386036872864,0.24009063839912415,91.25625,-0.4768229126930237,3.991015672683716,0.0431640625,0.05067239701747894,0.41050538420677185,0.41050538420677185,2.1983652114868164,1.9235259294509888,1.1541155576705933,3.991015672683716,0.6684108972549438,0.16710272431373596
309,10.3,-9.0,2.472883701324463,131,-0.18974754214286804,0.02605712041258812,0.1915283352136612,92.987890625,1.7316405773162842,4.876953125,0.0423828125,0.07177884131669998,0.9090511798858643,0.9090511798858643,2.408318281173706,2.177675247192383,1.3066052198410034,4.876953125,1.0289093255996704,0.2572273313999176
312,10.4,-8.9,4.267465114593506,72,-0.040700919926166534,-0.021253403276205063,0.04591592401266098,93.519140625,0.53125,3.6236979961395264,0.0373046875,0.15637512505054474,2.907261848449707,2.907261848449707,2.3034884929656982,2.0507781505584717,1.2304669618606567,3.6236979961395264,0.518945038318634,0.1297362595796585
315,10.5,-8.8,1.5156042575836182,171,-0.005959237925708294,-0.039693012833595276,0.04013786092400551,94.105078125,0.5859375,3.334244728088379,0.03665364583333333,0.03933196887373924,0.14263826608657837,0.14263826608657837,2.361602306365967,2.1211252212524414,1.2726751565933228,3.334244728088379,0.4011630713939667,0.10029076784849167
318,10.6,-8.700000000000001,1.3518249988555908,181,0.022910630330443382,-0.03140823543071747,0.03887639567255974,94.12649739583334,0.02141926996409893,3.1370441913604736,0.033528645833333336,0.030035093426704407,0.0,0.0,2.3601150512695312,2.1193249225616455,1.2715950012207031,3.1370441913604736,0.32091984152793884,0.08022996038198471
321,10.7,-8.600000000000001,2.26330828666687,137,0.0925440862774849,0.002044510096311569,0.09256666898727417,94.5841796875,0.4576822817325592,3.22265625,0.031901041666666664,0.07725220918655396,1.0383350849151611,1.0383350849151611,2.1734697818756104,1.8933899402618408,1.1360340118408203,3.22265625,0.35575640201568604,0.08893910050392151
324,10.8,-8.5,4.743918418884277,63,0.2674347162246704,0.027950791642069817,0.2688913643360138,94.84615885416666,0.2619791626930237,3.2183594703674316,0.028776041666666665,0.1767989546060562,3.389683723449707,3.389683723449707,2.352043867111206,2.1095547676086426,1.2657328844070435,3.2183594703674316,0.3540079891681671,0.08850199729204178
327,10.9,-8.4,3.9792985916137695,82,0.4157654643058777,0.032696034759283066,0.4170490801334381,95.12122395833333,0.2750650942325592,3.3701171875,0.028515625,0.14840663969516754,2.7190418243408203,2.7190418243408203,2.2013959884643555,1.9271947145462036,1.156316876411438,3.3701171875,0.41575998067855835,0.10393999516963959
330,11.0,-8.3,2.1460342407226562,142,0.46330422163009644,-0.012720471248030663,0.46347880363464355,95.20807291666667,0.08684895932674408,3.5450520515441895,0.030794270833333335,0.06574642658233643,0.7665622234344482,0.7665622234344482,2.341033697128296,2.096226930618286,1.2577362060546875,3.5450520515441895,0.4869430363178253,0.12173575907945633
333,11.1,-8.200000000000001,1.2660393714904785,188,0.47082996368408203,-0.012000953778624535,0.4709828794002533,95.70618489583333,0.4981119930744171,3.519726514816284,0.03046875,0.007560059428215027,0.0,0.0,2.1884028911590576,1.9114664793014526,1.1468799114227295,3.519726514816284,0.4766377806663513,0.11915944516658783
336,11.2,-8.100000000000001,4.107804298400879,75,0.5800415873527527,0.08814358711242676,0.5867005586624146,96.29720052083333,0.591015636920929,3.8902344703674316,0.035546875,0.1481759399175644,2.713592529296875,2.713592529296875,2.3129806518554688,2.0622684955596924,1.237361192703247,3.8902344703674316,0.6274018287658691,0.15685045719146729
339,11.3,-8.0,3.180851936340332,108,0.6679768562316895,0.12434248626232147,0.6794513463973999,96.97330729166667,0.6761067509651184,4.261523246765137,0.04147135416666667,0.09509453922510147,1.4597806930541992,1.4597806930541992,2.7110090255737305,2.544083833694458,1.5264503955841064,4.261523246765137,0.7784836292266846,0.19462090730667114
342,11.4,-7.9,5.917882442474365,43,0.6202940344810486,-0.0816437304019928,0.6256439685821533,97.45130208333333,0.47799479961395264,4.278645992279053,0.043619791666666664,0.21143314242362976,4.207762241363525,4.207762241363525,2.6935322284698486,2.522928237915039,1.5137569904327393,4.278645992279053,0.7854510545730591,0.19636276364326477
345,11.5,-7.800000000000001,6.38367223739624,39,0.5133339762687683,-0.28643086552619934,0.5878387689590454,97.89518229166667,0.44388020038604736,4.825781345367432,0.04694010416666667,0.23103727400302887,4.670822620391846,4.670822620391846,2.620657444000244,2.4347128868103027,1.4608278274536133,4.825781345367432,1.008086919784546,0.2520217299461365
348,11.6,-7.700000000000001,4.940341949462891,59,0.40262120962142944,-0.17974647879600525,0.44092246890068054,98.32486979166667,0.4296875,4.5391926765441895,0.04694010416666667,0.15374939143657684,2.845240354537964,2.845240354537964,3.187096118927002,3.120389938354492,1.8722339868545532,4.5391926765441895,0.8914706110954285,0.22286765277385712
351,11.7,-7.600000000000001,6.840238571166992,34,0.4564768970012665,0.045844078063964844,0.4587731957435608,98.98834635416667,0.6634765863418579,4.680273532867432,0.0486328125,0.23193001747131348,4.6919097900390625,4.6919097900390625,3.240621566772461,3.185182571411133,1.9111095666885376,4.680273532867432,0.9488780498504639,0.23721951246261597
354,11.8,-7.5,3.1932013034820557,106,0.39143359661102295,0.012303397059440613,0.39162692427635193,99.52408854166667,0.5357421636581421,4.884439945220947,0.0529296875,0.07318202406167984,0.9421951174736023,0.9421951174736023,3.3533947467803955,3.321695327758789,1.993017315864563,4.884439945220947,1.0319558382034302,0.25798895955085754
357,11.9,-7.4,5.141918182373047,55,0.34820374846458435,-0.13407598435878754,0.3731249272823334,99.84889322916666,0.3248046934604645,4.9991536140441895,0.05390625,0.15262943506240845,2.818786382675171,2.818786382675171,3.4366326332092285,3.422455072402954,2.0534732341766357,4.9991536140441895,1.0786341428756714,0.26965853571891785
360,12.0,-7.300000000000001,2.919386863708496,121,0.3321266174316406,-0.06716360151767731,0.33884957432746887,100.27337239583333,0.4244791567325592,4.860937595367432,0.05221354166666667,0.06881672143936157,0.839084267616272,0.839084267616272,3.1216557025909424,3.0411739349365234,1.8247044086456299,4.860937595367432,1.0223923921585083,0.2555980980396271
363,12.1,-7.200000000000001,6.9728102684021,30,0.3770974576473236,0.15981915593147278,0.4095664322376251,101.34075520833333,1.0673828125,5.309179782867432,0.058854166666666666,0.23139479756355286,4.679267406463623,4.679267406463623,3.3524701595306396,3.3205759525299072,1.9923456907272339,5.309179782867432,1.2047874927520752,0.3011968731880188
366,12.2,-7.100000000000001,6.3966383934021,38,0.34868770837783813,0.37123844027519226,0.5093142986297607,102.46432291666666,1.1235677003860474,6.246744632720947,0.067578125,0.2133195549249649,4.252320289611816,4.252320289611816,3.0156948566436768,2.912907838821411,1.7477447986602783,6.246744632720947,1.5862935781478882,0.39657339453697205
369,12.3,-7.0,6.29540491104126,40,0.26516830921173096,0.1721659004688263,0.31615713238716125,103.5734375,1.1091145277023315,5.510807514190674,0.05716145833333333,0.21588276326656342,4.312864780426025,4.312864780426025,2.8960299491882324,2.768052816390991,1.6608318090438843,5.510807514190674,1.2868320941925049,0.3217080235481262
372,12.4,-6.9,7.02044153213501,26,0.29379481077194214,-0.07072129845619202,0.30218684673309326,104.37721354166666,0.8037760257720947,5.205598831176758,0.05872395833333333,0.244568333029747,4.990433692932129,4.990433692932129,3.004134178161621,2.8989133834838867,1.73934805393219,5.205598831176758,1.1626391410827637,0.2906597852706909
375,12.5,-6.800000000000001,1.804439663887024,155,0.3066515326499939,-0.06266114860773087,0.31298816204071045,105.26634114583334,0.8891276121139526,5.267903804779053,0.0609375,0.015174362808465958,0.0,0.0,2.6848371028900146,2.5124027729034424,1.507441759109497,5.267903804779053,1.187991738319397,0.29699793457984924
378,12.6,-6.700000000000001,2.8858766555786133,123,0.27088430523872375,0.009829703718423843,0.27106261253356934,106.02037760416667,0.7540364861488342,5.368489742279053,0.0654296875,0.0808345153927803,1.1229511499404907,1.1229511499404907,2.613590717315674,2.4261586666107178,1.4556952714920044,5.368489742279053,1.2289214134216309,0.3072303533554077
381,12.7,-6.600000000000001,2.6373770236968994,129,0.24396970868110657,-0.047071270644664764,0.24846915900707245,107.1541015625,1.1337239742279053,5.621354103088379,0.06875,0.06294534355401993,0.7003991007804871,0.7003991007804871,2.8178155422210693,2.6733736991882324,1.6040242910385132,5.621354103088379,1.3318148851394653,0.33295372128486633
384,12.8,-6.5,5.199865818023682,54,0.3121907114982605,-0.1949625313282013,0.3680671453475952,108.31549479166667,1.1613932847976685,6.177669048309326,0.07467447916666667,0.16286782920360565,3.0606229305267334,3.0606229305267334,3.0183820724487305,2.9161605834960938,1.7496963739395142,6.177669048309326,1.5581859350204468,0.3895464837551117
387,12.9,-6.4,2.9687771797180176,117,0.29453063011169434,-0.1326746940612793,0.3230338394641876,109.751171875,1.4356770515441895,6.350520610809326,0.0775390625,0.06474297493696213,0.7428601384162903,0.7428601384162903,3.1135079860687256,3.03131103515625,1.8187867403030396,6.350520610809326,1.6285213232040405,0.40713033080101013
390,13.0,-6.300000000000001,3.8784918785095215,85,0.3054680824279785,-0.030230093747377396,0.3069602847099304,111.5166015625,1.7654297351837158,6.716731548309326,0.08059895833333333,0.10302681475877762,1.647145390510559,1.647145390510559,3.069690704345703,2.9782700538635254,1.7869621515274048,6.716731548309326,1.7775368690490723,0.44438421726226807
393,13.1,-6.200000000000001,2.011598825454712,147,0.3013418912887573,0.008687539957463741,0.30146709084510803,110.72063802083333,-0.7959635257720947,7.402994632720947,0.07239583333333334,0.03913576155900955,0.13800373673439026,0.13800373673439026,2.481006383895874,2.265664577484131,1.3593988418579102,7.402994632720947,2.0567853450775146,0.5141963362693787
396,13.2,-6.100000000000001,3.226532220840454,104,0.3018604516983032,-0.09486877918243408,0.3164171576499939,111.99348958333333,1.272851586341858,5.368684768676758,0.061328125,0.10355761647224426,1.6596832275390625,1.6596832275390625,2.3435983657836914,2.0993313789367676,1.2595988512039185,5.368684768676758,1.2290006875991821,0.30725017189979553
399,13.3,-6.0,3.0434834957122803,113,0.2544018030166626,-0.18143272399902344,0.3124709725379944,112.0095703125,0.01608072966337204,4.9598307609558105,0.05852864583333333,0.0987200066447258,1.545416235923767,1.545416235923767,2.306162118911743,2.0540146827697754,1.232408881187439,4.9598307609558105,1.0626331567764282,0.26565828919410706
402,13.4,-5.9,3.1499457359313965,109,0.24259868264198303,-0.07897259294986725,0.25512897968292236,111.83671875,-0.1728515625,4.241471290588379,0.051432291666666664,0.10313773155212402,1.6497653722763062,1.6497653722763062,2.409686803817749,2.1793317794799805,1.3075990676879883,4.241471290588379,0.7703242301940918,0.19258105754852295
405,13.5,-5.800000000000001,5.692142963409424,48,0.2582398056983948,0.13658079504966736,0.29213371872901917,111.79583333333333,-0.04088541492819786,4.451952934265137,0.05,0.21612012386322021,4.318471431732178,4.318471431732178,2.206024169921875,1.9327971935272217,1.159678339958191,4.451952934265137,0.8559716939926147,0.2139929234981537
408,13.6,-5.700000000000001,1.338122010231018,182,0.23102755844593048,0.1467430293560028,0.27369189262390137,111.88802083333333,0.09218750149011612,4.51953125,0.050065104166666666,0.029047846794128418,0.0,0.0,2.147613525390625,1.8620907068252563,1.1172544956207275,4.51953125,0.8834701180458069,0.22086752951145172
411,13.7,-5.600000000000001,4.59319543838501,66,0.3173113763332367,-0.010885754600167274,0.3174980580806732,112.03489583333334,0.14687499403953552,4.413541793823242,0.0525390625,0.17969900369644165,3.4581844806671143,3.4581844806671143,1.8828083276748657,1.541542887687683,0.9249257445335388,4.413541793823242,0.8403417468070984,0.2100854367017746
414,13.8,-5.5,1.4087780714035034,177,0.33141180872917175,-0.0650937557220459,0.33774396777153015,112.31673177083333,0.2818359434604645,4.2449870109558105,0.050455729166666664,0.0560118705034256,0.5366266965866089,0.5366266965866089,1.5445019006729126,1.1320210695266724,0.6792126893997192,4.2449870109558105,0.7717548608779907,0.19293871521949768
417,13.9,-5.4,6.08397912979126,41,0.24269899725914001,0.17826706171035767,0.3011344373226166,112.23834635416667,-0.07838542014360428,4.215104103088379,0.04765625,0.2590259611606598,5.331930637359619,5.331930637359619,1.3833253383636475,0.9369159936904907,0.5621496438980103,4.215104103088379,0.7595951557159424,0.1898987889289856
420,14.0,-5.300000000000001,0.932896614074707,198,0.23214398324489594,0.20639711618423462,0.31062936782836914,109.21022135416666,-3.028125047683716,5.678515434265137,0.044596354166666664,0.030045103281736374,0.0,0.0,1.4273542165756226,0.9902132153511047,0.5941279530525208,5.678515434265137,1.3550745248794556,0.3387686312198639
423,14.1,-5.200000000000001,6.567641735076904,37,0.26114028692245483,-0.06652706861495972,0.26948118209838867,109.3431640625,0.13294270634651184,3.423307180404663,0.04342447916666667,0.27446019649505615,5.69649600982666,5.69649600982666,1.658204436302185,1.2696586847305298,0.7617952227592468,3.423307180404663,0.4374036192893982,0.10935090482234955
426,14.2,-5.100000000000001,1.4601044654846191,172,0.2683234214782715,-0.12354610115289688,0.29539990425109863,109.08157552083334,-0.26158854365348816,3.569140672683716,0.044921875,0.05746970698237419,0.5710615515708923,0.5710615515708923,1.6624194383621216,1.2747609615325928,0.7648566365242004,3.569140672683716,0.4967449903488159,0.12418624758720398
429,14.3,-5.0,3.549412965774536,96,0.17732009291648865,-0.010352212935686111,0.1776220202445984,109.09244791666667,0.01087239570915699,3.246809959411621,0.0443359375,0.14523932337760925,2.644227981567383,2.644227981567383,1.7297911643981934,1.3563146591186523,0.8137888312339783,3.246809959411621,0.3655848205089569,0.09139620512723923
432,14.4,-4.9,2.5641982555389404,130,0.16074952483177185,0.09087827801704407,0.18465986847877502,109.01529947916667,-0.0771484375,3.519335985183716,0.04485677083333333,0.10257775336503983,1.6365383863449097,1.6365383863449097,1.7225645780563354,1.3475669622421265,0.8085402250289917,3.519335985183716,0.4764788746833801,0.11911971867084503
435,14.5,-4.800000000000001,3.578256845474243,94,0.2885713577270508,0.02311793714761734,0.28949588537216187,109.2640625,0.24876302480697632,3.5215494632720947,0.045572916666666664,0.14467164874076843,2.630819320678711,2.630819320678711,1.7494851350784302,1.3801543712615967,0.828092634677887,3.5215494632720947,0.47737956047058105,0.11934489011764526
438,14.6,-4.700000000000001,3.6659185886383057,90,0.3229388892650604,-0.11520847678184509,0.3428739011287689,109.06666666666666,-0.19739583134651184,3.860807180404663,0.047265625,0.14253182709217072,2.580275535583496,2.580275535583496,1.8922537565231323,1.5529766082763672,0.9317860007286072,3.860807180404663,0.615427553653717,0.15385688841342926
441,14.7,-4.600000000000001,2.9334511756896973,118,0.2137107104063034,-0.11513164639472961,0.24275000393390656,108.89127604166667,-0.17539063096046448,3.625260353088379,0.04895833333333333,0.1092282086610794,1.7936257123947144,1.7936257123947144,1.9998453855514526,1.6832168102264404,1.00993013381958,3.625260353088379,0.5195807218551636,0.1298951804637909
444,14.8,-4.5,3.5471785068511963,97,0.19885292649269104,0.014012094587087631,0.19934599101543427,108.82506510416667,-0.06621094048023224,3.5479817390441895,0.0451171875,0.12999561429023743,2.284163236618042,2.284163236618042,2.180281639099121,1.9016356468200684,1.1409814357757568,3.5479817390441895,0.4881351590156555,0.12203378975391388
447,14.9,-4.4,1.787515640258789,156,0.24300330877304077,-0.016250129789114,0.2435460388660431,108.9021484375,0.07708333432674408,3.4326822757720947,0.044205729166666666,0.05352624133229256,0.4779147505760193,0.4779147505760193,2.2605714797973633,1.9988269805908203,1.199296236038208,3.4326822757720947,0.44121846556663513,0.11030461639165878
450,15.0,-4.300000000000001,4.240492343902588,73,0.30490896105766296,-0.15141110122203827,0.3404332399368286,108.63828125,-0.26386719942092896,4.024804592132568,0.049544270833333334,0.14866337180137634,2.7251060009002686,2.7251060009002686,2.460970163345337,2.241410493850708,1.3448463678359985,4.024804592132568,0.6821600198745728,0.1705400049686432
453,15.1,-4.200000000000001,2.256181478500366,139,0.2410731464624405,-0.12933790683746338,0.27357733249664307,108.77701822916667,0.13873697817325592,3.665299415588379,0.04505208333333333,0.06754433363676071,0.809029757976532,0.809029757976532,2.417375326156616,2.188638925552368,1.3131834268569946,3.665299415588379,0.5358731150627136,0.1339682787656784
456,15.2,-4.100000000000001,2.9157698154449463,122,0.23716071248054504,-0.03403428941965103,0.2395903617143631,108.8236328125,0.04661458358168602,3.4348957538604736,0.04440104166666667,0.0953838899731636,1.4666153192520142,1.4666153192520142,2.4524037837982178,2.2310409545898438,1.3386245965957642,3.4348957538604736,0.44211915135383606,0.11052978783845901
459,15.3,-4.0,1.7459337711334229,159,0.19448670744895935,-0.025937475264072418,0.1962086409330368,109.1517578125,0.328125,3.644270896911621,0.045247395833333336,0.043435342609882355,0.23956219851970673,0.23956219851970673,2.501856803894043,2.2909040451049805,1.374542474746704,3.644270896911621,0.5273163914680481,0.13182909786701202
462,15.4,-3.9000000000000004,1.6911649703979492,162,0.1685037910938263,-0.05410014092922211,0.1769755631685257,109.34713541666666,0.19537760317325592,3.4130859375,0.04342447916666667,0.03831772133708,0.11868118494749069,0.11868118494749069,2.62526273727417,2.4402875900268555,1.464172601699829,3.4130859375,0.4332444667816162,0.10831111669540405
465,15.5,-3.8000000000000007,1.617467999458313,164,0.18619827926158905,-0.0787370502948761,0.20216162502765656,109.5134765625,0.1663411408662796,3.355273485183716,0.039388020833333336,0.030332691967487335,0.0,0.0,2.695296049118042,2.5250632762908936,1.515038013458252,3.355273485183716,0.40971991419792175,0.10242997854948044
468,15.6,-3.700000000000001,1.9330756664276123,150,0.22683534026145935,-0.08955539762973785,0.24387381970882416,109.63619791666666,0.1227213516831398,3.246289014816284,0.0369140625,0.042052436619997025,0.20689719915390015,0.20689719915390015,2.8602371215820312,2.7247252464294434,1.6348352432250977,3.246289014816284,0.36537283658981323,0.09134320914745331
471,15.7,-3.6000000000000014,2.2519145011901855,140,0.2494702935218811,-0.13573279976844788,0.28400495648384094,109.91438802083333,0.27819010615348816,3.269986867904663,0.03626302083333333,0.05142658203840256,0.42831966280937195,0.42831966280937195,2.991044282913208,2.883068084716797,1.729840874671936,3.269986867904663,0.3750157654285431,0.09375394135713577
474,15.8,-3.5,4.211401462554932,74,0.13035885989665985,-0.20673567056655884,0.24440349638462067,109.86803385416667,-0.04635416716337204,3.765885353088379,0.04251302083333333,0.1386684626340866,2.489020586013794,2.489020586013794,2.7822318077087402,2.6302995681762695,1.5781798362731934,3.765885353088379,0.5768027305603027,0.14420068264007568
477,15.9,-3.4000000000000004,2.413062334060669,132,0.1615409106016159,-0.2735669016838074,0.3177016079425812,109.77220052083334,-0.09583333134651184,3.98828125,0.0396484375,0.07374776899814606,0.9555583000183105,0.9555583000183105,2.3863909244537354,2.151132106781006,1.2906793355941772,3.98828125,0.6672982573509216,0.1668245643377304
480,16.0,-3.3000000000000007,3.2886803150177,103,0.2567000985145569,-0.19572710990905762,0.3228065073490143,109.70559895833334,-0.06660155951976776,3.5195963382720947,0.0318359375,0.12294024229049683,2.117511510848999,2.117511510848999,2.057800054550171,1.7533711194992065,1.0520226955413818,3.5195963382720947,0.4765848219394684,0.1191462054848671
483,16.1,-3.1999999999999993,4.761533260345459,62,0.09681561589241028,-0.08271358907222748,0.12733735144138336,109.80944010416667,0.1038411483168602,2.6205077171325684,0.027734375,0.1957935243844986,3.838346004486084,3.838346004486084,1.8422987461090088,1.492505669593811,0.8955034613609314,2.6205077171325684,0.11073504388332367,0.027683760970830917
486,16.2,-3.1000000000000014,2.926941156387329,119,0.05591101944446564,0.029765892773866653,0.06334075331687927,109.6107421875,-0.19869790971279144,2.469010353088379,0.024934895833333335,0.11968633532524109,2.0406525135040283,2.0406525135040283,1.8127145767211914,1.4566938877105713,0.8740163445472717,2.469010353088379,0.0490889810025692,0.0122722452506423
489,16.3,-3.0,0.7042727470397949,206,0.047796085476875305,0.04834494739770889,0.06798308342695236,109.50462239583334,-0.1061197891831398,2.669921875,0.023828125,0.020273959264159203,0.0,0.0,1.533968448638916,1.1192703247070312,0.6715621948242188,2.669921875,0.13084225356578827,0.03271056339144707
492,16.4,-2.900000000000002,1.4381284713745117,175,0.015438972041010857,-0.018425533547997475,0.024038763716816902,109.173046875,-0.33157551288604736,2.0376954078674316,0.018684895833333333,0.07419756799936295,0.9661828279495239,0.9661828279495239,1.259129285812378,0.7865760326385498,0.4719456434249878,2.0376954078674316,0.0,0.0
495,16.5,-2.8000000000000007,1.4305675029754639,176,0.0881534069776535,-0.01974327675998211,0.09033726155757904,109.25162760416667,0.07858072966337204,2.232617139816284,0.017122395833333335,0.07272636890411377,0.93143230676651,0.93143230676651,1.2965649366378784,0.8318920731544495,0.49913525581359863,2.232617139816284,0.0,0.0
498,16.6,-2.6999999999999993,1.2811487913131714,184,0.15012431144714355,-0.01215815357863903,0.1506158411502838,109.14342447916667,-0.10820312798023224,2.232421875,0.019140625,0.062433380633592606,0.6883062720298767,0.6883062720298767,1.4255844354629517,0.9880708456039429,0.5928425192832947,2.232421875,0.0,0.0
501,16.7,-2.6000000000000014,3.581818103790283,93,-0.009213926270604134,-0.02130107767879963,0.023208454251289368,109.012890625,-0.1305338591337204,2.4586589336395264,0.0185546875,0.15960033237934113,2.983442783355713,2.983442783355713,1.4177550077438354,0.9785932898521423,0.5871559977531433,2.4586589336395264,0.04487686604261398,0.011219216510653496
504,16.8,-2.5,1.1176235675811768,191,-0.028425835072994232,0.029982004314661026,0.0413152351975441,108.766015625,-0.24687500298023224,2.0308594703674316,0.017643229166666666,0.05476360023021698,0.5071418285369873,0.5071418285369873,1.4498708248138428,1.0174696445465088,0.6104817986488342,2.0308594703674316,0.0,0.0
507,16.9,-2.400000000000002,2.1111698150634766,143,-0.014758442528545856,-0.06308165937662125,0.06478508561849594,108.755078125,-0.010937499813735485,2.3463542461395264,0.019791666666666666,0.09406191110610962,1.435389518737793,1.435389518737793,1.5397758483886719,1.1263002157211304,0.675780177116394,2.3463542461395264,0.0,0.0
510,17.0,-2.3000000000000007,2.060382604598999,144,-0.012944676913321018,-0.1471005082130432,0.1476689726114273,108.3630859375,-0.3919921815395355,2.848372459411621,0.02109375,0.08403842896223068,1.198629379272461,1.198629379272461,1.7257989645004272,1.3514821529388428,0.8108893036842346,2.848372459411621,0.20345589518547058,0.050863973796367645
513,17.1,-2.1999999999999993,3.360703945159912,102,0.015777356922626495,-0.01109332125633955,0.019286958500742912,108.29205729166667,-0.07102864235639572,2.214648485183716,0.019205729166666668,0.1390068680047989,2.497014045715332,2.497014045715332,1.7984967231750488,1.4394830465316772,0.8636898398399353,2.214648485183716,0.0,0.0
516,17.2,-2.1000000000000014,0.8884178996086121,201,0.010433731600642204,-0.007977341301739216,0.01313395332545042,108.04388020833333,-0.24817708134651184,2.308854103088379,0.022526041666666666,0.0061857630498707294,0.0,0.0,1.8325430154800415,1.480696439743042,0.8884178996086121,2.308854103088379,0.0,0.0
519,17.3,-2.0,2.7104763984680176,126,-0.006849407218396664,-0.10679137706756592,0.10701080411672592,108.0064453125,-0.0374348945915699,2.7587890625,0.024088541666666668,0.10031410306692123,1.5830696821212769,1.5830696821212769,2.10410737991333,1.8094263076782227,1.0856558084487915,2.7587890625,0.16700336337089539,0.041750840842723846
522,17.4,-1.9000000000000021,1.321794033050537,183,-0.002739184070378542,-0.1425515115261078,0.14257782697677612,107.64140625,-0.36503905057907104,2.945507764816284,0.025911458333333335,0.03599557280540466,0.06383076310157776,0.06383076310157776,2.2577099800109863,1.9953631162643433,1.1972179412841797,2.945507764816284,0.24298140406608582,0.060745351016521454
525,17.5,-1.8000000000000007,3.194751024246216,105,-0.00010078611376229674,-0.022432900965213776,0.022433128207921982,107.4080078125,-0.2333984375,2.6166014671325684,0.026953125,0.12014757841825485,2.0515472888946533,2.0515472888946533,2.1457724571228027,1.8598620891571045,1.1159173250198364,2.6166014671325684,0.10914554446935654,0.027286386117339134
528,17.6,-1.6999999999999993,1.0410515069961548,193,0.002493813633918762,-0.005191287025809288,0.005759215913712978,107.1140625,-0.2939453125,2.647721290588379,0.02734375,0.017435744404792786,0.0,0.0,2.0007669925689697,1.684332251548767,1.0105993747711182,2.647721290588379,0.12180857360363007,0.030452143400907516
531,17.7,-1.6000000000000014,2.2571609020233154,138,-0.08311928808689117,-0.022209547460079193,0.0860353410243988,106.866796875,-0.24726562201976776,3.0305988788604736,0.029231770833333334,0.08728817105293274,1.2753900289535522,1.2753900289535522,1.8655204772949219,1.5206156969070435,0.912369430065155,3.0305988788604736,0.27760598063468933,0.06940149515867233
534,17.8,-1.5,1.374130129814148,179,-0.09704453498125076,0.021786514669656754,0.09946001321077347,106.6224609375,-0.24433593451976776,3.163606882095337,0.03203125,0.046147219836711884,0.3036182224750519,0.3036182224750519,1.9690728187561035,1.6459662914276123,0.9875798225402832,3.163606882095337,0.3317285180091858,0.08293212950229645
537,17.9,-1.4000000000000021,3.7894837856292725,87,-0.16378799080848694,0.1531422883272171,0.22422994673252106,106.7611328125,0.138671875,3.3726563453674316,0.029427083333333333,0.1473398357629776,2.693843364715576,2.693843364715576,1.9743907451629639,1.652403712272644,0.9914422631263733,3.3726563453674316,0.41679319739341736,0.10419829934835434
540,18.0,-1.3000000000000007,3.188627243041992,107,-0.20865359902381897,0.030315764248371124,0.21084441244602203,106.21393229166667,-0.5472005009651184,3.0257160663604736,0.025846354166666665,0.1307642012834549,2.3023176193237305,2.3023176193237305,1.734769582748413,1.362341046333313,0.8174046874046326,3.0257160663604736,0.27561911940574646,0.06890477985143661
543,18.1,-1.1999999999999993,4.04055118560791,78,-0.2591235637664795,-0.12340317666530609,0.287007600069046,105.837109375,-0.37682291865348816,3.5609374046325684,0.034765625,0.16179224848747253,3.035217046737671,3.035217046737671,1.8236825466156006,1.4699705839157104,0.8819823861122131,3.5609374046325684,0.4934069812297821,0.12335174530744553
546,18.2,-1.1000000000000014,1.9005827903747559,151,-0.27984851598739624,-0.058693259954452515,0.28593721985816956,105.4154296875,-0.42167967557907104,3.5643880367279053,0.031510416666666666,0.06794775277376175,0.8185587525367737,0.8185587525367737,1.928788661956787,1.597202181816101,0.9583213329315186,3.5643880367279053,0.494811087846756,0.123702771961689
549,18.3,-1.0,3.614597797393799,91,-0.28722989559173584,0.08561942726373672,0.29971936345100403,105.3015625,-0.11386718600988388,3.5365233421325684,0.032877604166666664,0.14450132846832275,2.626796245574951,2.626796245574951,1.8029625415802002,1.444888949394226,0.8669334053993225,3.5365233421325684,0.483472615480423,0.12086815387010574
552,18.4,-0.9000000000000021,4.494585990905762,68,-0.46875715255737305,0.10398751497268677,0.48015275597572327,105.12467447916667,-0.17688801884651184,4.000716209411621,0.039388020833333336,0.1824541985988617,3.523263692855835,3.523263692855835,1.7152572870254517,1.3387213945388794,0.8032328486442566,4.000716209411621,0.6723581552505493,0.16808953881263733
555,18.5,-0.8000000000000007,6.650724411010742,35,-0.7262905836105347,0.031085513532161713,0.7269555330276489,105.08313802083333,-0.04153645783662796,5.048047065734863,0.05807291666666667,0.26765307784080505,5.535707950592041,5.535707950592041,1.7664082050323486,1.4006397724151611,0.8403838872909546,5.048047065734863,1.0985294580459595,0.27463236451148987
558,18.6,-0.6999999999999993,11.303373336791992,8,-1.5451610088348389,0.02780303917825222,1.5454111099243164,104.81888020833334,-0.2642578184604645,6.555013179779053,0.08216145833333334,0.8188770413398743,10.0,10.0,1.8146758079528809,1.459067940711975,0.875440776348114,6.555013179779053,1.7117317914962769,0.4279329478740692
561,18.7,-0.6000000000000014,11.635320663452148,4,-2.306842803955078,0.021429352462291718,2.3069422245025635,104.294140625,-0.5247395634651184,7.586718559265137,0.09947916666666666,0.7617084383964539,10.0,10.0,2.1272082328796387,1.8373900651931763,1.1024340391159058,7.586718559265137,2.131544828414917,0.5328862071037292
564,18.8,-0.5,9.010185241699219,15,-2.634265422821045,-0.07291300594806671,2.6352744102478027,103.96744791666667,-0.32669270038604736,7.7149739265441895,0.10325520833333333,0.34074336290359497,7.262140274047852,7.262140274047852,2.2644472122192383,2.003518581390381,1.2021112442016602,7.7149739265441895,2.1837334632873535,0.5459333658218384
567,18.9,-0.40000000000000213,3.8945229053497314,84,-2.7341623306274414,-0.14385618269443512,2.7379441261291504,103.6001953125,-0.3672526180744171,7.703711032867432,0.0982421875,0.12252479791641235,2.107698440551758,2.107698440551758,2.319418430328369,2.070061445236206,1.2420369386672974,7.703711032867432,2.179150342941284,0.544787585735321
570,19.0,-0.3000000000000007,6.984591484069824,29,-2.9303030967712402,0.015605290420353413,2.930344581604004,103.18704427083334,-0.4131510555744171,7.905208110809326,0.10149739583333334,0.25278282165527344,5.184464454650879,5.184464454650879,2.309511661529541,2.0580692291259766,1.2348415851593018,7.905208110809326,2.2611420154571533,0.5652855038642883
573,19.1,-0.1999999999999993,6.585971355438232,36,-2.6958327293395996,0.07366176694631577,2.696838855743408,105.12298177083333,1.935937523841858,8.651432037353516,0.10234375,0.24155104160308838,4.919163703918457,4.919163703918457,2.0214345455169678,1.7093504667282104,1.025610327720642,8.651432037353516,2.564789295196533,0.6411973237991333
576,19.2,-0.10000000000000142,11.615924835205078,5,-2.2227888107299805,-0.1681719720363617,2.2291414737701416,108.108203125,2.9852213859558105,8.974804878234863,0.09342447916666667,0.5312759280204773,10.0,10.0,1.9060845375061035,1.5697187185287476,0.9418312907218933,8.974804878234863,2.696373462677002,0.6740933656692505
579,19.3,0.0,11.057211875915527,10,-1.433194875717163,-0.4364747405052185,1.4981848001480103,106.48151041666667,-1.6266926527023315,7.594922065734863,0.10123697916666667,0.833933413028717,10.0,10.0,1.3300988674163818,0.8724851012229919,0.5234910845756531,7.594922065734863,2.134882926940918,0.5337207317352295
582,19.4,0.09999999999999787,10.878244400024414,11,-0.2427021861076355,-0.5844563245773315,0.6328455805778503,104.59739583333334,-1.8841146230697632,6.902994632720947,0.0919921875,1.1996545791625977,10.0,10.0,1.1806033849716187,0.6915200352668762,0.41491204500198364,6.902994632720947,1.8533295392990112,0.4633323848247528
585,19.5,0.1999999999999993,11.39941120147705,6,0.7526497840881348,-0.0368577241897583,0.753551721572876,103.28411458333333,-1.3132812976837158,6.551432132720947,0.0853515625,1.136041283607483,10.0,10.0,1.9474059343338013,1.6197385787963867,0.9718431830406189,6.551432132720947,1.710274577140808,0.427568644285202
588,19.6,0.3000000000000007,12.277552604675293,2,0.2670513987541199,0.016299355775117874,0.2675483524799347,101.4880859375,-1.7960286140441895,5.759570121765137,0.064453125,0.4884991943836212,10.0,10.0,3.267371892929077,3.217564105987549,1.930538535118103,5.759570121765137,1.3880566358566284,0.3470141589641571
591,19.7,0.3999999999999986,12.079075813293457,3,-0.12786978483200073,0.3365432620048523,0.36001673340797424,102.77174479166666,1.2836588621139526,6.451627731323242,0.06751302083333334,0.508447527885437,10.0,10.0,2.8971710205078125,2.7694339752197266,1.6616604328155518,6.451627731323242,1.6696629524230957,0.4174157381057739
594,19.8,0.5,13.063569068908691,1,0.03788211569190025,1.4761003255844116,1.4765863418579102,108.59869791666667,5.826952934265137,11.015625,0.13860677083333334,1.1515486240386963,10.0,10.0,3.6134109497070312,3.636446237564087,2.181867837905884,11.015625,3.5268073081970215,0.8817018270492554
597,19.9,0.5999999999999979,8.835272789001465,16,0.06895458698272705,1.1897156238555908,1.1917122602462769,109.2419921875,0.6432942748069763,9.025976181030273,0.11536458333333334,0.28806543350219727,6.017858505249023,6.017858505249023,3.5531704425811768,3.5635247230529785,2.1381149291992188,9.025976181030273,2.717195749282837,0.6792989373207092
600,20.0,0.6999999999999993,11.337153434753418,7,-0.0851152241230011,-0.23117484152317047,0.246346116065979,110.36432291666667,1.1223307847976685,4.644856929779053,0.047591145833333334,1.429219126701355,10.0,10.0,2.1287264823913574,1.8392279148101807,1.10353684425354,4.644856929779053,0.9344666004180908,0.2336166501045227
603,20.1,0.8000000000000007,11.301146507263184,9,-0.05034830421209335,-0.6369987726211548,0.6389854550361633,110.0703125,-0.2940104305744171,6.592968940734863,0.082421875,0.40731045603752136,8.834491729736328,8.834491729736328,3.411006450653076,3.39143443107605,2.034860849380493,6.592968940734863,1.7271764278411865,0.43179410696029663
606,20.2,0.8999999999999986,10.191131591796875,12,0.03172469884157181,-0.3107650876045227,0.31238019466400146,109.80403645833333,-0.2662760317325592,4.836588382720947,0.05455729166666667,0.3363991677761078,7.159528732299805,7.159528732299805,4.434849739074707,4.630802154541016,2.7784814834594727,4.836588382720947,1.0124844312667847,0.25312110781669617
609,20.3,1.0,3.9955499172210693,81,-0.03049299865961075,-0.3493689298629761,0.3506971299648285,109.4685546875,-0.33548176288604736,4.468554496765137,0.048177083333333336,0.0732208862900734,0.9431130886077881,0.9431130886077881,4.515082836151123,4.727924823760986,2.8367550373077393,4.468554496765137,0.8627271056175232,0.2156817764043808
612,20.4,1.0999999999999979,8.585325241088867,20,-0.08509811758995056,-0.054700955748558044,0.10116266459226608,109.762890625,0.2943359315395355,2.9482421875,0.03313802083333333,0.29968470335006714,6.292312145233154,6.292312145233154,3.682420253753662,3.719982385635376,2.231989622116089,2.9482421875,0.24409407377243042,0.061023518443107605
615,20.5,1.1999999999999993,7.132380962371826,25,0.03993808105587959,0.18149414658546448,0.18583641946315765,109.89798177083334,0.1350911408662796,3.214648485183716,0.0310546875,0.26724928617477417,5.526170253753662,5.526170253753662,2.699492931365967,2.5301437377929688,1.518086314201355,3.214648485183716,0.352497935295105,0.08812448382377625
618,20.6,1.3000000000000007,2.6858725547790527,128,0.002907143672928214,0.08546705543994904,0.08551648259162903,110.10013020833334,0.2021484375,2.4111328125,0.020377604166666667,0.10291983932256699,1.6446186304092407,1.6446186304092407,2.0341827869415283,1.7247822284698486,1.0348694324493408,2.4111328125,0.025537928566336632,0.006384482141584158
621,20.7,1.3999999999999986,1.776693344116211,157,-0.03699210286140442,0.003496010322123766,0.03715693578124046,109.9025390625,-0.1975911408662796,1.7133463621139526,0.010221354166666667,0.09116578847169876,1.3669815063476562,1.3669815063476562,1.1734435558319092,0.6828530430793762,0.4097118377685547,1.7133463621139526,0.0,0.0
624,20.8,1.5,0.08373847603797913,238,-0.00046821957221254706,0.008299406617879868,0.008312603458762169,109.90638020833333,0.003841145895421505,0.9117838740348816,0.0024088541666666668,0.036838386207818985,0.08373847603797913,0.08373847603797913,0.37464064359664917,0.0,0.0,0.9117838740348816,0.0,0.0
627,20.9,1.5999999999999979,0.0,257,0.01810133084654808,-0.006386057939380407,0.019194789230823517,109.69654947916666,-0.20983073115348816,0.7436848878860474,0.0014322916666666666,0.02367469295859337,0.0,0.0,0.14827658236026764,0.0,0.0,0.7436848878860474,0.0,0.0
630,21.0,1.6999999999999993,0.0,258,0.00892183743417263,0.01491463091224432,0.017379453405737877,109.84928385416667,0.15273436903953552,1.3079427480697632,0.005533854166666667,0.0231944490224123,0.0,0.0,0.4111325740814209,0.0,0.0,1.3079427480697632,0.0,0.0
633,21.1,1.8000000000000007,0.0,259,0.026453640311956406,0.011733593419194221,0.02893911302089691,109.77161458333333,-0.07766927033662796,0.9366536736488342,0.0030598958333333333,0.017818056046962738,0.0,0.0,0.40529173612594604,0.0,0.0,0.9366536736488342,0.0,0.0
636,21.2,1.8999999999999986,0.0,260,0.036191269755363464,-0.006295584142208099,0.03673475608229637,109.75625,-0.01536458358168602,0.6742187738418579,0.0012369791666666666,0.020490795373916626,0.0,0.0,0.17949412763118744,0.0,0.0,0.6742187738418579,0.0,0.0
639,21.3,2.0,0.5035720467567444,213,-0.01704258657991886,0.005897794850170612,0.01803423836827278,109.70618489583333,-0.05006510391831398,0.6266276240348816,0.001171875,0.05461246892809868,0.5035720467567444,0.5035720467567444,0.1908692568540573,0.0,0.0,0.6266276240348816,0.0,0.0
642,21.4,2.099999999999998,0.0,261,-0.005021211691200733,-0.00213434686884284,0.005456006154417992,109.80403645833333,0.09785155951976776,0.7051432132720947,0.0020833333333333333,0.014457826502621174,0.0,0.0,0.22433219850063324,0.0,0.0,0.7051432132720947,0.0,0.0
645,21.5,2.1999999999999993,0.0,262,0.013707311823964119,-0.012675839476287365,0.018669957295060158,109.79908854166666,-0.004947916604578495,0.7186197638511658,0.002734375,0.021491410210728645,0.0,0.0,0.18547335267066956,0.0,0.0,0.7186197638511658,0.0,0.0
648,21.6,2.3000000000000007,0.0,263,-0.006219239439815283,0.0031659300439059734,0.0069786855019629,109.77779947916666,-0.02128906175494194,0.709179699420929,0.002018229166666667,0.025456417351961136,0.0,0.0,0.2643435001373291,0.0,0.0,0.709179699420929,0.0,0.0
651,21.7,2.3999999999999986,0.0,264,-0.0049348552711308,0.002534401835873723,0.00554761104285717,109.654296875,-0.12350260466337204,0.7486327886581421,0.002734375,0.0014312479179352522,0.0,0.0,0.3140348792076111,0.0,0.0,0.7486327886581421,0.0,0.0
654,21.8,2.5,0.0,265,0.0021115909330546856,-0.0011128494516015053,0.002386891283094883,109.68665364583333,0.03235677257180214,0.7233723998069763,0.0027994791666666667,0.007934409193694592,0.0,0.0,0.2592334449291229,0.0,0.0,0.7233723998069763,0.0,0.0
657,21.9,2.599999999999998,0.0,266,-0.006345476023852825,-0.001847926527261734,0.006609077099710703,109.656640625,-0.03001302108168602,0.702929675579071,0.0024088541666666668,0.008488952182233334,0.0,0.0,0.2817571461200714,0.0,0.0,0.702929675579071,0.0,0.0
660,22.0,2.6999999999999993,0.0,267,-0.0063627734780311584,-0.0021895100362598896,0.006728955544531345,109.51705729166666,-0.13958333432674408,0.9182291626930237,0.0022786458333333335,0.0003420212015043944,0.0,0.0,0.2612118721008301,0.0,0.0,0.9182291626930237,0.0,0.0
663,22.1,2.8000000000000007,0.0,268,0.00727788545191288,-0.0001608469319762662,0.007279662881046534,109.4943359375,-0.02272135391831398,0.5279296636581421,0.0024088541666666668,0.01379068661481142,0.0,0.0,0.07740825414657593,0.0,0.0,0.5279296636581421,0.0,0.0
666,22.2,2.8999999999999986,0.0,269,0.017581958323717117,0.0025309293996542692,0.017763188108801842,109.57903645833333,0.08470051735639572,0.6400390863418579,0.0022135416666666666,0.010649862699210644,0.0,0.0,0.17036202549934387,0.0,0.0,0.6400390863418579,0.0,0.0
669,22.3,3.0,0.0,270,0.010333828628063202,0.00460280105471611,0.01131254993379116,109.56276041666666,-0.01627604104578495,0.6053385138511658,0.001953125,0.007538436912000179,0.0,0.0,0.161187544465065,0.0,0.0,0.6053385138511658,0.0,0.0
672,22.4,3.099999999999998,0.0,271,0.0034098210744559765,0.002996970433741808,0.004539681598544121,109.6158203125,0.0530598945915699,0.562304675579071,0.0025390625,0.007107782643288374,0.0,0.0,0.11958839744329453,0.0,0.0,0.562304675579071,0.0,0.0
675,22.5,3.1999999999999993,0.0,272,0.0007523400709033012,-0.0010111832525581121,0.0012603598879650235,109.56334635416667,-0.05247395858168602,0.5526041388511658,0.0025390625,0.004809106234461069,0.0,0.0,0.12647438049316406,0.0,0.0,0.5526041388511658,0.0,0.0
678,22.6,3.3000000000000007,0.0,273,0.005613517947494984,-0.0017724910285323858,0.005886706057935953,109.60970052083333,0.04635416716337204,0.5294271111488342,0.0017578125,0.004920430947095156,0.0,0.0,0.11437322944402695,0.0,0.0,0.5294271111488342,0.0,0.0
681,22.7,3.3999999999999986,0.0,274,0.009024540893733501,0.002227980177849531,0.009295495226979256,109.61614583333333,0.0064453124068677425,0.4570963680744171,0.002018229166666667,0.005257266107946634,0.0,0.0,0.07681645452976227,0.0,0.0,0.4570963680744171,0.0,0.0
684,22.8,3.5,0.0,275,0.008570946753025055,0.004214126151055098,0.009550916031002998,109.61803385416667,0.0018880207790061831,0.47285157442092896,0.0016276041666666667,0.0020372834987938404,0.0,0.0,0.09531407803297043,0.0,0.0,0.47285157442092896,0.0,0.0
687,22.9,3.599999999999998,0.0,276,-0.0011301886988803744,0.0014124795561656356,0.0018089845543727279,109.5513671875,-0.06666667014360428,0.4110676944255829,0.0017578125,0.010097586549818516,0.0,0.0,0.06058969348669052,0.0,0.0,0.4110676944255829,0.0,0.0
690,23.0,3.6999999999999993,0.20484739542007446,232,0.01623978652060032,0.03961458057165146,0.04281408339738846,110.01712239583334,0.4657551944255829,1.4816405773162842,0.004427083333333333,0.041965655982494354,0.20484739542007446,0.20484739542007446,0.2595418393611908,0.0,0.0,1.4816405773162842,0.0,0.0
693,23.1,3.8000000000000007,0.2391015589237213,229,0.007662862539291382,-0.0029456322081387043,0.008209520019590855,110.00559895833334,-0.011523437686264515,0.4638671875,0.0012369791666666666,0.04341584071516991,0.2391015589237213,0.2391015589237213,0.07045838236808777,0.0,0.0,0.4638671875,0.0,0.0
696,23.2,3.8999999999999986,0.0,277,0.007141611538827419,-0.0008646789938211441,0.007193766999989748,110.07083333333334,0.06523437798023224,0.45494791865348816,0.0016276041666666667,0.0021452433429658413,0.0,0.0,0.06178047135472298,0.0,0.0,0.45494791865348816,0.0,0.0
699,23.3,4.0,0.0,278,0.008762741461396217,0.0013660138938575983,0.008868575096130371,109.98932291666667,-0.08151041716337204,0.4729166626930237,0.0018229166666666667,0.002757544629275799,0.0,0.0,0.0650978833436966,0.0,0.0,0.4729166626930237,0.0,0.0
702,23.4,4.099999999999998,0.0,279,-0.0009071351960301399,-0.0009459338616579771,0.0013106048572808504,110.07161458333333,0.08229167014360428,0.47278645634651184,0.0010416666666666667,0.009942415170371532,0.0,0.0,0.06651978194713593,0.0,0.0,0.47278645634651184,0.0,0.0
705,23.5,4.199999999999999,0.0,280,0.004274845123291016,0.0030359842348843813,0.005243233870714903,110.04563802083334,-0.02597656287252903,0.44225260615348816,0.0014973958333333334,0.0065351808443665504,0.0,0.0,0.05948786437511444,0.0,0.0,0.44225260615348816,0.0,0.0
708,23.6,4.300000000000001,0.0,281,0.004221213050186634,0.0006235250039026141,0.004267015960067511,110.08958333333334,0.0439453125,0.43834635615348816,0.0012369791666666666,0.002413055393844843,0.0,0.0,0.06590640544891357,0.0,0.0,0.43834635615348816,0.0,0.0
711,23.7,4.399999999999999,0.0,282,0.006166145205497742,0.00043395208194851875,0.0061813960783183575,110.03509114583333,-0.05449218675494194,0.4094401001930237,0.0010416666666666667,0.0019541492220014334,0.0,0.0,0.07424382120370865,0.0,0.0,0.4094401001930237,0.0,0.0
714,23.8,4.5,0.0,283,-0.0002748238039202988,-0.0006187040125951171,0.000676995434332639,110.12526041666666,0.0901692733168602,0.4388671815395355,0.0011067708333333333,0.006526420824229717,0.0,0.0,0.07365385442972183,0.0,0.0,0.4388671815395355,0.0,0.0
717,23.9,4.599999999999998,0.0,284,0.0023567609023302794,-0.0009952584514394403,0.0025582925882190466,110.0525390625,-0.07272135466337204,0.3818359375,0.0012369791666666666,0.0026583888102322817,0.0,0.0,0.06468181312084198,0.0,0.0,0.3818359375,0.0,0.0
720,24.0,4.699999999999999,0.3015018105506897,225,-0.006310237571597099,-0.04623006284236908,0.04665873572230339,109.40279947916666,-0.6497395634651184,1.720312476158142,0.005533854166666667,0.04605761915445328,0.3015018105506897,0.3015018105506897,0.23166736960411072,0.0,0.0,1.720312476158142,0.0,0.0
723,24.1,4.800000000000001,0.3378455340862274,223,0.00284409848973155,0.0004775728448294103,0.0028839160222560167,109.317578125,-0.08522135764360428,0.44680988788604736,0.0011067708333333333,0.047596268355846405,0.3378455340862274,0.3378455340862274,0.07992034405469894,0.0,0.0,0.44680988788604736,0.0,0.0
726,24.2,4.899999999999999,0.0,285,0.0030208902899175882,7.89049081504345e-05,0.0030219205655157566,109.39049479166667,0.0729166641831398,0.44062501192092896,0.0011067708333333333,0.00043610946158878505,0.0,0.0,0.06600648909807205,0.0,0.0,0.44062501192092896,0.0,0.0
729,24.3,5.0,0.0,286,0.0030027409084141254,0.0014136305544525385,0.003318856004625559,109.3287109375,-0.06178385391831398,0.38691407442092896,0.0011067708333333333,0.0013348490465432405,0.0,0.0,0.06210670992732048,0.0,0.0,0.38691407442092896,0.0,0.0
732,24.4,5.099999999999998,0.0,287,0.004006270784884691,-0.00033862527925521135,0.004020556341856718,109.37903645833333,0.05032552033662796,0.4042317569255829,0.0011067708333333333,0.002019275212660432,0.0,0.0,0.07203903794288635,0.0,0.0,0.4042317569255829,0.0,0.0
735,24.5,5.199999999999999,0.0,288,0.0028606478590518236,-6.116686563473195e-05,0.0028613016474992037,109.2974609375,-0.08157552033662796,0.3763671815395355,0.000390625,0.0011787429684773088,0.0,0.0,0.06772047281265259,0.0,0.0,0.3763671815395355,0.0,0.0
738,24.6,5.300000000000001,0.0,289,0.005028685089200735,-0.0007349749794229865,0.005082112271338701,109.35104166666666,0.05358072742819786,0.3692057430744171,0.0004557291666666667,0.0022703311406075954,0.0,0.0,0.07444197684526443,0.0,0.0,0.3692057430744171,0.0,0.0
741,24.7,5.399999999999999,0.0,290,0.005793707445263863,0.000879168976098299,0.005860032979398966,109.33111979166667,-0.01992187462747097,0.337890625,0.000390625,0.0017862586537376046,0.0,0.0,0.07938382029533386,0.0,0.0,0.337890625,0.0,0.0
744,24.8,5.5,0.0,291,0.000776020810008049,0.0030547399073839188,0.0031517683528363705,109.38020833333333,0.04908854141831398,0.3537760376930237,0.0001953125,0.0054690297693014145,0.0,0.0,0.07245537638664246,0.0,0.0,0.3537760376930237,0.0,0.0
747,24.9,5.599999999999998,0.0,292,0.004748323932290077,-0.001015322981402278,0.004855663049966097,109.3392578125,-0.04095052182674408,0.3802734315395355,0.0001953125,0.005687232129275799,0.0,0.0,0.04846474155783653,0.0,0.0,0.3802734315395355,0.0,0.0
750,25.0,5.699999999999999,0.0,293,0.005187615752220154,0.0012082442408427596,0.005326463375240564,109.224609375,-0.11464843899011612,0.8749349117279053,0.0001953125,0.0022665453143417835,0.0,0.0,0.0881333127617836,0.0,0.0,0.8749349117279053,0.0,0.0
753,25.1,5.800000000000001,0.0,294,0.0036101751029491425,-0.0022939136251807213,0.004277312662452459,109.27076822916666,0.04615885391831398,0.34785157442092896,0.0,0.003841019468382001,0.0,0.0,0.04874250665307045,0.0,0.0,0.34785157442092896,0.0,0.0
756,25.2,5.899999999999999,0.0,295,-0.0015001115389168262,-0.0018012630753219128,0.0023441168013960123,109.29934895833334,0.02858072891831398,0.3521484434604645,0.0,0.0051339780911803246,0.0,0.0,0.059926386922597885,0.0,0.0,0.3521484434604645,0.0,0.0
759,25.3,6.0,0.0,296,0.000997977564111352,0.0011746492236852646,0.0015413500368595123,109.32220052083333,0.02285156212747097,0.32571613788604736,0.00013020833333333333,0.0038854219019412994,0.0,0.0,0.05196312442421913,0.0,0.0,0.32571613788604736,0.0,0.0
762,25.4,6.099999999999998,0.0,297,4.64040113001829e-08,0.0018219712655991316,0.0018219712655991316,109.28196614583334,-0.04023437574505806,0.2764323055744171,0.0,0.0011894924100488424,0.0,0.0,0.04130987450480461,0.0,0.0,0.2764323055744171,0.0,0.0
765,25.5,6.199999999999999,0.0,298,0.00019122367666568607,-0.0009699612855911255,0.0009886310435831547,109.33255208333334,0.05058593675494194,0.3098307251930237,0.0,0.002798470202833414,0.0,0.0,0.050367485731840134,0.0,0.0,0.3098307251930237,0.0,0.0
768,25.6,6.300000000000001,0.0,299,0.005001930519938469,-0.0011644086334854364,0.005135674960911274,109.31861979166666,-0.01393229141831398,0.31822916865348816,0.0,0.004814634565263987,0.0,0.0,0.04665268212556839,0.0,0.0,0.31822916865348816,0.0,0.0
771,25.7,6.399999999999999,0.0,300,0.002920822473242879,-0.0007509953575208783,0.003015824593603611,109.34270833333333,0.02408854104578495,0.3257812559604645,0.0,0.0021217730827629566,0.0,0.0,0.05051562562584877,0.0,0.0,0.3257812559604645,0.0,0.0
774,25.8,6.5,0.0,301,0.0014551610220223665,0.003307144623249769,0.0036131287924945354,109.26627604166667,-0.07643229514360428,0.3291666805744171,0.00013020833333333333,0.004314702935516834,0.0,0.0,0.04891457408666611,0.0,0.0,0.3291666805744171,0.0,0.0
777,25.9,6.599999999999998,0.0,302,-0.006084507331252098,-0.01643049344420433,0.017520911991596222,109.37701822916667,0.11074218899011612,0.48717448115348816,0.00013020833333333333,0.02112867683172226,0.0,0.0,0.06717097014188766,0.0,0.0,0.48717448115348816,0.0,0.0
780,26.0,6.699999999999999,0.0,303,0.0005855596391484141,0.009702774696052074,0.00972042791545391,109.28014322916667,-0.09687499701976776,0.6541666388511658,0.0003255208333333333,0.02697104960680008,0.0,0.0,0.0734306201338768,0.0,0.0,0.6541666388511658,0.0,0.0
783,26.1,6.800000000000001,0.0,304,-0.0005030166357755661,-0.00609940942376852,0.006120115984231234,109.30846354166667,0.0283203125,0.4228515625,0.000390625,0.015839634463191032,0.0,0.0,0.05933944508433342,0.0,0.0,0.4228515625,0.0,0.0
786,26.2,6.899999999999999,0.0,305,0.0009444048628211021,-0.002559230662882328,0.0027279227506369352,109.2115234375,-0.09694010764360428,0.3889974057674408,0.00026041666666666666,0.0038246430922299623,0.0,0.0,0.0652557909488678,0.0,0.0,0.3889974057674408,0.0,0.0
789,26.3,7.0,0.0,306,0.008220521733164787,0.0041257585398852825,0.009197764098644257,109.32252604166666,0.1110026016831398,0.42141926288604736,6.510416666666667e-05,0.009880837984383106,0.0,0.0,0.05964827165007591,0.0,0.0,0.42141926288604736,0.0,0.0
792,26.4,7.099999999999998,0.0,307,0.0008620576118119061,-0.00473651522770524,0.00481432443484664,109.2830078125,-0.03951822966337204,0.3896484375,0.00026041666666666666,0.01151897944509983,0.0,0.0,0.06178545206785202,0.0,0.0,0.3896484375,0.0,0.0
795,26.5,7.199999999999999,0.0,308,-0.0017237241845577955,0.001389229204505682,0.002213861560449004,109.35305989583334,0.07005207985639572,0.37942707538604736,0.000390625,0.0066491360776126385,0.0,0.0,0.06811664253473282,0.0,0.0,0.37942707538604736,0.0,0.0
798,26.6,7.300000000000001,0.0,309,0.00987166352570057,-0.004342852160334587,0.010784716345369816,109.28001302083334,-0.07304687798023224,0.458984375,0.0001953125,0.01293482817709446,0.0,0.0,0.07475271821022034,0.0,0.0,0.458984375,0.0,0.0
801,26.7,7.399999999999999,0.0,310,0.0027452216017991304,-0.0064904335886240005,0.007047124672681093,109.44303385416667,0.16302083432674408,0.5317708253860474,0.0001953125,0.007443002425134182,0.0,0.0,0.06799996644258499,0.0,0.0,0.5317708253860474,0.0,0.0
804,26.8,7.5,0.0,311,0.0014241766184568405,0.004978877026587725,0.005178560968488455,109.42779947916667,-0.01523437537252903,0.5433593988418579,0.0001953125,0.01154513843357563,0.0,0.0,0.06843624264001846,0.0,0.0,0.5433593988418579,0.0,0.0
807,26.9,7.599999999999998,0.0,312,0.00145899155177176,-0.000969267392065376,0.0017516094958409667,109.44505208333334,0.01725260354578495,0.4048828184604645,0.0001953125,0.005948246456682682,0.0,0.0,0.052316851913928986,0.0,0.0,0.4048828184604645,0.0,0.0
810,27.0,7.699999999999999,0.0,313,0.0063023194670677185,-0.0014853833708912134,0.006474997848272324,109.19296875,-0.25208333134651184,0.7311198115348816,0.00013020833333333333,0.00487075001001358,0.0,0.0,0.08237065374851227,0.0,0.0,0.7311198115348816,0.0,0.0
813,27.1,7.800000000000001,0.0,314,0.0065133655443787575,-0.004051681607961655,0.007670727092772722,109.24108072916667,0.04811197891831398,0.45917969942092896,6.510416666666667e-05,0.002574961632490158,0.0,0.0,0.07365584373474121,0.0,0.0,0.45917969942092896,0.0,0.0
816,27.2,7.899999999999999,0.0,315,0.011944476515054703,0.0007231114432215691,0.011966344900429249,109.21100260416667,-0.03007812425494194,0.4515624940395355,6.510416666666667e-05,0.007231570780277252,0.0,0.0,0.0625872015953064,0.0,0.0,0.4515624940395355,0.0,0.0
819,27.3,8.0,0.0,316,-0.013270468451082706,0.004137450363487005,0.013900496996939182,109.22701822916666,0.01601562462747097,0.48750001192092896,0.0005859375,0.025445060804486275,0.0,0.0,0.0692363902926445,0.0,0.0,0.48750001192092896,0.0,0.0
822,27.4,8.099999999999998,0.0,317,-0.01604408398270607,-0.000997401773929596,0.016075056046247482,109.01796875,-0.20904947817325592,0.5513671636581421,0.0017578125,0.005836064461618662,0.0,0.0,0.05820431187748909,0.0,0.0,0.5513671636581421,0.0,0.0
825,27.5,8.2,0.0,318,-0.0015977250877767801,-0.001880536088719964,0.0024676185566931963,108.9732421875,-0.04472656175494194,0.5382161736488342,0.0022135416666666666,0.014473328366875648,0.0,0.0,0.06445340812206268,0.0,0.0,0.5382161736488342,0.0,0.0
828,27.6,8.3,0.0,319,-0.0004684686427935958,0.0008633736288174987,0.00098228151910007,108.80970052083333,-0.16354165971279144,0.5380208492279053,0.0024088541666666668,0.0029671972151845694,0.0,0.0,0.05115116015076637,0.0,0.0,0.5380208492279053,0.0,0.0
831,27.7,8.399999999999999,0.0,320,-0.01607101783156395,0.00025862123584374785,0.01607309840619564,108.71796875,-0.09173177182674408,0.5573567748069763,0.0022786458333333335,0.015614265576004982,0.0,0.0,0.05102398991584778,0.0,0.0,0.5573567748069763,0.0,0.0
834,27.8,8.5,0.0,321,-0.013257691636681557,0.0007691396167501807,0.013279983773827553,108.43580729166666,-0.2821614444255829,0.619921863079071,0.0026041666666666665,0.002859271364286542,0.0,0.0,0.07177070528268814,0.0,0.0,0.619921863079071,0.0,0.0
837,27.9,8.599999999999998,0.0,322,-0.009291525930166245,0.00384887820109725,0.01005715224891901,108.40279947916666,-0.03300781175494194,0.6639974117279053,0.0024739583333333332,0.0050214799121022224,0.0,0.0,0.07916942238807678,0.0,0.0,0.6639974117279053,0.0,0.0
840,28.0,8.7,0.03635376691818237,244,-0.0008115518721751869,0.03763318434357643,0.03764193132519722,108.27845052083333,-0.1243489608168602,1.4466146230697632,0.0025390625,0.03483230620622635,0.03635376691818237,0.03635376691818237,0.3061254620552063,0.0,0.0,1.4466146230697632,0.0,0.0
843,28.1,8.8,0.03890505060553551,243,0.003803570754826069,0.0029990049079060555,0.004843674134463072,108.232421875,-0.04602864757180214,0.6676432490348816,0.002994791666666667,0.034940317273139954,0.03890505060553551,0.03890505060553551,0.11301379650831223,0.0,0.0,0.6676432490348816,0.0,0.0
846,28.2,8.899999999999999,0.0,323,-0.004033089615404606,-0.007655004039406776,0.008652450516819954,108.00286458333333,-0.22955729067325592,0.6869791746139526,0.004036458333333334,0.013225776143372059,0.0,0.0,0.112456776201725,0.0,0.0,0.6869791746139526,0.0,0.0
849,28.3,9.0,0.0,324,-0.004132932052016258,0.002431899309158325,0.004795337561517954,108.03873697916667,0.03587239608168602,0.6945963501930237,0.0033854166666666668,0.010087396949529648,0.0,0.0,0.11400213837623596,0.0,0.0,0.6945963501930237,0.0,0.0
852,28.4,9.099999999999998,0.0,325,-0.01452638953924179,0.0002742498181760311,0.014528978615999222,107.93977864583333,-0.0989583358168602,0.6751301884651184,0.0032552083333333335,0.010615055449306965,0.0,0.0,0.10998812317848206,0.0,0.0,0.6751301884651184,0.0,0.0
855,28.5,9.2,0.0,326,0.002957108896225691,-0.0018046970944851637,0.0034643071703612804,107.93274739583333,-0.007031249813735485,0.6408854126930237,0.0031901041666666666,0.017606668174266815,0.0,0.0,0.1112404465675354,0.0,0.0,0.6408854126930237,0.0,0.0
858,28.6,9.3,0.0,327,0.0024788575246930122,-0.0002367685956414789,0.0024901393335312605,107.782421875,-0.15032552182674408,0.6352213621139526,0.002994791666666667,0.001639244961552322,0.0,0.0,0.09199792891740799,0.0,0.0,0.6352213621139526,0.0,0.0
861,28.7,9.399999999999999,0.0,328,-0.003394555300474167,0.0018024933524429798,0.003843434387817979,107.83899739583333,0.05657552182674408,0.7347005009651184,0.002994791666666667,0.006217360030859709,0.0,0.0,0.10534144192934036,0.0,0.0,0.7347005009651184,0.0,0.0
864,28.8,9.5,0.0,329,-0.00917925126850605,-0.023269979283213615,0.025015007704496384,107.7974609375,-0.04153645783662796,0.8302083611488342,0.0033854166666666668,0.02573114074766636,0.0,0.0,0.10851650685071945,0.0,0.0,0.8302083611488342,0.0,0.0
867,28.9,9.599999999999998,0.0,330,-0.003372968640178442,-0.007761344779282808,0.008462587371468544,107.7345703125,-0.06289062649011612,0.7555989623069763,0.0037760416666666667,0.016559911891818047,0.0,0.0,0.11545943468809128,0.0,0.0,0.7555989623069763,0.0,0.0
870,29.0,9.7,0.03598613291978836,245,-0.030819442123174667,-0.029183216392993927,0.04244405776262283,107.52200520833334,-0.2125651091337204,1.6921223402023315,0.005598958333333333,0.034816741943359375,0.03598613291978836,0.03598613291978836,0.31294769048690796,0.0,0.0,1.6921223402023315,0.0,0.0
873,29.1,9.8,0.9004082679748535,200,0.0360969640314579,-0.004243236035108566,0.03634550794959068,107.69759114583333,0.17558594048023224,0.9491536617279053,0.002864583333333333,0.07141293585300446,0.9004082679748535,0.9004082679748535,0.14783145487308502,0.0,0.0,0.9491536617279053,0.0,0.0
876,29.2,9.899999999999999,0.0,331,0.06065189093351364,-0.0011269506067037582,0.06066235899925232,107.73912760416667,0.04153645783662796,1.0329426527023315,0.0030598958333333333,0.024751883000135422,0.0,0.0,0.17376402020454407,0.0,0.0,1.0329426527023315,0.0,0.0
879,29.3,10.0,0.0,332,0.07767187058925629,0.0031740935519337654,0.07773669809103012,107.8548828125,0.11575520783662796,1.1080728769302368,0.0032552083333333335,0.01755501888692379,0.0,0.0,0.2028564065694809,0.0,0.0,1.1080728769302368,0.0,0.0
882,29.4,10.099999999999998,0.0,333,0.07866981625556946,-0.007631155662238598,0.079039067029953,107.77565104166666,-0.07923176884651184,1.1637369394302368,0.00390625,0.010851235128939152,0.0,0.0,0.25593096017837524,0.0,0.0,1.1637369394302368,0.0,0.0
885,29.5,10.2,0.0,334,0.11059460043907166,-0.00899769738316536,0.11096001416444778,108.03736979166666,0.26171875,1.283203125,0.0039713541666666664,0.03195401653647423,0.0,0.0,0.2693643569946289,0.0,0.0,1.283203125,0.0,0.0
888,29.6,10.3,0.0,335,0.13988012075424194,-0.0003272013273090124,0.13988050818443298,108.0322265625,-0.005143229383975267,1.4780598878860474,0.0059244791666666664,0.03054208867251873,0.0,0.0,0.31674978137016296,0.0,0.0,1.4780598878860474,0.0,0.0
891,29.7,10.399999999999999,0.5263521075248718,209,0.19462941586971283,0.009228176437318325,0.19484807550907135,108.16334635416666,0.13111978769302368,1.6983072757720947,0.006705729166666666,0.05557688698172569,0.5263521075248718,0.5263521075248718,0.30428919196128845,0.0,0.0,1.6983072757720947,0.0,0.0
894,29.8,10.5,0.0,336,0.203654944896698,-0.001563117839396,0.20366095006465912,107.9857421875,-0.17760416865348816,1.7937500476837158,0.0068359375,0.014068127609789371,0.0,0.0,0.3204048275947571,0.0,0.0,1.7937500476837158,0.0,0.0
897,29.9,10.599999999999998,0.5178771615028381,211,0.2588692307472229,-0.0009150332771241665,0.25887084007263184,108.29973958333333,0.31399738788604736,2.166731834411621,0.012955729166666667,0.05521808937191963,0.5178771615028381,0.5178771615028381,0.34606486558914185,0.0,0.0,2.166731834411621,0.0,0.0
900,30.0,10.7,0.3880043029785156,218,0.30752184987068176,0.00038632890209555626,0.30752208828926086,108.34967447916667,0.04993489757180214,2.5921223163604736,0.014453125,0.04867001995444298,0.363208144903183,0.363208144903183,0.37982362508773804,0.0,0.0,2.5921223163604736,0.09918469190597534,0.024796172976493835
903,30.1,10.8,0.04911551624536514,241,0.33906716108322144,-0.002894229255616665,0.33907949924468994,108.79739583333334,0.44772136211395264,2.8311848640441895,0.02265625,0.03171543404459953,0.0,0.0,0.4064016044139862,0.0,0.0,2.8311848640441895,0.19646206498146057,0.04911551624536514
906,30.2,10.899999999999999,0.9501179456710815,196,0.4069593548774719,0.013726577162742615,0.40719079971313477,108.86399739583334,0.06660155951976776,3.188997507095337,0.0275390625,0.06989707797765732,0.8646028637886047,0.8646028637886047,0.44510599970817566,0.0,0.0,3.188997507095337,0.34206023812294006,0.08551505953073502
909,30.3,11.0,0.10340355336666107,237,0.4056689441204071,0.008923191577196121,0.4057670533657074,109.73665364583333,0.8726562261581421,3.3648438453674316,0.029361979166666666,0.004973697941750288,0.0,0.0,0.3981606960296631,0.0,0.0,3.3648438453674316,0.4136142134666443,0.10340355336666107
912,30.4,11.099999999999998,1.0109384059906006,194,0.476113498210907,0.012948274612426758,0.4762895405292511,110.24733072916666,0.5106770992279053,3.633072853088379,0.0333984375,0.07055944949388504,0.880248486995697,0.880248486995697,0.46990668773651123,0.0,0.0,3.633072853088379,0.522759735584259,0.13068993389606476
915,30.5,11.2,1.3956218957901,178,0.4225004315376282,0.07967682927846909,0.4299476742744446,111.84459635416667,1.597265601158142,3.922656297683716,0.0306640625,0.08559825271368027,1.2354732751846313,1.2354732751846313,0.39105772972106934,0.0,0.0,3.922656297683716,0.6405946612358093,0.16014866530895233
918,30.6,11.3,3.0851006507873535,111,0.2893216907978058,0.14748111367225647,0.32474255561828613,116.091796875,4.2472004890441895,5.705533981323242,0.026106770833333334,0.14944563806056976,2.7435834407806396,2.7435834407806396,0.3723486661911011,0.0,0.0,5.705533981323242,1.3660686016082764,0.3415171504020691
921,30.7,11.399999999999999,3.4158575534820557,101,0.1303621530532837,0.06758880615234375,0.1468418836593628,116.79186197916667,0.7000650763511658,2.1943359375,0.012955729166666667,0.1779070496559143,3.4158575534820557,3.4158575534820557,0.18847037851810455,0.0,0.0,2.1943359375,0.0,0.0
924,30.8,11.5,3.607494831085205,92,-0.04431694746017456,0.013890927657485008,0.04644297435879707,114.98815104166667,-1.8037109375,3.1085286140441895,0.010807291666666666,0.18274639546871185,3.530165672302246,3.530165672302246,0.2798181176185608,0.0,0.0,3.1085286140441895,0.3093165159225464,0.0773291289806366
927,30.9,11.599999999999998,4.672657012939453,64,-0.05664702132344246,-0.21034187078475952,0.2178361415863037,113.105078125,-1.8830729722976685,3.867708444595337,0.023372395833333334,0.22457152605056763,4.518097877502441,4.518097877502441,0.32116249203681946,0.0,0.0,3.867708444595337,0.6182357668876648,0.1545589417219162
930,31.0,11.7,1.5289325714111328,170,0.009976362809538841,-0.13844147324562073,0.1388004720211029,113.13411458333333,0.02903645858168602,2.316927194595337,0.014518229166666667,0.09802215546369553,1.5289325714111328,1.5289325714111328,0.24545727670192719,0.0,0.0,2.316927194595337,0.0,0.0
933,31.1,11.8,4.940413951873779,58,-0.035161517560482025,0.0989399403333664,0.10500212013721466,114.5392578125,1.4051432609558105,2.537825584411621,0.014388020833333333,0.2416347712278366,4.921141147613525,4.921141147613525,0.26328226923942566,0.0,0.0,2.537825584411621,0.07709071040153503,0.01927267760038376
936,31.2,11.899999999999999,1.8162157535552979,154,0.03962995857000351,0.02894846349954605,0.049076952040195465,117.7025390625,3.163281202316284,4.148177146911621,0.017057291666666665,0.10243325680494308,1.6331253051757812,1.6331253051757812,0.2069360762834549,0.0,0.0,4.148177146911621,0.7323617339134216,0.1830904334783554
939,31.3,12.0,0.5171691179275513,212,0.05004070699214935,-0.025248810648918152,0.05604975298047066,118.35924479166667,0.6567057371139526,2.0995442867279053,0.019205729166666668,0.05518811568617821,0.5171691179275513,0.5171691179275513,0.13932640850543976,0.0,0.0,2.0995442867279053,0.0,0.0
942,31.4,12.099999999999998,1.1429673433303833,190,-0.02676975354552269,0.002537686377763748,0.02688976749777794,118.6134765625,0.2542317807674408,1.8707681894302368,0.017708333333333333,0.08168192207813263,1.1429673433303833,1.1429673433303833,0.1297931671142578,0.0,0.0,1.8707681894302368,0.0,0.0
945,31.5,12.2,0.022244378924369812,246,0.004764758050441742,-0.010789269581437111,0.011794543825089931,118.9900390625,0.3765625059604645,1.7576823234558105,0.014583333333333334,0.034234970808029175,0.022244378924369812,0.022244378924369812,0.10578949004411697,0.0,0.0,1.7576823234558105,0.0,0.0
948,31.6,12.3,0.2084473818540573,230,0.037573203444480896,-0.0372002050280571,0.05287344008684158,119.27369791666666,0.28365886211395264,2.1761066913604736,0.018294270833333334,0.04211806505918503,0.2084473818540573,0.2084473818540573,0.15534304082393646,0.0,0.0,2.1761066913604736,0.0,0.0
951,31.7,12.399999999999999,0.166263610124588,234,0.07783681154251099,-0.034849487245082855,0.08528221398591995,119.59075520833333,0.3170572817325592,2.1786458492279053,0.019270833333333334,0.04033217206597328,0.166263610124588,0.166263610124588,0.11808159947395325,0.0,0.0,2.1786458492279053,0.0,0.0
954,31.8,12.5,0.0057221828028559685,248,0.06513901799917221,-0.0062648095190525055,0.06543958932161331,119.78678385416667,0.19602864980697632,2.4046223163604736,0.025520833333333333,0.03127807378768921,0.0,0.0,0.15017305314540863,0.0,0.0,2.4046223163604736,0.022888731211423874,0.0057221828028559685
957,31.9,12.599999999999998,8.610110671725124e-05,249,0.07832521200180054,-0.004448169842362404,0.07845141738653183,120.0154296875,0.22864583134651184,2.3492188453674316,0.021549479166666666,0.013310743495821953,0.0,0.0,0.15605853497982025,0.0,0.0,2.3492188453674316,0.00034440442686900496,8.610110671725124e-05
960,32.0,12.7,0.5262207388877869,210,0.12914589047431946,-0.02262219414114952,0.1311122626066208,120.091015625,0.07558593899011612,2.7195963859558105,0.021614583333333333,0.053972553461790085,0.4884569048881531,0.4884569048881531,0.2225847691297531,0.0,0.0,2.7195963859558105,0.15105539560317993,0.03776384890079498
963,32.1,12.8,0.048691656440496445,242,0.14003849029541016,-0.01923324540257454,0.14135310053825378,120.18821614583334,0.09720052033662796,2.8270182609558105,0.023177083333333334,0.01140761561691761,0.0,0.0,0.305079847574234,0.0,0.0,2.8270182609558105,0.19476662576198578,0.048691656440496445
966,32.2,12.900000000000002,0.11137353628873825,236,0.17516082525253296,-0.014762083068490028,0.17578177154064178,120.04296875,-0.14524739980697632,2.952669382095337,0.024544270833333333,0.03540578484535217,0.04989964887499809,0.04989964887499809,0.2159736454486847,0.0,0.0,2.952669382095337,0.24589554965496063,0.06147388741374016
969,32.3,12.999999999999996,0.2710740268230438,226,0.2060142457485199,0.011923305690288544,0.20635899901390076,119.951953125,-0.09101562201976776,3.271744728088379,0.026236979166666667,0.040792688727378845,0.17714126408100128,0.17714126408100128,0.2641628384590149,0.0,0.0,3.271744728088379,0.37573108077049255,0.09393277019262314
972,32.4,13.099999999999998,0.8001638650894165,203,0.24295610189437866,-0.027790911495685577,0.24454039335250854,116.96809895833333,-2.983854055404663,5.350520610809326,0.028645833333333332,0.05423946678638458,0.49476152658462524,0.49476152658462524,0.3699590861797333,0.0,0.0,5.350520610809326,1.2216094732284546,0.30540236830711365
975,32.5,13.2,0.2620554268360138,227,0.23665964603424072,-0.003039004746824503,0.23667915165424347,114.0841796875,-2.8839192390441895,4.924414157867432,0.026627604166666666,0.02554020844399929,0.0,0.0,0.36183270812034607,0.0,0.0,4.924414157867432,1.0482217073440552,0.2620554268360138
978,32.6,13.3,0.05722859129309654,240,0.22137576341629028,-0.004841526038944721,0.22142869234085083,113.66438802083333,-0.41979166865348816,2.910937547683716,0.0216796875,0.015389806590974331,0.0,0.0,0.32858380675315857,0.0,0.0,2.910937547683716,0.22891436517238617,0.05722859129309654
981,32.7,13.400000000000002,0.5864254832267761,207,0.1788201481103897,0.03157978504896164,0.18158724904060364,113.66588541666667,0.0014973958022892475,2.8375651836395264,0.022786458333333332,0.0560133196413517,0.53666090965271,0.53666090965271,0.3156394064426422,0.0,0.0,2.8375651836395264,0.19905829429626465,0.04976457357406616
984,32.8,13.499999999999996,0.3728673458099365,220,0.1297449916601181,0.030969351530075073,0.1333898901939392,113.46002604166667,-0.20585937798023224,2.334765672683716,0.016796875,0.04907895252108574,0.3728673458099365,0.3728673458099365,0.30378457903862,0.0,0.0,2.334765672683716,0.0,0.0
987,32.9,13.599999999999998,1.272225260734558,187,0.043182890862226486,0.02082756534218788,0.04794318974018097,113.32467447916666,-0.13535156846046448,2.0267577171325684,0.020638020833333333,0.08715418726205826,1.272225260734558,1.272225260734558,0.2864976227283478,0.0,0.0,2.0267577171325684,0.0,0.0
990,33.0,13.7,0.764418363571167,204,-0.015754908323287964,-0.008103422820568085,0.017716731876134872,112.75872395833333,-0.5659505128860474,2.1083984375,0.015234375,0.0656556636095047,0.764418363571167,0.764418363571167,0.29918864369392395,0.0,0.0,2.1083984375,0.0,0.0
993,33.1,13.8,1.2739921808242798,186,-0.0028470156248658895,-0.09437209367752075,0.09441503137350082,112.33248697916666,-0.42623698711395264,1.9335286617279053,0.014388020833333333,0.08722899109125137,1.2739921808242798,1.2739921808242798,0.35899555683135986,0.0,0.0,1.9335286617279053,0.0,0.0
996,33.2,13.900000000000002,1.8371226787567139,153,0.008922385051846504,0.011149665340781212,0.014280195347964764,109.8591796875,-2.4733073711395264,3.484635353088379,0.012890625,0.10617608577013016,1.721532940864563,1.721532940864563,0.27977654337882996,0.0,0.0,3.484635353088379,0.4623587727546692,0.1155896931886673
999,33.3,13.999999999999996,0.0,337,-0.0037874230183660984,0.013452546671032906,0.0139755355194211,109.71471354166667,-0.14446614682674408,1.5766276121139526,0.015234375,0.012916751205921173,0.0,0.0,0.2310415506362915,0.0,0.0,1.5766276121139526,0.0,0.0
1002,33.4,14.099999999999998,0.1997770369052887,233,0.026505790650844574,-0.015278397127985954,0.03059389442205429,109.30533854166667,-0.40937501192092896,1.8865885734558105,0.014322916666666666,0.04175099730491638,0.1997770369052887,0.1997770369052887,0.23895831406116486,0.0,0.0,1.8865885734558105,0.0,0.0
1005,33.5,14.2,0.0,338,0.013016888871788979,-0.0032510291785001755,0.013416728004813194,109.08489583333333,-0.22044271230697632,1.3309895992279053,0.0126953125,0.018072299659252167,0.0,0.0,0.1755717545747757,0.0,0.0,1.3309895992279053,0.0,0.0
1008,33.6,14.3,0.0,339,-0.01205862034112215,0.0023261504247784615,0.012280931696295738,108.786328125,-0.2985677123069763,1.278906226158142,0.0103515625,0.025688249617815018,0.0,0.0,0.19081971049308777,0.0,0.0,1.278906226158142,0.0,0.0
1011,33.7,14.400000000000002,0.0,340,0.010410977527499199,-0.007314525544643402,0.012723629362881184,108.82194010416667,0.03561197966337204,1.3016276359558105,0.012630208333333334,0.02445046976208687,0.0,0.0,0.21408160030841827,0.0,0.0,1.3016276359558105,0.0,0.0
1014,33.8,14.499999999999996,0.0,341,0.0066062407568097115,-0.004199561662971973,0.00782807357609272,108.530078125,-0.29186198115348816,1.1745442152023315,0.010481770833333333,0.004917216952890158,0.0,0.0,0.2251024842262268,0.0,0.0,1.1745442152023315,0.0,0.0
1017,33.9,14.599999999999998,0.0,342,0.0055559659376740456,0.0001849574618972838,0.005559043493121862,108.2154296875,-0.31464844942092896,1.197851538658142,0.010481770833333333,0.0045085567981004715,0.0,0.0,0.24341470003128052,0.0,0.0,1.197851538658142,0.0,0.0
1020,34.0,14.7,0.0,343,-0.00025879996246658266,0.00021619111066684127,0.00033721805084496737,107.86373697916666,-0.35169270634651184,1.3854166269302368,0.010677083333333334,0.005814849864691496,0.0,0.0,0.27091601490974426,0.0,0.0,1.3854166269302368,0.0,0.0
1023,34.1,14.8,0.0,344,0.006291224621236324,0.00029640414868481457,0.006298203021287918,107.78873697916667,-0.07500000298023224,1.0382812023162842,0.008268229166666667,0.006550516001880169,0.0,0.0,0.2655470669269562,0.0,0.0,1.0382812023162842,0.0,0.0
1026,34.2,14.900000000000002,0.0,345,-0.00033543683821335435,-0.009480870328843594,0.00948680192232132,107.63033854166666,-0.15839843451976776,0.9968098998069763,0.007421875,0.011811339296400547,0.0,0.0,0.26107433438301086,0.0,0.0,0.9968098998069763,0.0,0.0
1029,34.3,14.999999999999996,0.0,346,0.007368884980678558,0.008996120654046535,0.011628871783614159,107.43580729166666,-0.19453124701976776,0.992968738079071,0.008919270833333333,0.020018884912133217,0.0,0.0,0.2731911540031433,0.0,0.0,0.992968738079071,0.0,0.0
1032,34.4,15.099999999999998,0.0,347,0.0009227006230503321,0.0017910777823999524,0.0020147794857621193,107.325,-0.11080729216337204,0.9369791746139526,0.0087890625,0.009667778387665749,0.0,0.0,0.3307308852672577,0.0,0.0,0.9369791746139526,0.0,0.0
1035,34.5,15.2,0.0,348,0.0019372855313122272,-0.0040152547881007195,0.0044581773690879345,107.2162109375,-0.10878906399011612,0.8759765625,0.0064453125,0.005894308909773827,0.0,0.0,0.3020271062850952,0.0,0.0,0.8759765625,0.0,0.0
1038,34.6,15.3,0.0,349,0.0006779299583286047,-0.0034773950465023518,0.003542860969901085,107.040234375,-0.17597655951976776,0.7906901240348816,0.0064453125,0.0013694048393517733,0.0,0.0,0.25707104802131653,0.0,0.0,0.7906901240348816,0.0,0.0
1041,34.7,15.400000000000002,0.0,350,0.008032129146158695,0.0005707541713491082,0.008052382618188858,106.9609375,-0.07929687201976776,0.7881510257720947,0.005533854166666667,0.00839474517852068,0.0,0.0,0.2178875058889389,0.0,0.0,0.7881510257720947,0.0,0.0
1044,34.8,15.499999999999996,0.0,351,-0.00144694815389812,0.0009079781593754888,0.001708239782601595,106.7595703125,-0.20136718451976776,0.7633463740348816,0.005989583333333334,0.009485074318945408,0.0,0.0,0.2797698676586151,0.0,0.0,0.7633463740348816,0.0,0.0
1047,34.9,15.599999999999998,0.0,352,-0.0042447373270988464,0.001999549800530076,0.004692120477557182,106.84225260416666,0.0826822891831398,0.767578125,0.003841145833333333,0.003003190504387021,0.0,0.0,0.1613866537809372,0.0,0.0,0.767578125,0.0,0.0
1050,35.0,15.7,0.0,353,-0.008096776902675629,-0.013988640159368515,0.016162915155291557,106.56002604166666,-0.2822265625,1.022851586341858,0.0030598958333333333,0.01644568145275116,0.0,0.0,0.17477154731750488,0.0,0.0,1.022851586341858,0.0,0.0
1053,35.1,15.8,0.0,354,-0.0047987075522542,0.005015207454562187,0.006941174156963825,106.59407552083333,0.03404947742819786,0.580273449420929,0.0015625,0.01928791031241417,0.0,0.0,0.12436944246292114,0.0,0.0,0.580273449420929,0.0,0.0
1056,35.2,15.900000000000002,0.0,355,0.0026934281922876835,0.0009171574492938817,0.002845300128683448,106.49518229166667,-0.09889323264360428,0.5499349236488342,0.0016276041666666667,0.008539678528904915,0.0,0.0,0.07669097930192947,0.0,0.0,0.5499349236488342,0.0,0.0
1059,35.3,15.999999999999996,0.0,356,-0.0004215441585984081,0.00045166013296693563,0.0006178157636895776,106.58385416666667,0.08867187798023224,0.5865885615348816,0.0016927083333333334,0.0031495620496571064,0.0,0.0,0.11812075227499008,0.0,0.0,0.5865885615348816,0.0,0.0
1062,35.4,16.099999999999998,0.0,357,-0.004085995256900787,-0.0015296892961487174,0.004362947307527065,106.52766927083333,-0.05618489533662796,0.5551432371139526,0.0015625,0.004165807273238897,0.0,0.0,0.1261695921421051,0.0,0.0,0.5551432371139526,0.0,0.0
1065,35.5,16.2,0.0,358,-0.002868995536118746,-0.0038942531682550907,0.004836976528167725,106.53860677083334,0.010937499813735485,0.522265613079071,0.0014322916666666666,0.0026593701913952827,0.0,0.0,0.11547428369522095,0.0,0.0,0.522265613079071,0.0,0.0
1068,35.6,16.3,0.0,359,-0.001508056651800871,0.000569751369766891,0.001612095395103097,106.38782552083333,-0.15078124403953552,0.4912760555744171,0.0008463541666666667,0.004666850436478853,0.0,0.0,0.11080999672412872,0.0,0.0,0.4912760555744171,0.0,0.0
1071,35.7,16.400000000000002,0.0,360,-0.00421798974275589,0.00052112084813416,0.004250059369951487,106.5109375,0.12311197817325592,0.533007800579071,0.0013671875,0.0027103694155812263,0.0,0.0,0.10223468393087387,0.0,0.0,0.533007800579071,0.0,0.0
1074,35.8,16.499999999999996,0.0,361,-0.0020938431844115257,0.0016025761142373085,0.0026367460377514362,106.52890625,0.01796874962747097,0.4795573055744171,0.00078125,0.0023835990577936172,0.0,0.0,0.09839124977588654,0.0,0.0,0.4795573055744171,0.0,0.0
1077,35.9,16.599999999999998,0.0,362,-2.783073068712838e-05,-0.0038288095965981483,0.0038289108779281378,106.56165364583333,0.03274739533662796,0.5188151001930237,0.0013020833333333333,0.005811054725199938,0.0,0.0,0.1245250329375267,0.0,0.0,0.5188151001930237,0.0,0.0
1080,36.0,16.7,0.0,363,-6.435484101530164e-05,-0.0018103928305208683,0.0018115362618118525,106.4408203125,-0.12083332985639572,0.6955729126930237,0.0011067708333333333,0.002018747152760625,0.0,0.0,0.11795614659786224,0.0,0.0,0.6955729126930237,0.0,0.0
1083,36.1,16.8,0.0,364,-0.01196758821606636,0.002665468957275152,0.012260827235877514,106.55403645833333,0.11321614682674408,0.5091797113418579,0.0007161458333333333,0.012716930359601974,0.0,0.0,0.10303358733654022,0.0,0.0,0.5091797113418579,0.0,0.0
1086,36.2,16.900000000000002,0.0,365,-0.0014627390773966908,0.0012209133710712194,0.0019053175346925855,106.52734375,-0.02669270895421505,0.46367186307907104,0.0005208333333333333,0.0106037063524127,0.0,0.0,0.08049415051937103,0.0,0.0,0.46367186307907104,0.0,0.0
1089,36.3,16.999999999999996,0.0,366,-0.0032297391444444656,0.00013111975567881018,0.0032323994673788548,106.534765625,0.0074218749068677425,0.4743489623069763,0.0005859375,0.0020760393235832453,0.0,0.0,0.11107422411441803,0.0,0.0,0.4743489623069763,0.0,0.0
1092,36.4,17.099999999999998,0.0,367,-0.006834864616394043,-0.005146383307874203,0.008555736392736435,106.41822916666666,-0.1165364608168602,0.45651042461395264,0.000390625,0.006391319911926985,0.0,0.0,0.10191477835178375,0.0,0.0,0.45651042461395264,0.0,0.0
1095,36.5,17.2,0.0,368,-0.021179471164941788,-0.0019211613107472658,0.021266425028443336,106.48046875,0.06223958358168602,0.5052083134651184,0.00026041666666666666,0.014702714048326015,0.0,0.0,0.09709079563617706,0.0,0.0,0.5052083134651184,0.0,0.0
1098,36.6,17.3,0.0,369,-0.00124761660117656,0.0009356586961075664,0.0015594884753227234,106.48990885416667,0.009440104477107525,0.4684244692325592,0.00078125,0.02013554610311985,0.0,0.0,0.0918840616941452,0.0,0.0,0.4684244692325592,0.0,0.0
1101,36.7,17.400000000000002,0.0,370,-0.0020509744063019753,-0.0010846748482435942,0.0023201326839625835,106.501953125,0.012044270522892475,0.4655598998069763,0.0007161458333333333,0.002174196531996131,0.0,0.0,0.10892030596733093,0.0,0.0,0.4655598998069763,0.0,0.0
1104,36.8,17.499999999999996,0.0,371,-0.0008853840408846736,0.002234403043985367,0.0024034271482378244,106.45345052083333,-0.0485026054084301,0.550585925579071,0.0011067708333333333,0.003517794655635953,0.0,0.0,0.13539248704910278,0.0,0.0,0.550585925579071,0.0,0.0
1107,36.9,17.599999999999998,0.0,372,-0.0066005089320242405,0.00029957620427012444,0.006607303861528635,106.47727864583334,0.02382812462747097,0.5393229126930237,0.0009114583333333333,0.006033755838871002,0.0,0.0,0.08384623378515244,0.0,0.0,0.5393229126930237,0.0,0.0
1110,37.0,17.7,0.0,373,0.00258532352745533,0.0015084845945239067,0.002993229543790221,106.333984375,-0.14329427480697632,0.6762369871139526,0.0013671875,0.009265040047466755,0.0,0.0,0.09390152990818024,0.0,0.0,0.6762369871139526,0.0,0.0
1113,37.1,17.8,0.0,374,0.0005166538176126778,0.0001960406661964953,0.0005525966989807785,106.33040364583333,-0.0035807292442768812,0.46334636211395264,0.0014322916666666666,0.0024498782586306334,0.0,0.0,0.08267198503017426,0.0,0.0,0.46334636211395264,0.0,0.0
1116,37.2,17.900000000000002,0.0,375,0.0005069856415502727,0.0025951943825930357,0.0026442520320415497,106.27278645833333,-0.0576171875,0.43639323115348816,0.0014322916666666666,0.0023991733323782682,0.0,0.0,0.08861236274242401,0.0,0.0,0.43639323115348816,0.0,0.0
1119,37.3,17.999999999999996,0.0,376,-0.0025214566849172115,-0.0014408996794372797,0.0029041238594800234,106.300390625,0.02760416641831398,0.4110676944255829,0.0006510416666666666,0.005045940633863211,0.0,0.0,0.07580690830945969,0.0,0.0,0.4110676944255829,0.0,0.0
1122,37.4,18.099999999999998,0.0,377,0.0004223059513606131,-0.0012569786049425602,0.0013260232517495751,106.26549479166667,-0.03489583358168602,0.41067707538604736,0.0005859375,0.0029495025519281626,0.0,0.0,0.07560180872678757,0.0,0.0,0.41067707538604736,0.0,0.0
1125,37.5,18.2,0.0,378,-0.0002604930486995727,-0.001338766422122717,0.0013638739474117756,106.297265625,0.03177083283662796,0.365234375,0.0007161458333333333,0.0006876799743622541,0.0,0.0,0.061767011880874634,0.0,0.0,0.365234375,0.0,0.0
1128,37.6,18.3,0.0,379,0.0012131256517022848,-0.0009457863634452224,0.001538241165690124,106.25989583333333,-0.03736979141831398,0.3639322817325592,0.0006510416666666666,0.001525118132121861,0.0,0.0,0.05281125754117966,0.0,0.0,0.3639322817325592,0.0,0.0
1131,37.7,18.400000000000002,0.0,380,0.008278237655758858,0.0009349645115435123,0.008330868557095528,106.30442708333334,0.04453124850988388,0.40507811307907104,0.00078125,0.0073111578822135925,0.0,0.0,0.06877445429563522,0.0,0.0,0.40507811307907104,0.0,0.0
1134,37.8,18.499999999999996,0.0,381,9.938185394275934e-05,-0.0005689192330464721,0.0005775342578999698,106.28391927083334,-0.0205078125,0.40019530057907104,0.0012369791666666666,0.008315970189869404,0.0,0.0,0.06160799041390419,0.0,0.0,0.40019530057907104,0.0,0.0
1137,37.9,18.599999999999998,0.0,382,0.008233873173594475,-0.003293024841696024,0.008867958560585976,106.29264322916667,0.008723958395421505,0.5126302242279053,0.0014973958333333334,0.00857850257307291,0.0,0.0,0.08818597346544266,0.0,0.0,0.5126302242279053,0.0,0.0
1140,38.0,18.7,0.0,383,0.00600085873156786,-0.007933270186185837,0.0099472152069211,106.11673177083334,-0.17591145634651184,0.8053385615348816,0.0022786458333333335,0.005149585194885731,0.0,0.0,0.12982706725597382,0.0,0.0,0.8053385615348816,0.0,0.0
1143,38.1,18.8,0.0,384,0.005608356557786465,-0.002230018377304077,0.006035448983311653,106.2232421875,0.10651041567325592,0.6186197996139526,0.0006510416666666666,0.005716742016375065,0.0,0.0,0.09890934079885483,0.0,0.0,0.6186197996139526,0.0,0.0
1146,38.2,18.900000000000002,0.0,385,0.00021933118114247918,-0.002124425256624818,0.0021357175428420305,106.1939453125,-0.029296875,0.4932291805744171,0.0018229166666666667,0.005390060134232044,0.0,0.0,0.09330384433269501,0.0,0.0,0.4932291805744171,0.0,0.0
1149,38.3,18.999999999999996,0.0,386,0.006313804537057877,-0.0023939134553074837,0.006752402987331152,106.19153645833333,-0.0024088541977107525,0.4706380069255829,0.0013671875,0.006100428756326437,0.0,0.0,0.08277319371700287,0.0,0.0,0.4706380069255829,0.0,0.0
1152,38.4,19.099999999999998,0.0,387,0.0007581127574667335,-0.00142824393697083,0.0016169772716239095,106.02135416666667,-0.17018228769302368,0.5669270753860474,0.0024739583333333332,0.005638991482555866,0.0,0.0,0.07749614119529724,0.0,0.0,0.5669270753860474,0.0,0.0
1155,38.5,19.2,0.0,388,0.005948251113295555,-0.00041018222691491246,0.005962376948446035,105.94303385416667,-0.07832030951976776,0.6498047113418579,0.0033854166666666668,0.005289043765515089,0.0,0.0,0.0995408222079277,0.0,0.0,0.6498047113418579,0.0,0.0
1158,38.6,19.3,0.0,389,0.0021912686061114073,-0.0025850250385701656,0.0033888069447129965,105.85963541666666,-0.08339843899011612,0.7307942509651184,0.005403645833333333,0.004341066814959049,0.0,0.0,0.09532902389764786,0.0,0.0,0.7307942509651184,0.0,0.0
1161,38.7,19.400000000000002,0.0,390,0.0033749735448509455,-0.0004471226129680872,0.0034044624771922827,105.79680989583333,-0.0628255233168602,0.8336588740348816,0.006184895833333333,0.0024437233805656433,0.0,0.0,0.11474713683128357,0.0,0.0,0.8336588740348816,0.0,0.0
1164,38.8,19.499999999999996,0.0,391,0.0019014490535482764,-0.0019306372851133347,0.002709772903472185,105.67356770833334,-0.12324218451976776,0.8349609375,0.005859375,0.002090954454615712,0.0,0.0,0.13481050729751587,0.0,0.0,0.8349609375,0.0,0.0
1167,38.9,19.599999999999998,0.0,392,0.005866263993084431,-0.000774538260884583,0.005917175207287073,105.6814453125,0.007877604104578495,0.9068359136581421,0.0076171875,0.004129929933696985,0.0,0.0,0.1623246818780899,0.0,0.0,0.9068359136581421,0.0,0.0
1170,39.0,19.7,0.0,393,0.003290213644504547,0.003081934992223978,0.004508195910602808,105.5470703125,-0.13437500596046448,1.2192708253860474,0.009114583333333334,0.004637717269361019,0.0,0.0,0.18046490848064423,0.0,0.0,1.2192708253860474,0.0,0.0
1173,39.1,19.8,0.0,394,0.007204150781035423,0.0013289721682667732,0.007325705140829086,105.573046875,0.02597656287252903,1.0184245109558105,0.009440104166666666,0.004288563970476389,0.0,0.0,0.2311669886112213,0.0,0.0,1.0184245109558105,0.0,0.0
1176,39.2,19.900000000000002,0.0,395,0.003958838991820812,-0.0024405119474977255,0.004650645423680544,105.83763020833334,0.2645833194255829,1.4450520277023315,0.015234375,0.00497403834015131,0.0,0.0,0.3487222492694855,0.0,0.0,1.4450520277023315,0.0,0.0
1179,39.3,19.999999999999996,0.0,396,0.004050535149872303,-0.00033711676951497793,0.004064539447426796,106.13177083333333,0.29414063692092896,1.9494792222976685,0.020833333333333332,0.0021053929813206196,0.0,0.0,0.3858911693096161,0.0,0.0,1.9494792222976685,0.0,0.0
1182,39.4,20.099999999999998,0.0,397,0.002619899809360504,-0.003453899407759309,0.0043351235799491405,106.24401041666667,0.11223958432674408,1.8865885734558105,0.022330729166666667,0.003429439151659608,0.0,0.0,0.38033413887023926,0.0,0.0,1.8865885734558105,0.0,0.0
1185,39.5,20.2,0.0,398,0.0047523751854896545,0.001140097388997674,0.004887217190116644,106.25755208333334,0.01354166679084301,1.8356770277023315,0.021744791666666666,0.005064805969595909,0.0,0.0,0.4499683678150177,0.0,0.0,1.8356770277023315,0.0,0.0
1188,39.6,20.3,0.0,399,0.004635575693100691,0.002422245219349861,0.0052302805706858635,106.39205729166666,0.13450521230697632,1.8126301765441895,0.021419270833333334,0.0012874568346887827,0.0,0.0,0.3659917712211609,0.0,0.0,1.8126301765441895,0.0,0.0
1191,39.7,20.400000000000002,2.2905325889587402,136,0.0030173929408192635,0.13082367181777954,0.13085846602916718,106.84283854166667,0.4507812559604645,2.778775930404663,0.019401041666666667,0.12841162085533142,2.246748447418213,2.246748447418213,0.4055514931678772,0.0,0.0,2.778775930404663,0.1751362532377243,0.043784063309431076
1194,39.8,20.499999999999996,2.3281781673431396,135,0.00015796560910530388,-0.0010043546790257096,0.001016701222397387,106.99173177083334,0.14889322221279144,1.4930338859558105,0.015169270833333333,0.13185903429985046,2.3281781673431396,2.3281781673431396,0.2701930105686188,0.0,0.0,1.4930338859558105,0.0,0.0
1197,39.9,20.599999999999998,0.0,400,0.0065544419921934605,0.0010380015010014176,0.006636125035583973,107.04342447916666,0.05169270932674408,1.2039062976837158,0.0123046875,0.006714620161801577,0.0,0.0,0.1741885393857956,0.0,0.0,1.2039062976837158,0.0,0.0
1200,40.0,20.7,0.0,401,0.0150932427495718,0.012285111472010612,0.01946098543703556,107.23111979166667,0.18769530951976776,1.6405599117279053,0.0103515625,0.01412121020257473,0.0,0.0,0.39257583022117615,0.0,0.0,1.6405599117279053,0.0,0.0
1201,40.03333333333333,20.73333333333333,0.0,402,0.0005359568167477846,0.000938063720241189,0.0010803764453157783,107.18626302083334,-0.04485677182674408,0.5598307251930237,0.0030598958333333333,0.01845724880695343,0.0,0.0,0.10690902918577194,0.0,0.0,0.5598307251930237,0.0,0.0
