frame,pts_seconds,delta_contact_seconds,score,rank,shift_x,shift_y,shift_magnitude,gray_mean,signed_gray_mean_change,gray_abs_mean_change,gray_abs_change_gt20_fraction,jerk_raw,jerk_scaled,jerk_contribution,residual90_raw,residual90_scaled,residual90_contribution,appearance_raw,appearance_scaled,appearance_contribution
0,0.0,-20.207612456747405,0.0,229,0.0,0.0,0.0,0.0,0.0,0.0,0.0,0.0,0.0,0.0,0.0,0.0,0.0,0.0,0.0,0.0
3,0.10380622837370242,-20.103806228373703,0.0,230,0.0022375155240297318,0.0006012237863615155,0.002316882833838463,47.818033854166664,0.06451822817325592,0.5690755248069763,0.005013020833333334,0.002316882833838463,0.0,0.0,0.14363151788711548,0.0,0.0,0.5690755248069763,0.0,0.0
6,0.20761245674740483,-20.0,0.0,231,0.0026044859550893307,-0.002756106434389949,0.00379202701151371,47.812825520833336,-0.0052083334885537624,0.5670573115348816,0.004166666666666667,0.0033773265313357115,0.0,0.0,0.14535100758075714,0.0,0.0,0.5670573115348816,0.0,0.0
9,0.31141868512110726,-19.896193771626297,0.0,232,0.0014323695795610547,-0.0024016485549509525,0.0027963544707745314,47.8658203125,0.05299479141831398,0.6065104007720947,0.0037109375,0.0012245395919308066,0.0,0.0,0.12639358639717102,0.0,0.0,0.6065104007720947,0.0,0.0
12,0.41522491349480967,-19.792387543252595,0.0,233,0.002931500319391489,0.0003276584902778268,0.0029497549403458834,47.820963541666664,-0.04485677182674408,0.6847005486488342,0.0049479166666666664,0.0031139219645410776,0.0,0.0,0.1985379159450531,0.0,0.0,0.6847005486488342,0.0,0.0
14,0.4844290657439446,-19.72318339100346,0.0,234,0.0014782041544094682,-0.0010182762052863836,0.0017949858447536826,47.893229166666664,0.072265625,0.5412760376930237,0.0033203125,0.0019808104261755943,0.0,0.0,0.09862162917852402,0.0,0.0,0.5412760376930237,0.0,0.0
17,0.5882352941176471,-19.619377162629757,0.0,235,0.000784544216003269,0.0012457330012694001,0.0014721958432346582,47.9607421875,0.06751301884651184,0.6356119513511658,0.0046875,0.0023678899742662907,0.0,0.0,0.187881201505661,0.0,0.0,0.6356119513511658,0.0,0.0
20,0.6920415224913494,-19.515570934256054,0.0,236,0.004125539213418961,0.001437369268387556,0.004368764813989401,47.93502604166667,-0.02571614645421505,0.956835925579071,0.0048828125,0.003346486482769251,0.0,0.0,0.19386737048625946,0.0,0.0,0.956835925579071,0.0,0.0
23,0.7958477508650519,-19.411764705882355,0.0,237,0.002036568708717823,-0.0006867940537631512,0.002149255247786641,47.99752604166667,0.0625,0.7523437738418579,0.0046875,0.002979239448904991,0.0,0.0,0.1601128727197647,0.0,0.0,0.7523437738418579,0.0,0.0
26,0.8996539792387543,-19.307958477508652,0.0,238,0.006720890291035175,-0.0014028467703610659,0.0068657370284199715,47.9376953125,-0.05983072891831398,0.751757800579071,0.0048177083333333336,0.004738734103739262,0.0,0.0,0.2098354697227478,0.0,0.0,0.751757800579071,0.0,0.0
29,1.0034602076124568,-19.20415224913495,0.0,239,0.0018463172018527985,0.001752074807882309,0.002545319963246584,47.919986979166666,-0.01770833320915699,0.68359375,0.0039713541666666664,0.005806460976600647,0.0,0.0,0.11901728063821793,0.0,0.0,0.68359375,0.0,0.0
32,1.1072664359861593,-19.100346020761247,0.0,240,0.0002623432083055377,-0.0020044161938130856,0.0020215113181620836,47.92493489583333,0.004947916604578495,0.7032552361488342,0.004752604166666666,0.004076787736266851,0.0,0.0,0.10930444300174713,0.0,0.0,0.7032552361488342,0.0,0.0
35,1.2110726643598615,-18.996539792387544,0.0,241,0.001921684481203556,-0.000589069677516818,0.002009943826124072,48.05872395833333,0.1337890625,0.7630859613418579,0.0046875,0.002180967479944229,0.0,0.0,0.1507672518491745,0.0,0.0,0.7630859613418579,0.0,0.0
38,1.314878892733564,-18.89273356401384,0.0,242,0.001440271269530058,0.000882294843904674,0.001689031021669507,48.212239583333336,0.15351562201976776,0.7233073115348816,0.004231770833333333,0.0015481188893318176,0.0,0.0,0.14214494824409485,0.0,0.0,0.7233073115348816,0.0,0.0
40,1.3840830449826989,-18.823529411764707,0.0,243,0.0014355917228385806,-0.0008488474413752556,0.0016677726525813341,48.22447916666667,0.012239583767950535,0.579296886920929,0.004166666666666667,0.0017311485717073083,0.0,0.0,0.17464864253997803,0.0,0.0,0.579296886920929,0.0,0.0
43,1.4878892733564013,-18.719723183391004,0.0,244,0.0018430252093821764,0.00016109476564452052,0.0018500522710382938,48.363346354166666,0.13886718451976776,0.7064453363418579,0.005078125,0.0010890295961871743,0.0,0.0,0.1215314045548439,0.0,0.0,0.7064453363418579,0.0,0.0
46,1.5916955017301038,-18.6159169550173,0.0,245,0.00216286676004529,-0.00169641082175076,0.0027487820480018854,48.347005208333336,-0.01634114608168602,0.7362630367279053,0.005013020833333334,0.001884841127321124,0.0,0.0,0.12346301972866058,0.0,0.0,0.7362630367279053,0.0,0.0
49,1.6955017301038062,-18.5121107266436,0.0,246,0.002041290979832411,0.0022741458378732204,0.003055913606658578,48.333919270833334,-0.01308593712747097,0.978710949420929,0.0056640625,0.003972417674958706,0.0,0.0,0.1408395916223526,0.0,0.0,0.978710949420929,0.0,0.0
52,1.7993079584775087,-18.408304498269896,0.0,247,0.003285883693024516,0.0027711137663573027,0.0042983838357031345,48.333919270833334,0.0,0.826171875,0.006575520833333333,0.0013401447795331478,0.0,0.0,0.14804257452487946,0.0,0.0,0.826171875,0.0,0.0
55,1.9031141868512111,-18.304498269896193,0.0,248,0.0025116850156337023,-0.000778531190007925,0.0026295764837414026,48.354817708333336,0.02089843712747097,0.9750651121139526,0.0072265625,0.0036330928560346365,0.0,0.0,0.20496927201747894,0.0,0.0,0.9750651121139526,0.0,0.0
58,2.0069204152249136,-18.20069204152249,0.0,249,0.002964734099805355,0.0011572743533179164,0.0031825981568545103,48.25631510416667,-0.09850260615348816,0.8147786259651184,0.00625,0.001988113857805729,0.0,0.0,0.21565398573875427,0.0,0.0,0.8147786259651184,0.0,0.0
61,2.110726643598616,-18.096885813148788,0.0,250,0.0008648281218484044,-0.001978202722966671,0.0021589843090623617,48.349674479166666,0.09335937350988388,0.8436197638511658,0.006705729166666666,0.0037737013772130013,0.0,0.0,0.24118323624134064,0.0,0.0,0.8436197638511658,0.0,0.0
64,2.2145328719723185,-17.99307958477509,0.0,251,0.0018499374855309725,-0.0005971045466139913,0.001943914219737053,49.981510416666666,1.6318359375,2.3192057609558105,0.013997395833333334,0.0016964294482022524,0.0,0.0,0.37937530875205994,0.0,0.0,2.3192057609558105,0.0,0.0
66,2.283737024221453,-17.923875432525953,0.10929889231920242,217,0.006157193332910538,0.004394307732582092,0.007564454339444637,46.44557291666667,-3.535937547683716,3.815885305404663,0.007486979166666667,0.006592924240976572,0.0,0.0,0.2510872483253479,0.0,0.0,3.815885305404663,0.4371955692768097,0.10929889231920242
69,2.387543252595156,-17.82006920415225,0.0,252,0.0036518622655421495,0.00013419336755760014,0.0036543270107358694,48.24524739583333,1.7996745109558105,2.2509765625,0.008072916666666667,0.004942191764712334,0.0,0.0,0.24316391348838806,0.0,0.0,2.2509765625,0.0,0.0
72,2.491349480968858,-17.716262975778548,0.0,253,0.003480734536424279,-0.0033732852898538113,0.0048471190966665745,47.12805989583333,-1.1171875,1.5901042222976685,0.005403645833333333,0.0035116507206112146,0.0,0.0,0.23261235654354095,0.0,0.0,1.5901042222976685,0.0,0.0
75,2.5951557093425603,-17.612456747404845,0.0,254,0.0006315172649919987,0.0037359874695539474,0.0037889862433075905,46.88684895833333,-0.2412109375,0.8448567986488342,0.004361979166666667,0.007658968213945627,0.0,0.0,0.16338227689266205,0.0,0.0,0.8448567986488342,0.0,0.0
78,2.698961937716263,-17.508650519031143,0.0,255,0.0049251774325966835,-0.00131757534109056,0.005098370369523764,46.926692708333334,0.03984374925494194,0.7403646111488342,0.0037760416666666667,0.006631291005760431,0.0,0.0,0.13211748003959656,0.0,0.0,0.7403646111488342,0.0,0.0
81,2.8027681660899653,-17.40484429065744,0.0,256,0.003602028824388981,0.0072183022275567055,0.008067124523222446,46.6421875,-0.2845052182674408,0.967968761920929,0.0036458333333333334,0.008637819439172745,0.0,0.0,0.15095409750938416,0.0,0.0,0.967968761920929,0.0,0.0
84,2.906574394463668,-17.301038062283737,0.0,257,0.002090376103296876,0.0011922819539904594,0.0024064930621534586,46.5953125,-0.046875,0.6942708492279053,0.002864583333333333,0.006212730426341295,0.0,0.0,0.11890038847923279,0.0,0.0,0.6942708492279053,0.0,0.0
87,3.01038062283737,-17.197231833910035,0.0,258,0.0027312571182847023,0.0002953923540189862,0.0027471843641251326,46.31588541666667,-0.27942708134651184,0.7076823115348816,0.002734375,0.0011023336555808783,0.0,0.0,0.14687678217887878,0.0,0.0,0.7076823115348816,0.0,0.0
90,3.114186851211073,-17.093425605536332,0.0,259,0.0021547023206949234,0.0005801997613161802,0.0022314509842544794,46.329166666666666,0.01328125037252903,0.6108072996139526,0.0024088541666666668,0.0006430635112337768,0.0,0.0,0.10593632608652115,0.0,0.0,0.6108072996139526,0.0,0.0
92,3.1833910034602075,-17.024221453287197,0.0,260,0.0007982233073562384,-0.0005572002846747637,0.000973464222624898,46.32044270833333,-0.008723958395421505,0.46666666865348816,0.0014973958333333334,0.001770230010151863,0.0,0.0,0.07625295966863632,0.0,0.0,0.46666666865348816,0.0,0.0
95,3.28719723183391,-16.920415224913494,0.0,261,0.0006327277515083551,-0.00022074536536820233,0.0006701290258206427,46.230794270833336,-0.08964844048023224,0.5771484375,0.0017578125,0.000374954252038151,0.0,0.0,0.10288919508457184,0.0,0.0,0.5771484375,0.0,0.0
98,3.3910034602076125,-16.81660899653979,0.0,262,0.003040279494598508,0.002623541746288538,0.004015752580016851,46.3439453125,0.11315104365348816,0.5687500238418579,0.001953125,0.003726429073140025,0.0,0.0,0.11261431127786636,0.0,0.0,0.5687500238418579,0.0,0.0
101,3.4948096885813147,-16.712802768166092,0.0,263,0.001832402660511434,0.0023993777576833963,0.0030190583784133196,46.3455078125,0.0015625000232830644,0.563671886920929,0.001953125,0.0012285015545785427,0.0,0.0,0.10010119527578354,0.0,0.0,0.563671886920929,0.0,0.0
104,3.5986159169550174,-16.608996539792386,0.0,264,0.0012492695823311806,0.0006594189908355474,0.0014126243768259883,46.288736979166664,-0.05677083507180214,0.5486978888511658,0.0010416666666666667,0.0018350750906392932,0.0,0.0,0.0757095143198967,0.0,0.0,0.5486978888511658,0.0,0.0
107,3.7024221453287196,-16.505190311418687,0.0,265,0.002653800882399082,-0.0018537254072725773,0.0032371217384934425,46.1630859375,-0.1256510466337204,0.5864583253860474,0.0013671875,0.002878993283957243,0.0,0.0,0.0817737877368927,0.0,0.0,0.5864583253860474,0.0,0.0
110,3.8062283737024223,-16.401384083044984,0.0,266,0.0006409923080354929,0.0019923148211091757,0.0020928902085870504,46.065625,-0.09746094048023224,0.7590494751930237,0.0009765625,0.004340901505202055,0.0,0.0,0.09491632133722305,0.0,0.0,0.7590494751930237,0.0,0.0
113,3.9100346020761245,-16.29757785467128,0.0,267,0.002615350065752864,-0.0010824070777744055,0.0028304876759648323,46.03072916666667,-0.03489583358168602,0.530078113079071,0.00078125,0.0036540392320603132,0.0,0.0,0.0704464539885521,0.0,0.0,0.530078113079071,0.0,0.0
116,4.013840830449827,-16.19377162629758,0.0,268,0.0017426909180358052,-0.0007971813902258873,0.0019163689576089382,46.04700520833333,0.01627604104578495,0.5666666626930237,0.0013671875,0.0009180891211144626,0.0,0.0,0.12038495391607285,0.0,0.0,0.5666666626930237,0.0,0.0
118,4.083044982698962,-16.124567474048444,0.0,269,0.000918990932404995,0.0022503600921481848,0.0024307745043188334,46.082096354166666,0.03509114682674408,0.3744140565395355,0.0003255208333333333,0.003156895749270916,0.0,0.0,0.05139072611927986,0.0,0.0,0.3744140565395355,0.0,0.0
121,4.186851211072664,-16.02076124567474,0.0,270,0.0005879790987819433,0.0003239038633182645,0.0006712921313010156,46.00924479166667,-0.07285156100988388,0.4473307430744171,0.0004557291666666667,0.0019546872936189175,0.0,0.0,0.06411963701248169,0.0,0.0,0.4473307430744171,0.0,0.0
124,4.290657439446367,-15.916955017301039,0.0,271,-0.0007060784846544266,-0.00014036073116585612,0.0007198944222182035,45.970768229166666,-0.03847656399011612,0.4973307251930237,6.510416666666667e-05,0.0013748187338933349,0.0,0.0,0.06393112242221832,0.0,0.0,0.4973307251930237,0.0,0.0
127,4.3944636678200695,-15.813148788927336,0.0,272,0.00037642481038346887,0.002471454907208681,0.002499957103282213,45.84817708333333,-0.12259114533662796,0.5520182251930237,0.0008463541666666667,0.0028272592462599277,0.0,0.0,0.07307789474725723,0.0,0.0,0.5520182251930237,0.0,0.0
130,4.498269896193771,-15.709342560553633,0.0,273,-0.00015770510071888566,0.00010203581769019365,0.00018783558334689587,45.877734375,0.02955729141831398,0.5638020634651184,0.0013020833333333333,0.0024288767017424107,0.0,0.0,0.09658804535865784,0.0,0.0,0.5638020634651184,0.0,0.0
133,4.602076124567474,-15.60553633217993,0.0,274,-0.0023817478213459253,0.00028042582562193274,0.0023981996346265078,45.8146484375,-0.06308593600988388,0.4905599057674408,0.0006510416666666666,0.002231185557320714,0.0,0.0,0.06903483718633652,0.0,0.0,0.4905599057674408,0.0,0.0
136,4.705882352941177,-15.501730103806228,0.0,275,0.0030500520952045918,-0.0006491864332929254,0.003118374617770314,45.83776041666667,0.02311197854578495,0.4818359315395355,0.0006510416666666666,0.005510773975402117,0.0,0.0,0.07390037178993225,0.0,0.0,0.4818359315395355,0.0,0.0
139,4.809688581314879,-15.397923875432525,0.0,276,0.0015992827247828245,0.0027301209047436714,0.00316405831836164,45.69381510416667,-0.14394530653953552,0.6910807490348816,0.00026041666666666666,0.0036775602493435144,0.0,0.0,0.08479507267475128,0.0,0.0,0.6910807490348816,0.0,0.0
142,4.913494809688581,-15.294117647058824,0.0,277,0.0017316399607807398,0.0009336258517578244,0.0019672911148518324,45.7482421875,0.05442708358168602,0.5251302123069763,0.0003255208333333333,0.0018013642402365804,0.0,0.0,0.07762512564659119,0.0,0.0,0.5251302123069763,0.0,0.0
144,4.982698961937716,-15.22491349480969,0.0,278,0.00016347614291589707,-0.0001819059398258105,0.00024456946994177997,45.735026041666664,-0.013216146267950535,0.39042967557907104,0.00026041666666666666,0.0019244607537984848,0.0,0.0,0.060826774686574936,0.0,0.0,0.39042967557907104,0.0,0.0
147,5.086505190311419,-15.121107266435986,0.0,279,0.0009059105650521815,1.6452811905764975e-05,0.0009060599841177464,45.627864583333334,-0.10716145485639572,0.5143229365348816,0.001171875,0.0007684758165851235,0.0,0.0,0.09549403190612793,0.0,0.0,0.5143229365348816,0.0,0.0
150,5.190311418685121,-15.017301038062286,0.0,280,0.0019045148510485888,0.00045239663450047374,0.0019575085025280714,45.61640625,-0.01145833358168602,0.5307291746139526,0.0004557291666666667,0.0010896135354414582,0.0,0.0,0.07339071482419968,0.0,0.0,0.5307291746139526,0.0,0.0
153,5.294117647058823,-14.913494809688583,0.0,281,0.0017122630961239338,-0.002042985986918211,0.002665640087798238,45.56764322916667,-0.04876302182674408,0.48092448711395264,0.00026041666666666666,0.002502777613699436,0.0,0.0,0.05846584215760231,0.0,0.0,0.48092448711395264,0.0,0.0
156,5.397923875432526,-14.80968858131488,0.0,282,0.0020104870200157166,-0.00019144387624692172,0.0020195813849568367,45.59765625,0.03001302108168602,0.4788411557674408,0.00026041666666666666,0.0018754055490717292,0.0,0.0,0.08322834968566895,0.0,0.0,0.4788411557674408,0.0,0.0
159,5.501730103806229,-14.705882352941178,0.0,283,0.0007388560334220529,0.0009613947477191687,0.0012125130742788315,45.535481770833336,-0.0621744804084301,0.4850911498069763,0.000390625,0.0017164155142381787,0.0,0.0,0.07417690753936768,0.0,0.0,0.4850911498069763,0.0,0.0
162,5.6055363321799305,-14.602076124567475,0.0,284,0.0009144925279542804,0.00013543068780563772,0.0009244663524441421,45.64524739583333,0.10976562649011612,0.5045573115348816,0.00078125,0.0008444316335953772,0.0,0.0,0.09533794969320297,0.0,0.0,0.5045573115348816,0.0,0.0
165,5.709342560553633,-14.498269896193772,0.0,285,0.0036018111277371645,0.0006369819748215377,0.003657702589407563,45.58450520833333,-0.06074218824505806,0.4801432192325592,6.510416666666667e-05,0.002733721863478422,0.0,0.0,0.08209585398435593,0.0,0.0,0.4801432192325592,0.0,0.0
168,5.813148788927336,-14.39446366782007,0.0,286,0.005716409999877214,0.006368754431605339,0.008557942695915699,47.1865234375,1.6020182371139526,1.7205078601837158,0.00013020833333333333,0.006109398324042559,0.0,0.0,0.1376173198223114,0.0,0.0,1.7205078601837158,0.0,0.0
171,5.916955017301038,-14.290657439446367,0.0,287,0.00397443026304245,-0.001997416839003563,0.004448120016604662,47.76393229166667,0.5774088501930237,0.921679675579071,0.0007161458333333333,0.00854560174047947,0.0,0.0,0.09952604025602341,0.0,0.0,0.921679675579071,0.0,0.0
173,5.986159169550173,-14.221453287197232,0.0,288,0.0013513038866221905,0.00038811250124126673,0.0014059351524338126,47.927669270833334,0.1637369841337204,0.4280599057674408,0.00013020833333333333,0.00354563700966537,0.0,0.0,0.05588020756840706,0.0,0.0,0.4280599057674408,0.0,0.0
176,6.0899653979238755,-14.117647058823529,0.0,289,0.0037162089720368385,4.588746378431097e-05,0.0037164923269301653,48.0111328125,0.08346354216337204,0.5611979365348816,0.0007161458333333333,0.0023895385675132275,0.0,0.0,0.09484896808862686,0.0,0.0,0.5611979365348816,0.0,0.0
179,6.193771626297578,-14.013840830449826,0.0,290,0.0013650311157107353,0.002191471867263317,0.0025818324647843838,47.9783203125,-0.03281249850988388,0.5174478888511658,0.0008463541666666667,0.003183012828230858,0.0,0.0,0.08722835034132004,0.0,0.0,0.5174478888511658,0.0,0.0
182,6.29757785467128,-13.910034602076125,0.0,291,0.003393271006643772,-0.0003412581863813102,0.00341038778424263,47.99889322916667,0.02057291753590107,0.5131510496139526,0.0006510416666666666,0.003244761610403657,0.0,0.0,0.07908207178115845,0.0,0.0,0.5131510496139526,0.0,0.0
185,6.401384083044983,-13.806228373702423,0.0,292,-0.0009865424362942576,0.0009078934672288597,0.0013407223159447312,48.0025390625,0.0036458333488553762,0.5147135257720947,0.0005859375,0.004554464481770992,0.0,0.0,0.07532767206430435,0.0,0.0,0.5147135257720947,0.0,0.0
188,6.505190311418685,-13.70242214532872,0.0,293,0.0005624002660624683,-0.00038545357529073954,0.0006818127003498375,48.006184895833336,0.0036458333488553762,0.4930989444255829,0.0005208333333333333,0.002017912222072482,0.0,0.0,0.07475821673870087,0.0,0.0,0.4930989444255829,0.0,0.0
191,6.608996539792387,-13.59861591695502,0.0,294,0.0033262460492551327,0.0032475320622324944,0.004648696165531874,48.0076171875,0.0014322916977107525,0.5338541865348816,0.0010416666666666667,0.004564803093671799,0.0,0.0,0.10093675553798676,0.0,0.0,0.5338541865348816,0.0,0.0
194,6.71280276816609,-13.494809688581316,0.0,295,0.003136206651106477,-0.0010126845445483923,0.003295652102679014,48.038997395833334,0.03138021007180214,0.48554688692092896,0.0005208333333333333,0.004264453426003456,0.0,0.0,0.07332240790128708,0.0,0.0,0.48554688692092896,0.0,0.0
197,6.8166089965397925,-13.391003460207614,0.0,296,0.0024358334485441446,0.0007138007786124945,0.00253826635889709,48.021158854166664,-0.01783854141831398,0.4557291567325592,0.0001953125,0.001863135606981814,0.0,0.0,0.07247612625360489,0.0,0.0,0.4557291567325592,0.0,0.0
199,6.885813148788928,-13.321799307958479,0.0,297,0.003380620153620839,0.0034568163100630045,0.004835098050534725,47.97708333333333,-0.04407552257180214,0.6320963501930237,0.0001953125,0.0029011645819991827,0.0,0.0,0.0772802084684372,0.0,0.0,0.6320963501930237,0.0,0.0
202,6.989619377162629,-13.217993079584776,0.0,298,0.002284604124724865,-0.0032993117347359657,0.004013087600469589,47.93984375,-0.03723958507180214,0.5302083492279053,0.00026041666666666666,0.006844451185315847,0.0,0.0,0.07673893123865128,0.0,0.0,0.5302083492279053,0.0,0.0
205,7.093425605536332,-13.114186851211073,0.0,299,0.0005062071140855551,0.0011964584700763226,0.0012991375988349319,47.8322265625,-0.10761718451976776,0.5682942867279053,0.00078125,0.004834733437746763,0.0,0.0,0.10499034821987152,0.0,0.0,0.5682942867279053,0.0,0.0
208,7.197231833910035,-13.01038062283737,0.0,300,0.0017663529142737389,-0.0020425717812031507,0.0027003891300410032,47.758203125,-0.07402344048023224,0.5228515863418579,0.0006510416666666666,0.0034755265805870295,0.0,0.0,0.08508896827697754,0.0,0.0,0.5228515863418579,0.0,0.0
211,7.301038062283737,-12.906574394463668,0.0,301,0.0007580074016004801,-0.0015605853404849768,0.0017349356785416603,47.67141927083333,-0.08678385615348816,0.4779296815395355,0.0004557291666666667,0.0011176187545061111,0.0,0.0,0.06814832240343094,0.0,0.0,0.4779296815395355,0.0,0.0
214,7.404844290657439,-12.802768166089965,0.0,302,0.0042746542021632195,0.0024754484184086323,0.004939687438309193,47.7060546875,0.03463541716337204,0.4677083194255829,0.000390625,0.005353164859116077,0.0,0.0,0.07365889102220535,0.0,0.0,0.4677083194255829,0.0,0.0
217,7.508650519031142,-12.698961937716263,0.0,303,0.001061551389284432,0.0012877918779850006,0.0016689215553924441,47.4482421875,-0.2578125,0.698437511920929,0.0016927083333333334,0.0034255741629749537,0.0,0.0,0.10845671594142914,0.0,0.0,0.698437511920929,0.0,0.0
220,7.612456747404845,-12.59515570934256,0.0,304,0.0013691288186237216,0.0023266286589205265,0.002699576783925295,46.741015625,-0.707226574420929,1.2003254890441895,0.0034505208333333332,0.0010834139538928866,0.0,0.0,0.18485543131828308,0.0,0.0,1.2003254890441895,0.0,0.0
223,7.716262975778546,-12.491349480968859,0.0,305,-0.0007610940956510603,0.00038726639468222857,0.0008539552218280733,46.8720703125,0.13105468451976776,0.579882800579071,0.0006510416666666666,0.0028807942289859056,0.0,0.0,0.08117968589067459,0.0,0.0,0.579882800579071,0.0,0.0
225,7.7854671280276815,-12.422145328719724,0.0,306,0.0008175726979970932,-0.0003677413333207369,0.0008964702137745917,46.90026041666667,0.02819010429084301,0.3981119692325592,0.00026041666666666666,0.001749921590089798,0.0,0.0,0.060071658343076706,0.0,0.0,0.3981119692325592,0.0,0.0
228,7.889273356401384,-12.318339100346021,0.0,307,0.0017856688937172294,-0.0007249313639476895,0.0019272101344540715,46.7466796875,-0.15358072519302368,0.5007161498069763,0.0011067708333333333,0.0010318889981135726,0.0,0.0,0.09595804661512375,0.0,0.0,0.5007161498069763,0.0,0.0
231,7.993079584775087,-12.214532871972319,0.0,308,0.0040043434128165245,0.0029033776372671127,0.004946146626025438,46.585286458333336,-0.16139322519302368,0.7298828363418579,0.0005859375,0.0042528980411589146,0.0,0.0,0.09186051785945892,0.0,0.0,0.7298828363418579,0.0,0.0
234,8.09688581314879,-12.110726643598616,0.0,309,0.0020858761854469776,-0.003868071362376213,0.004394639283418655,47.5302734375,0.9449869990348816,1.2781901359558105,0.0046875,0.007037971168756485,0.0,0.0,0.13376721739768982,0.0,0.0,1.2781901359558105,0.0,0.0
237,8.200692041522492,-12.006920415224913,0.0,310,-0.0007694745436310768,0.004684119485318661,0.004746900871396065,48.4798828125,0.9496093988418579,1.4269530773162842,0.00234375,0.009016263298690319,0.0,0.0,0.15854127705097198,0.0,0.0,1.4269530773162842,0.0,0.0
240,8.304498269896193,-11.903114186851212,0.0,311,0.0019531170837581158,-0.0010124467080458999,0.0021999350283294916,48.4431640625,-0.03671874850988388,0.5079427361488342,0.00026041666666666666,0.006313744932413101,0.0,0.0,0.060481417924165726,0.0,0.0,0.5079427361488342,0.0,0.0
243,8.408304498269896,-11.79930795847751,0.0,312,0.0010705674067139626,-0.0013262471184134483,0.0017044194974005222,48.340755208333334,-0.10240885615348816,0.5184244513511658,0.00013020833333333333,0.0009366774465888739,0.0,0.0,0.07666017860174179,0.0,0.0,0.5184244513511658,0.0,0.0
246,8.512110726643598,-11.695501730103807,0.0,313,0.0014128227485343814,0.0009488031500950456,0.0017018505604937673,48.41067708333333,0.06992187350988388,0.4924479126930237,0.0003255208333333333,0.0023006503470242023,0.0,0.0,0.06282824277877808,0.0,0.0,0.4924479126930237,0.0,0.0
249,8.615916955017301,-11.591695501730104,0.0,314,0.0023484542034566402,0.0008507318561896682,0.002497795270755887,48.3142578125,-0.09641926735639572,0.41295573115348816,0.00026041666666666666,0.0009407572215422988,0.0,0.0,0.059778474271297455,0.0,0.0,0.41295573115348816,0.0,0.0
251,8.685121107266436,-11.522491349480969,0.0,315,0.002020243089646101,0.00015422113938257098,0.002026120899245143,48.48229166666667,0.16803385317325592,0.7948567867279053,0.0007161458333333333,0.0007699673878960311,0.0,0.0,0.0894697979092598,0.0,0.0,0.7948567867279053,0.0,0.0
254,8.788927335640139,-11.418685121107266,0.0,316,0.00066564348526299,-0.0007777205901220441,0.001023684861138463,48.41647135416667,-0.06582031399011612,0.42688801884651184,0.00026041666666666666,0.0016442188061773777,0.0,0.0,0.05728619918227196,0.0,0.0,0.42688801884651184,0.0,0.0
257,8.892733564013842,-11.314878892733564,0.0,317,0.0007496286416426301,-0.0002032709016930312,0.000776699569541961,48.51438802083333,0.09791667014360428,0.44544270634651184,0.0003255208333333333,0.0005805565742775798,0.0,0.0,0.06754627823829651,0.0,0.0,0.44544270634651184,0.0,0.0
260,8.996539792387543,-11.211072664359863,0.0,318,-0.0005465084104798734,0.0011802762746810913,0.0013006627559661865,48.5443359375,0.02994791604578495,0.7009114623069763,0.00013020833333333333,0.001895830617286265,0.0,0.0,0.08643393218517303,0.0,0.0,0.7009114623069763,0.0,0.0
263,9.100346020761245,-11.10726643598616,0.0,319,0.00195963098667562,0.0016747061163187027,0.002577749779447913,48.59557291666667,0.05123697966337204,0.5072265863418579,0.0005859375,0.0025544462259858847,0.0,0.0,0.08494098484516144,0.0,0.0,0.5072265863418579,0.0,0.0
266,9.204152249134948,-11.003460207612457,0.0,320,0.0026591350324451923,-0.0021213802974671125,0.003401654539629817,48.44934895833333,-0.14622396230697632,0.5200520753860474,0.0006510416666666666,0.003859997261315584,0.0,0.0,0.10245505720376968,0.0,0.0,0.5200520753860474,0.0,0.0
269,9.30795847750865,-10.899653979238755,0.0,321,0.0014298066962510347,-0.0008772636065259576,0.0016774798277765512,48.53665364583333,0.08730468899011612,0.4889973998069763,0.0001953125,0.0017490210011601448,0.0,0.0,0.07171420753002167,0.0,0.0,0.4889973998069763,0.0,0.0
272,9.411764705882353,-10.795847750865052,0.0,322,0.003118043765425682,0.0022271573543548584,0.003831765614449978,48.512044270833336,-0.02460937574505806,0.44414061307907104,0.0001953125,0.0035337761510163546,0.0,0.0,0.06617618352174759,0.0,0.0,0.44414061307907104,0.0,0.0
275,9.515570934256056,-10.69204152249135,0.0,323,0.002170067746192217,-8.704037463758141e-05,0.002171812579035759,48.5599609375,0.04791666567325592,0.45299479365348816,0.0001953125,0.0025008339434862137,0.0,0.0,0.06391315162181854,0.0,0.0,0.45299479365348816,0.0,0.0
277,9.584775086505191,-10.622837370242214,0.0,324,0.0014909830642864108,0.0009528925875201821,0.0017694730777293444,48.552083333333336,-0.007877604104578495,0.33743488788604736,6.510416666666667e-05,0.0012420210987329483,0.0,0.0,0.05102941766381264,0.0,0.0,0.33743488788604736,0.0,0.0
280,9.688581314878892,-10.519031141868513,0.0,325,0.0005436232313513756,-0.0013179909437894821,0.0014257020084187388,48.61744791666667,0.06536458432674408,0.47838541865348816,0.0005859375,0.0024605693761259317,0.0,0.0,0.07476548105478287,0.0,0.0,0.47838541865348816,0.0,0.0
283,9.792387543252595,-10.41522491349481,0.0,326,0.0014488922897726297,0.00021243965602479875,0.00146438367664814,48.62584635416667,0.00839843787252903,0.4658203125,0.0,0.0017781254136934876,0.0,0.0,0.07525523006916046,0.0,0.0,0.4658203125,0.0,0.0
286,9.896193771626297,-10.311418685121108,0.0,327,0.0032523423433303833,0.0006111906841397285,0.003309272462502122,48.52526041666667,-0.1005859375,0.4473307430744171,0.0001953125,0.001847006962634623,0.0,0.0,0.06725010275840759,0.0,0.0,0.4473307430744171,0.0,0.0
289,10.0,-10.207612456747405,0.0,328,0.003760696155950427,-0.002877618186175823,0.004735348280519247,48.45032552083333,-0.07493489235639572,0.7147786617279053,0.0005208333333333333,0.003525650594383478,0.0,0.0,0.09361355751752853,0.0,0.0,0.7147786617279053,0.0,0.0
292,10.103806228373703,-10.103806228373703,0.0,329,0.0018289466388523579,0.0017216987907886505,0.002511830534785986,48.42819010416667,-0.02213541604578495,0.5287760496139526,0.00013020833333333333,0.004988524131476879,0.0,0.0,0.07268844544887543,0.0,0.0,0.5287760496139526,0.0,0.0
295,10.207612456747405,-10.0,0.0,330,0.0017646229825913906,-0.0026408603880554438,0.0031761671416461468,48.44420572916667,0.01601562462747097,0.5263020992279053,0.0010416666666666667,0.00436303298920393,0.0,0.0,0.09604330360889435,0.0,0.0,0.5263020992279053,0.0,0.0
298,10.311418685121108,-9.896193771626297,0.0,331,0.0027918568812310696,0.0003686127602122724,0.002816086169332266,48.361002604166664,-0.08320312201976776,0.48776042461395264,0.0007161458333333333,0.00317995878867805,0.0,0.0,0.08488426357507706,0.0,0.0,0.48776042461395264,0.0,0.0
301,10.415224913494809,-9.792387543252596,0.0,332,0.002555468585342169,-0.0009483841713517904,0.0027257755864411592,48.391015625,0.03001302108168602,0.5242838263511658,0.0006510416666666666,0.0013380435993894935,0.0,0.0,0.09428870677947998,0.0,0.0,0.5242838263511658,0.0,0.0
303,10.484429065743944,-9.723183391003461,0.0,333,0.0015918425051495433,0.00016611654427833855,0.0016004865756258368,48.301692708333334,-0.08932291716337204,0.43502604961395264,0.0,0.0014733250718563795,0.0,0.0,0.06279253214597702,0.0,0.0,0.43502604961395264,0.0,0.0
306,10.588235294117647,-9.619377162629759,0.0,334,0.0035971312317997217,0.0033273829612880945,0.004900084808468819,46.576497395833336,-1.725195288658142,2.0895183086395264,0.007877604166666666,0.0037436331622302532,0.0,0.0,0.1813480108976364,0.0,0.0,2.0895183086395264,0.0,0.0
309,10.69204152249135,-9.515570934256056,0.0,335,0.004481967072933912,-0.001717361155897379,0.004799725022166967,46.76100260416667,0.18450520932674408,0.8026041388511658,0.0012369791666666666,0.005121755879372358,0.0,0.0,0.1159268468618393,0.0,0.0,0.8026041388511658,0.0,0.0
312,10.795847750865052,-9.411764705882353,0.0,336,-0.0005329408450052142,0.00028666944126598537,0.0006051490199752152,46.81588541666667,0.05488281324505806,0.6055338382720947,0.0015625,0.005400503985583782,0.0,0.0,0.11978951841592789,0.0,0.0,0.6055338382720947,0.0,0.0
315,10.899653979238755,-9.30795847750865,0.0,337,-0.0009686168050393462,0.0005390996811911464,0.0011085337027907372,46.8125,-0.0033854166977107525,0.5201823115348816,0.00078125,0.0005035221693105996,0.0,0.0,0.09623448550701141,0.0,0.0,0.5201823115348816,0.0,0.0
318,11.003460207612457,-9.204152249134948,0.0,338,0.0013302457518875599,-0.0018452201038599014,0.0022747288458049297,46.77819010416667,-0.03430989757180214,0.4473307430744171,0.0006510416666666666,0.003312061307951808,0.0,0.0,0.06793857365846634,0.0,0.0,0.4473307430744171,0.0,0.0
321,11.107266435986158,-9.100346020761247,1.6156878471374512,172,-0.010246054269373417,0.1501438468694687,0.1504930555820465,48.403255208333334,1.6250650882720947,3.3666014671325684,0.018098958333333335,0.15242928266525269,1.544161081314087,1.544161081314087,0.505763590335846,0.0,0.0,3.3666014671325684,0.28610700368881226,0.07152675092220306
324,11.211072664359861,-8.996539792387544,1.8587340116500854,166,0.0008264337666332722,-0.02329086884856224,0.02330552600324154,48.404361979166666,0.0011067708255723119,0.8879557251930237,0.0012369791666666666,0.17378780245780945,1.8587340116500854,1.8587340116500854,0.1638232320547104,0.0,0.0,0.8879557251930237,0.0,0.0
327,11.314878892733564,-8.892733564013842,0.0,339,-0.0018720286898314953,-0.02342219464480877,0.02349688857793808,48.38697916666667,-0.01738281175494194,0.8121744990348816,0.00078125,0.0027016561944037676,0.0,0.0,0.17565345764160156,0.0,0.0,0.8121744990348816,0.0,0.0
329,11.384083044982699,-8.823529411764707,0.0,340,0.0024788989685475826,-0.006579892244189978,0.00703135272487998,48.392513020833334,0.0055338540114462376,0.6090494990348816,0.0004557291666666667,0.017395220696926117,0.0,0.0,0.1340031921863556,0.0,0.0,0.6090494990348816,0.0,0.0
332,11.487889273356402,-8.719723183391004,0.0,341,-0.0006610429845750332,-0.003641585586592555,0.0037010975647717714,48.3783203125,-0.014192708767950535,0.7930989861488342,0.0011067708333333333,0.004300334956496954,0.0,0.0,0.22398534417152405,0.0,0.0,0.7930989861488342,0.0,0.0
335,11.591695501730104,-8.615916955017301,0.0,342,-0.0007756499690003693,-0.0067545268684625626,0.00679891649633646,48.31126302083333,-0.0670572891831398,0.8216145634651184,0.0013671875,0.0031150502618402243,0.0,0.0,0.21593931317329407,0.0,0.0,0.8216145634651184,0.0,0.0
338,11.695501730103807,-8.512110726643598,0.0,343,-0.0004388875386212021,-0.015697883442044258,0.015704017132520676,48.17884114583333,-0.13242188096046448,0.9940103888511658,0.0018880208333333333,0.008949695155024529,0.0,0.0,0.24881736934185028,0.0,0.0,0.9940103888511658,0.0,0.0
341,11.799307958477508,-8.408304498269898,0.0,344,-0.007326085586100817,-0.012901664711534977,0.014836592599749565,48.26022135416667,0.0813802108168602,1.0322916507720947,0.0032552083333333335,0.007433191407471895,0.0,0.0,0.27709099650382996,0.0,0.0,1.0322916507720947,0.0,0.0
344,11.90311418685121,-8.304498269896195,0.0,345,0.0021432042121887207,-0.0168903861194849,0.017025817185640335,48.30221354166667,0.0419921875,1.0870442390441895,0.0022786458333333335,0.010275083594024181,0.0,0.0,0.27248960733413696,0.0,0.0,1.0870442390441895,0.0,0.0
347,12.006920415224913,-8.200692041522492,0.0,346,0.002546155359596014,-0.015218476764857769,0.01543000154197216,48.2697265625,-0.03248697891831398,1.1176432371139526,0.003841145833333333,0.0017197821289300919,0.0,0.0,0.31403985619544983,0.0,0.0,1.1176432371139526,0.0,0.0
350,12.110726643598616,-8.09688581314879,0.0,347,0.0034414795227348804,-0.014204662293195724,0.014615614898502827,47.8677734375,-0.4019531309604645,1.454687476158142,0.0056640625,0.0013525624526664615,0.0,0.0,0.3288654685020447,0.0,0.0,1.454687476158142,0.0,0.0
353,12.214532871972319,-7.993079584775087,0.0,348,-0.0038126553408801556,-0.015057074837386608,0.015532284043729305,46.5900390625,-1.277734398841858,2.4544270038604736,0.012044270833333334,0.007304045371711254,0.0,0.0,0.455282598733902,0.0,0.0,2.4544270038604736,0.0,0.0
355,12.283737024221454,-7.923875432525952,0.0,349,0.0012924104230478406,-0.007459759712219238,0.007570887450128794,46.64427083333333,0.05423177033662796,0.9641276001930237,0.002864583333333333,0.009153190068900585,0.0,0.0,0.28031983971595764,0.0,0.0,0.9641276001930237,0.0,0.0
358,12.387543252595156,-7.820069204152249,0.0,350,0.014170480892062187,-0.029893428087234497,0.033082012087106705,46.51875,-0.12552084028720856,1.351953148841858,0.0060546875,0.025867240503430367,0.0,0.0,0.34845229983329773,0.0,0.0,1.351953148841858,0.0,0.0
361,12.491349480968859,-7.716262975778546,0.0,351,0.0008482058765366673,-0.024282163009047508,0.024296972900629044,46.737109375,0.21835938096046448,1.3739583492279053,0.006575520833333333,0.014455771073698997,0.0,0.0,0.402614563703537,0.0,0.0,1.3739583492279053,0.0,0.0
364,12.59515570934256,-7.6124567474048455,0.0,352,-0.0008843284449540079,-0.025509953498840332,0.025525277480483055,46.75169270833333,0.014583333395421505,1.3833333253860474,0.007096354166666667,0.002123474609106779,0.0,0.0,0.4264060854911804,0.0,0.0,1.3833333253860474,0.0,0.0
367,12.698961937716263,-7.508650519031143,0.0,353,0.0009658796479925513,-0.019485000520944595,0.019508924335241318,46.724674479166666,-0.02701822854578495,1.3830077648162842,0.007291666666666667,0.006302644498646259,0.0,0.0,0.49664783477783203,0.0,0.0,1.3830077648162842,0.0,0.0
370,12.802768166089965,-7.40484429065744,0.0,354,-0.0004907214315608144,-0.018611125648021698,0.018617594614624977,46.48671875,-0.2379557341337204,1.4568359851837158,0.008203125,0.001698630047030747,0.0,0.0,0.48820337653160095,0.0,0.0,1.4568359851837158,0.0,0.0
373,12.906574394463668,-7.301038062283737,0.0,355,-0.004383999854326248,-0.028133418411016464,0.02847294695675373,46.58151041666667,0.09479166567325592,1.489843726158142,0.006315104166666667,0.01028745248913765,0.0,0.0,0.4756763279438019,0.0,0.0,1.489843726158142,0.0,0.0
376,13.01038062283737,-7.197231833910035,0.0,356,-0.006315886043012142,-0.04041391611099243,0.040904462337493896,47.325520833333336,0.7440103888511658,2.021224021911621,0.011263020833333333,0.012431524693965912,0.0,0.0,0.5396226644515991,0.0,0.0,2.021224021911621,0.0,0.0
379,13.114186851211073,-7.093425605536332,0.0,357,-0.0038944855332374573,-0.04059656336903572,0.04078293964266777,47.516015625,0.19049479067325592,1.7165364027023315,0.0072265625,0.002428279258310795,0.0,0.0,0.5220322012901306,0.0,0.0,1.7165364027023315,0.0,0.0
381,13.183391003460208,-7.024221453287197,0.0,358,-0.0061441753059625626,-0.04388593137264252,0.044313944876194,47.70703125,0.19101563096046448,1.211328148841858,0.0033854166666666668,0.003985103219747543,0.0,0.0,0.384700208902359,0.0,0.0,1.211328148841858,0.0,0.0
384,13.28719723183391,-6.920415224913496,0.08940839022397995,218,-0.014252498745918274,-0.09692585468292236,0.09796813130378723,47.8634765625,0.15644530951976776,1.7116535902023315,0.0083984375,0.053656112402677536,0.08940839022397995,0.08940839022397995,0.567976176738739,0.0,0.0,1.7116535902023315,0.0,0.0
387,13.391003460207612,-6.816608996539793,0.0,359,0.00811857171356678,-0.05932743474841118,0.059880346059799194,47.990234375,0.12675781548023224,1.4305338859558105,0.005859375,0.043750498443841934,0.0,0.0,0.45452022552490234,0.0,0.0,1.4305338859558105,0.0,0.0
390,13.494809688581315,-6.712802768166091,0.016341114416718483,226,0.021015502512454987,-0.012371290475130081,0.02438647486269474,47.858203125,-0.13203124701976776,1.2497395277023315,0.00625,0.048695072531700134,0.016341114416718483,0.016341114416718483,0.42784908413887024,0.0,0.0,1.2497395277023315,0.0,0.0
393,13.598615916955017,-6.608996539792388,0.0,360,0.0011639187578111887,-0.009730489924550056,0.009799853898584843,48.05286458333333,0.1946614533662796,1.2381510734558105,0.0048828125,0.020026464015245438,0.0,0.0,0.3715573251247406,0.0,0.0,1.2381510734558105,0.0,0.0
396,13.70242214532872,-6.505190311418685,0.0,361,-0.004104119259864092,-0.005011177156120539,0.006477321032434702,48.04244791666667,-0.010416666977107525,1.1229166984558105,0.005208333333333333,0.007072774693369865,0.0,0.0,0.37753719091415405,0.0,0.0,1.1229166984558105,0.0,0.0
399,13.806228373702423,-6.401384083044983,0.0,362,0.004531831480562687,-0.0029962717089802027,0.005432783626019955,48.01640625,-0.02604166604578495,1.0423177480697632,0.004557291666666667,0.008867891505360603,0.0,0.0,0.41359931230545044,0.0,0.0,1.0423177480697632,0.0,0.0
402,13.910034602076125,-6.29757785467128,0.0,363,0.0012696203775703907,-0.000706485821865499,0.0014529480831697583,47.6244140625,-0.3919921815395355,1.2205078601837158,0.005143229166666667,0.003985616844147444,0.0,0.0,0.3946271240711212,0.0,0.0,1.2205078601837158,0.0,0.0
405,14.013840830449826,-6.193771626297579,0.0,364,-0.004173926077783108,-0.004791927523910999,0.006354858633130789,47.93092447916667,0.30651041865348816,1.1221354007720947,0.0033854166666666668,0.006806102581322193,0.0,0.0,0.35019394755363464,0.0,0.0,1.1221354007720947,0.0,0.0
407,14.083044982698961,-6.124567474048444,0.0,365,0.0074616726487874985,0.0022979150526225567,0.007807494606822729,48.03391927083333,0.10299479216337204,0.7803385257720947,0.0024088541666666668,0.01362545508891344,0.0,0.0,0.22781451046466827,0.0,0.0,0.7803385257720947,0.0,0.0
410,14.186851211072664,-6.020761245674741,0.0,366,0.007763189263641834,0.003333000000566244,0.008448431268334389,47.75084635416667,-0.28307291865348816,1.1247395277023315,0.00234375,0.001078106346540153,0.0,0.0,0.27841174602508545,0.0,0.0,1.1247395277023315,0.0,0.0
413,14.290657439446367,-5.916955017301039,0.0,367,-0.004969518166035414,0.00015719042858108878,0.004972003400325775,47.89993489583333,0.1490885466337204,0.9111979007720947,0.002864583333333333,0.013122789561748505,0.0,0.0,0.23312480747699738,0.0,0.0,0.9111979007720947,0.0,0.0
416,14.39446366782007,-5.813148788927336,0.0,368,-0.0009862978477030993,-0.006732365116477013,0.0068042282946407795,47.93873697916667,0.03880208358168602,0.8350260257720947,0.0022135416666666666,0.007958141155540943,0.0,0.0,0.22419913113117218,0.0,0.0,0.8350260257720947,0.0,0.0
419,14.498269896193772,-5.709342560553633,0.0,369,-0.002009497955441475,0.005278696306049824,0.005648248828947544,48.003580729166664,0.06484375149011612,0.7295572757720947,0.0016276041666666667,0.0120545644313097,0.0,0.0,0.17074377834796906,0.0,0.0,0.7295572757720947,0.0,0.0
422,14.602076124567475,-5.6055363321799305,0.0,370,0.006782853044569492,0.009645321406424046,0.011791493743658066,47.94479166666667,-0.05878906324505806,0.701367199420929,0.0009114583333333333,0.009816967882215977,0.0,0.0,0.14998626708984375,0.0,0.0,0.701367199420929,0.0,0.0
425,14.705882352941176,-5.50173010380623,0.0,371,0.0024993959814310074,0.0023998215328902006,0.003464985406026244,48.09134114583333,0.14654947817325592,0.6899088621139526,0.0008463541666666667,0.008416963741183281,0.0,0.0,0.10782264173030853,0.0,0.0,0.6899088621139526,0.0,0.0
428,14.809688581314878,-5.397923875432527,0.0,372,0.004568703006953001,0.00850345566868782,0.00965307280421257,48.077799479166664,-0.01354166679084301,0.6393229365348816,0.0014973958333333334,0.006444872356951237,0.0,0.0,0.09891507029533386,0.0,0.0,0.6393229365348816,0.0,0.0
431,14.913494809688581,-5.294117647058824,0.0,373,-0.0009028016356751323,0.00568056246265769,0.005751855205744505,47.9783203125,-0.09947916865348816,0.6622396111488342,0.0034505208333333332,0.006156792398542166,0.0,0.0,0.06898742914199829,0.0,0.0,0.6622396111488342,0.0,0.0
433,14.982698961937716,-5.224913494809689,0.0,374,0.0007233809446915984,0.0015936617273837328,0.001750153605826199,47.96595052083333,-0.012369791977107525,0.42851561307907104,0.0012369791666666666,0.0043985480442643166,0.0,0.0,0.045129530131816864,0.0,0.0,0.42851561307907104,0.0,0.0
436,15.086505190311419,-5.1211072664359865,0.0,375,0.0006969833630137146,0.0013181803515180945,0.001491102040745318,47.889973958333336,-0.07597656548023224,0.5630859136581421,0.0022786458333333335,0.00027674323064275086,0.0,0.0,0.0653471052646637,0.0,0.0,0.5630859136581421,0.0,0.0
439,15.190311418685122,-5.017301038062284,0.0,376,0.0008487403392791748,0.027926005423069,0.027938900515437126,47.8392578125,-0.05071614682674408,0.8310546875,0.0016927083333333334,0.026608258485794067,0.0,0.0,0.08069837093353271,0.0,0.0,0.8310546875,0.0,0.0
442,15.294117647058824,-4.913494809688581,0.0,377,2.5409558475075755e-06,0.02544124238193035,0.02544124238193035,47.8060546875,-0.033203125,0.6937500238418579,0.0015625,0.0026249000802636147,0.0,0.0,0.07120833545923233,0.0,0.0,0.6937500238418579,0.0,0.0
445,15.397923875432525,-4.80968858131488,0.0,378,-0.002422515070065856,0.001673258957453072,0.00294421031139791,47.933919270833336,0.12786458432674408,0.611328125,0.0026041666666666665,0.023891378194093704,0.0,0.0,0.06596139818429947,0.0,0.0,0.611328125,0.0,0.0
448,15.501730103806228,-4.7058823529411775,0.0,379,0.0017450081650167704,-0.0015832629287615418,0.0023562205024063587,47.8568359375,-0.07708333432674408,0.5502604246139526,0.0025390625,0.005288967862725258,0.0,0.0,0.06369435042142868,0.0,0.0,0.5502604246139526,0.0,0.0
451,15.60553633217993,-4.602076124567475,0.0,380,0.0021930267103016376,0.0016874279826879501,0.0027670885901898146,47.86256510416667,0.00572916679084301,0.5005208253860474,0.0011067708333333333,0.0033012330532073975,0.0,0.0,0.06176195293664932,0.0,0.0,0.5005208253860474,0.0,0.0
454,15.709342560553633,-4.498269896193772,0.0,381,0.0016346103511750698,-0.010092883370816708,0.010224394500255585,47.81080729166667,-0.0517578125,0.48938801884651184,0.00078125,0.011793538928031921,0.0,0.0,0.05642321705818176,0.0,0.0,0.48938801884651184,0.0,0.0
457,15.813148788927336,-4.3944636678200695,0.0,382,0.002285465132445097,-0.005052025429904461,0.005544935818761587,47.28977864583333,-0.5210286378860474,1.1085286140441895,0.004231770833333333,0.00508270226418972,0.0,0.0,0.14368566870689392,0.0,0.0,1.1085286140441895,0.0,0.0
460,15.916955017301039,-4.290657439446367,0.0,383,0.0039797574281692505,0.001070133177563548,0.004121122881770134,47.4416015625,0.15182290971279144,0.9937499761581421,0.0037760416666666667,0.0063522798009216785,0.0,0.0,0.18476267158985138,0.0,0.0,0.9937499761581421,0.0,0.0
462,15.986159169550174,-4.221453287197232,0.0,384,-0.0004348790389485657,-0.0010185257997363806,0.0011074811918660998,47.380208333333336,-0.06139322742819786,0.49459636211395264,0.0001953125,0.004883801098912954,0.0,0.0,0.05685131996870041,0.0,0.0,0.49459636211395264,0.0,0.0
465,16.089965397923876,-4.117647058823529,0.0,385,0.0014105611480772495,0.00045663159107789397,0.001482631079852581,47.40403645833333,0.02382812462747097,0.4906249940395355,0.0005208333333333333,0.0023625704925507307,0.0,0.0,0.048157673329114914,0.0,0.0,0.4906249940395355,0.0,0.0
468,16.19377162629758,-4.013840830449826,0.0,386,0.0013385915663093328,-0.0014359664637595415,0.001963116694241762,47.40319010416667,-0.0008463541744276881,0.5123046636581421,0.0012369791666666666,0.0018939659930765629,0.0,0.0,0.05219465494155884,0.0,0.0,0.5123046636581421,0.0,0.0
471,16.29757785467128,-3.9100346020761236,0.0,387,0.0051283747889101505,-0.0025463434867560863,0.005725739523768425,47.273046875,-0.13014322519302368,0.7271484136581421,0.0014973958333333334,0.003949100151658058,0.0,0.0,0.06907226890325546,0.0,0.0,0.7271484136581421,0.0,0.0
474,16.401384083044984,-3.806228373702421,0.0,388,-0.0020917383953928947,-0.001022270880639553,0.002328176749870181,47.15651041666667,-0.1165364608168602,0.4528645873069763,0.0005208333333333333,0.007379216141998768,0.0,0.0,0.05446751415729523,0.0,0.0,0.4528645873069763,0.0,0.0
477,16.505190311418684,-3.702422145328722,0.0,389,0.001954373437911272,-0.0011585670290514827,0.0022719711996614933,47.13352864583333,-0.02298177033662796,0.4517578184604645,0.000390625,0.004048407077789307,0.0,0.0,0.06298702955245972,0.0,0.0,0.4517578184604645,0.0,0.0
480,16.608996539792386,-3.598615916955019,0.0,390,0.001209606183692813,-0.0002200956514570862,0.0012294669868424535,47.15475260416667,0.02122395858168602,0.45169270038604736,0.0004557291666666667,0.001198084675706923,0.0,0.0,0.07960790395736694,0.0,0.0,0.45169270038604736,0.0,0.0
483,16.71280276816609,-3.4948096885813165,0.0,391,0.003715391969308257,-0.0015797261148691177,0.004037285223603249,47.19778645833333,0.04303385317325592,0.4638671875,0.0001953125,0.002850887132808566,0.0,0.0,0.08780322968959808,0.0,0.0,0.4638671875,0.0,0.0
486,16.81660899653979,-3.391003460207614,0.0,392,0.0016705053858458996,-0.00347701832652092,0.0038574920035898685,47.1599609375,-0.03782552108168602,0.4749349057674408,0.0003255208333333333,0.0027894943486899137,0.0,0.0,0.10424158722162247,0.0,0.0,0.4749349057674408,0.0,0.0
488,16.885813148788927,-3.3217993079584787,0.0,393,0.00288567366078496,6.074416887713596e-05,0.0028863130137324333,47.230794270833336,0.07083333283662796,0.3674479126930237,6.510416666666667e-05,0.003740641288459301,0.0,0.0,0.07058451324701309,0.0,0.0,0.3674479126930237,0.0,0.0
491,16.98961937716263,-3.217993079584776,0.0,394,0.0033476657699793577,0.03175332024693489,0.03192929923534393,47.338541666666664,0.1077473983168602,0.6746744513511658,0.0001953125,0.03169594332575798,0.0,0.0,0.09445246309041977,0.0,0.0,0.6746744513511658,0.0,0.0
494,17.093425605536332,-3.1141868512110733,0.16210344433784485,213,0.0020091142505407333,0.09032990783452988,0.09035224467515945,47.2083984375,-0.13014322519302368,1.0261067152023315,0.0005208333333333333,0.05859187990427017,0.16210344433784485,0.16210344433784485,0.13821342587471008,0.0,0.0,1.0261067152023315,0.0,0.0
497,17.197231833910035,-3.0103806228373706,0.0,395,0.0010324879549443722,0.06790953129529953,0.06791737675666809,47.26927083333333,0.0608723945915699,0.9172526001930237,0.00026041666666666666,0.02244163677096367,0.0,0.0,0.12938375771045685,0.0,0.0,0.9172526001930237,0.0,0.0
500,17.301038062283737,-2.906574394463668,0.04782389849424362,224,0.002306931186467409,0.017092855647206306,0.01724782958626747,46.943684895833336,-0.3255859315395355,1.1658203601837158,0.0004557291666666667,0.050832655280828476,0.04782389849424362,0.04782389849424362,0.15409481525421143,0.0,0.0,1.1658203601837158,0.0,0.0
503,17.40484429065744,-2.8027681660899653,0.0,396,-0.0036135450936853886,0.03966701030731201,0.039831262081861496,47.22180989583333,0.27812498807907104,0.9236978888511658,0.0014322916666666666,0.02333761937916279,0.0,0.0,0.14871487021446228,0.0,0.0,0.9236978888511658,0.0,0.0
506,17.508650519031143,-2.6989619377162626,0.7116042971611023,193,0.005877293646335602,0.13509750366210938,0.13522528111934662,47.30638020833333,0.08457031100988388,1.4972004890441895,0.002994791666666667,0.09590127319097519,0.7116042971611023,0.7116042971611023,0.17778486013412476,0.0,0.0,1.4972004890441895,0.0,0.0
509,17.612456747404845,-2.59515570934256,0.0,397,0.005445786286145449,0.17926089465618134,0.1793435961008072,47.355143229166664,0.04876302182674408,1.8908202648162842,0.0078125,0.04416549950838089,0.0,0.0,0.2283351570367813,0.0,0.0,1.8908202648162842,0.0,0.0
512,17.716262975778548,-2.491349480968857,0.0,398,-0.00248563289642334,0.171716570854187,0.17173455655574799,47.2111328125,-0.14401040971279144,1.9348958730697632,0.0080078125,0.0109464256092906,0.0,0.0,0.2834905982017517,0.0,0.0,1.9348958730697632,0.0,0.0
514,17.785467128027683,-2.422145328719722,0.5323464870452881,201,-0.002810125006362796,0.08798696845769882,0.0880318284034729,47.45260416666667,0.24147135019302368,1.4063150882720947,0.0035807291666666665,0.08373022824525833,0.5323464870452881,0.5323464870452881,0.2492598295211792,0.0,0.0,1.4063150882720947,0.0,0.0
517,17.889273356401382,-2.318339100346023,0.0,399,0.019377451390028,0.10737349092960358,0.10910798609256744,47.5462890625,0.09368489682674408,1.8035807609558105,0.008658854166666667,0.02946397475898266,0.0,0.0,0.40859684348106384,0.0,0.0,1.8035807609558105,0.0,0.0
520,17.993079584775085,-2.2145328719723203,0.0,400,0.023992810398340225,0.09460462629795074,0.09759964048862457,47.39954427083333,-0.14674478769302368,1.9240885972976685,0.0091796875,0.013577387668192387,0.0,0.0,0.5226659178733826,0.0,0.0,1.9240885972976685,0.0,0.0
523,18.096885813148788,-2.1107266435986176,0.19054682552814484,212,0.005160692613571882,0.03708596155047417,0.037443310022354126,47.710026041666666,0.3104817569255829,2.040560007095337,0.011197916666666667,0.06052309647202492,0.19054682552814484,0.19054682552814484,0.621304452419281,0.0,0.0,2.040560007095337,0.0,0.0
526,18.20069204152249,-2.006920415224915,0.2684498429298401,209,0.05752748250961304,0.007613530382514,0.05802910402417183,47.73190104166667,0.02187499962747097,2.1446614265441895,0.015755208333333333,0.0600908063352108,0.18417996168136597,0.18417996168136597,0.7408680319786072,0.14044977724552155,0.08426986634731293,2.1446614265441895,0.0,0.0
529,18.304498269896193,-1.9031141868512123,1.207757830619812,181,0.17351581156253815,-0.003759767860174179,0.17355653643608093,47.71022135416667,-0.02167968824505806,2.8280599117279053,0.022200520833333334,0.11654460430145264,1.0156437158584595,1.0156437158584595,0.8522558212280273,0.2764391005039215,0.16586346924304962,2.8280599117279053,0.10500221699476242,0.026250554248690605
532,18.408304498269896,-1.7993079584775096,0.3248872756958008,207,0.1827118992805481,0.003326195292174816,0.182742178440094,47.56848958333333,-0.14173176884651184,3.065690040588379,0.029036458333333334,0.01160943228751421,0.0,0.0,1.0062386989593506,0.46443119645118713,0.2786587178707123,3.065690040588379,0.1849142611026764,0.0462285652756691
535,18.5121107266436,-1.695501730103807,0.4304790794849396,205,0.1693701446056366,0.02327757701277733,0.17096224427223206,48.2126953125,0.6442057490348816,3.126757860183716,0.028515625,0.02400125004351139,0.0,0.0,1.1433788537979126,0.6318606734275818,0.379116415977478,3.126757860183716,0.2054506093263626,0.05136265233159065
538,18.6159169550173,-1.5916955017301042,0.5212408900260925,202,0.14146345853805542,0.022051725536584854,0.14317187666893005,48.482421875,0.26972657442092896,3.3722004890441895,0.03424479166666667,0.027933595702052116,0.0,0.0,1.2391129732131958,0.7487389445304871,0.4492433965206146,3.3722004890441895,0.28798988461494446,0.07199747115373611
540,18.685121107266436,-1.522491349480969,1.8834235668182373,164,0.021139133721590042,-0.08151423931121826,0.08421065658330917,48.42819010416667,-0.05423177033662796,2.756575584411621,0.027669270833333332,0.15875720977783203,1.6373602151870728,1.6373602151870728,0.9341092109680176,0.37637093663215637,0.2258225679397583,2.756575584411621,0.08096292614936829,0.02024073153734207
543,18.78892733564014,-1.4186851211072664,0.8172303438186646,190,0.037392765283584595,-0.11457768082618713,0.12052495032548904,49.0626953125,0.6345052123069763,4.303776264190674,0.0533203125,0.036842525005340576,0.0,0.0,1.5362662076950073,1.1115225553512573,0.6669135689735413,4.303776264190674,0.6012672185897827,0.15031680464744568
546,18.89273356401384,-1.3148788927335637,2.0513479709625244,157,0.13054293394088745,-0.03260815888643265,0.13455389440059662,49.434635416666666,0.37194010615348816,4.3310546875,0.05227864583333333,0.12408044189214706,1.1266331672668457,1.1266331672668457,1.6798683404922485,1.2868412733078003,0.772104799747467,4.3310546875,0.6104406118392944,0.1526101529598236
549,18.996539792387544,-1.211072664359861,1.4369823932647705,176,0.10633569955825806,0.03674060478806496,0.1125040128827095,49.83763020833333,0.4029947817325592,4.605989456176758,0.05579427083333333,0.07345230877399445,0.3809710741043091,0.3809710741043091,1.827553629875183,1.4671448469161987,0.8802869319915771,4.605989456176758,0.7028977274894714,0.17572443187236786
552,19.100346020761247,-1.1072664359861584,1.990731954574585,159,0.03775446116924286,-0.03835899755358696,0.05382204055786133,49.8298828125,-0.007747395895421505,5.2529296875,0.06959635416666667,0.10170219838619232,0.7970415949821472,0.7970415949821472,1.9412566423416138,1.605960726737976,0.9635764956474304,5.2529296875,0.9204556345939636,0.2301139086484909
555,19.20415224913495,-1.0034602076124557,1.9760278463363647,160,0.11516350507736206,-0.10807394981384277,0.15793229639530182,50.571614583333336,0.7417317628860474,5.464909076690674,0.068359375,0.10417453944683075,0.8334547281265259,0.8334547281265259,1.8471444845199585,1.4910626411437988,0.8946376442909241,5.464909076690674,0.9917416572570801,0.24793541431427002
558,19.30795847750865,-0.8996539792387566,3.0265753269195557,136,0.24807335436344147,-0.21854910254478455,0.3306117057800293,51.150716145833336,0.5791015625,6.535742282867432,0.08528645833333333,0.1728287786245346,1.844609260559082,1.844609260559082,1.7780215740203857,1.4066729545593262,0.8440037965774536,6.535742282867432,1.3518495559692383,0.33796238899230957
561,19.41176470588235,-0.7958477508650539,1.1530790328979492,183,0.2148362398147583,-0.21204915642738342,0.301859974861145,51.96731770833333,0.816601574420929,7.103189945220947,0.09765625,0.033866725862026215,0.0,0.0,1.6734596490859985,1.2790170907974243,0.7674102783203125,7.103189945220947,1.5426750183105469,0.3856687545776367
564,19.515570934256054,-0.6920415224913512,2.770531415939331,138,0.17728394269943237,-0.04662391543388367,0.18331226706504822,51.80930989583333,-0.15800781548023224,6.252669334411621,0.08118489583333334,0.16963398456573486,1.797555685043335,1.797555685043335,1.5252059698104858,1.0980194807052612,0.6588116884231567,6.252669334411621,1.2566555738449097,0.3141638934612274
566,19.58477508650519,-0.6228373702422161,1.7589703798294067,169,0.07621046900749207,0.04601464420557022,0.089024618268013,52.37233072916667,0.5630208253860474,4.772005081176758,0.0517578125,0.13710488379001617,1.3184599876403809,1.3184599876403809,0.9682465195655823,0.4180479347705841,0.2508287727832794,4.772005081176758,0.7587267160415649,0.18968167901039124
569,19.688581314878892,-0.5190311418685134,0.8650802373886108,186,0.07869516313076019,0.08210813999176025,0.11373071372509003,52.79186197916667,0.4195312559604645,6.387109279632568,0.07688802083333333,0.03617892041802406,0.0,0.0,1.3624823093414307,0.8993561267852783,0.5396137237548828,6.387109279632568,1.301866054534912,0.325466513633728
572,19.792387543252595,-0.4152249134948107,1.8951975107192993,163,0.12157829105854034,-0.005779605358839035,0.12171559035778046,51.2861328125,-1.5057291984558105,6.751172065734863,0.0783203125,0.09779170900583267,0.7394470572471619,0.7394470572471619,1.7175078392028809,1.332793951034546,0.7996764183044434,6.751172065734863,1.4242959022521973,0.3560739755630493
575,19.896193771626297,-0.31141868512110804,5.466872215270996,87,0.20867443084716797,-0.3194292187690735,0.38154953718185425,51.94505208333333,0.6589192748069763,7.122460842132568,0.08684895833333334,0.32551777362823486,4.093446254730225,4.093446254730225,1.9720549583435059,1.6435612440109253,0.986136794090271,7.122460842132568,1.549155592918396,0.387288898229599
578,20.0,-0.20761245674740536,3.494466781616211,123,0.3251134753227234,-0.22866815328598022,0.3974769115447998,52.68444010416667,0.7393880486488342,8.266210556030273,0.10904947916666667,0.1476334035396576,1.4735263586044312,1.4735263586044312,2.7247426509857178,2.562490463256836,1.5374943017959595,8.266210556030273,1.9337843656539917,0.4834460914134979
581,20.103806228373703,-0.10380622837370268,2.508962869644165,146,0.36542630195617676,-0.21219810843467712,0.4225688576698303,51.42890625,-1.2555338144302368,9.605273246765137,0.12578125,0.04354751855134964,0.0,0.0,3.2372827529907227,3.188231945037842,1.912939190864563,9.605273246765137,2.384094476699829,0.5960236191749573
584,20.207612456747405,0.0,12.800641059875488,4,-1.0642905235290527,-0.6675311923027039,1.256308913230896,51.34739583333333,-0.08151041716337204,11.96875,0.16041666666666668,1.5004727840423584,10.0,10.0,3.3642098903656006,3.3431928157806396,2.005915880203247,11.96875,3.1789021492004395,0.7947255373001099
587,20.311418685121108,0.10380622837370268,13.885727882385254,1,-5.2426981925964355,-0.348289430141449,5.254254341125488,51.391536458333334,0.04414062574505806,17.342058181762695,0.23352864583333333,4.190585613250732,10.0,10.0,4.228820323944092,4.398764133453369,2.639258623123169,17.342058181762695,4.9858784675598145,1.2464696168899536
590,20.41522491349481,0.20761245674740536,11.835592269897461,18,-4.8788299560546875,0.16801145672798157,4.8817219734191895,49.36875,-2.0227863788604736,15.137239456176758,0.20872395833333332,0.6316381096839905,8.602052688598633,8.602052688598633,3.5915310382843018,3.6207211017608643,2.1724326610565186,15.137239456176758,4.2444257736206055,1.0611064434051514
592,20.484429065743946,0.2768166089965405,11.930632591247559,14,-3.062244415283203,0.43342894315719604,3.092766046524048,47.7662109375,-1.6025390625,11.771159172058105,0.160546875,1.835873007774353,10.0,10.0,2.199192523956299,1.9208652973175049,1.1525192260742188,11.771159172058105,3.112454891204834,0.7781137228012085
595,20.58823529411765,0.38062283737024316,12.461549758911133,8,-4.121249198913574,0.04214842617511749,4.121464729309082,45.52779947916667,-2.2384114265441895,12.307552337646484,0.16634114583333334,1.1289781332015991,10.0,10.0,2.862412691116333,2.73056697845459,1.6383402347564697,12.307552337646484,3.292837142944336,0.823209285736084
598,20.69204152249135,0.48442906574394584,13.222245216369629,2,-2.5263123512268066,-0.7778162956237793,2.643341064453125,42.540104166666666,-2.9876952171325684,12.913476943969727,0.17265625,1.7933671474456787,10.0,10.0,3.8313374519348145,3.913491725921631,2.348095178604126,12.913476943969727,3.4966020584106445,0.8741505146026611
601,20.79584775086505,0.588235294117645,12.231929779052734,11,-2.0632967948913574,-1.3749315738677979,2.4794416427612305,43.304752604166666,0.7646484375,10.741080284118652,0.13958333333333334,0.7555991411209106,10.0,10.0,2.7287325859069824,2.567361354827881,1.5404168367385864,10.741080284118652,2.76605224609375,0.6915130615234375
604,20.899653979238753,0.6920415224913476,12.64941120147705,5,-0.980299711227417,-0.848643958568573,1.296604871749878,47.9626953125,4.657942771911621,11.485937118530273,0.14778645833333334,1.204101800918579,10.0,10.0,3.2131710052490234,3.158794641494751,1.8952769041061401,11.485937118530273,3.016538143157959,0.7541345357894897
607,21.003460207612456,0.7958477508650503,11.228827476501465,24,-0.23748353123664856,-0.27714359760284424,0.36497533321380615,48.91380208333333,0.9511067867279053,6.613606929779053,0.0857421875,0.9372238516807556,10.0,10.0,1.8330589532852173,1.4738661050796509,0.8843197226524353,6.613606929779053,1.3780344724655151,0.3445086181163788
610,21.10726643598616,0.899653979238753,10.916471481323242,27,-0.7447113990783691,0.2393859326839447,0.7822408080101013,48.04114583333333,-0.8726562261581421,7.563411235809326,0.09713541666666667,0.7239357233047485,9.961432456970215,9.961432456970215,1.3502854108810425,0.8844653367996216,0.5306792259216309,7.563411235809326,1.6974416971206665,0.4243604242801666
613,21.21107266435986,1.0034602076124557,4.618951320648193,100,-0.40388745069503784,0.2140098661184311,0.45708346366882324,46.9623046875,-1.0788410902023315,4.6007161140441895,0.048828125,0.3417673408985138,4.332772731781006,4.332772731781006,0.7772186398506165,0.18482890725135803,0.11089734733104706,4.6007161140441895,0.701124370098114,0.1752810925245285
616,21.314878892733564,1.1072664359861584,6.199422359466553,71,-0.0605156347155571,-0.08715181052684784,0.10610174387693405,47.0181640625,0.05585937574505806,2.993880271911621,0.0263671875,0.45673027634620667,6.02597188949585,6.02597188949585,0.8077458143234253,0.2220984399318695,0.13325907289981842,2.993880271911621,0.16076552867889404,0.04019138216972351
618,21.3840830449827,1.1764705882352935,3.4165472984313965,125,0.019830971956253052,-0.3526895046234131,0.3532465994358063,47.2626953125,0.24453124403953552,2.889192819595337,0.022330729166666667,0.27742716670036316,3.3851571083068848,3.3851571083068848,0.4155769944190979,0.0,0.0,2.889192819595337,0.1255604475736618,0.03139011189341545
621,21.4878892733564,1.2802768166089962,4.082827568054199,109,-0.07337294518947601,-0.041552864015102386,0.08432217687368393,47.370442708333336,0.1077473983168602,2.0711588859558105,0.0115234375,0.3247968256473541,4.082827568054199,4.082827568054199,0.4509057402610779,0.0,0.0,2.0711588859558105,0.0,0.0
624,21.591695501730104,1.3840830449826989,10.645174026489258,32,-0.05047006905078888,0.9372484683990479,0.9386063814163208,47.45970052083333,0.08925781399011612,5.8818359375,0.07376302083333333,0.979069173336029,10.0,10.0,1.1202664375305176,0.603643536567688,0.36218613386154175,5.8818359375,1.1319489479064941,0.28298723697662354
627,21.695501730103807,1.4878892733564015,3.4604973793029785,124,0.1607443392276764,0.7873028516769409,0.8035449981689453,46.775716145833336,-0.6839843988418579,5.071744918823242,0.059375,0.2590274214744568,3.114161729812622,3.114161729812622,0.8052817583084106,0.21909016370773315,0.13145411014556885,5.071744918823242,0.8595254421234131,0.21488136053085327
630,21.79930795847751,1.5916955017301042,10.0,41,-0.03920041024684906,-0.01332530751824379,0.041403334587812424,46.785481770833336,0.009765625,0.9819010496139526,0.0012369791666666666,0.8252171874046326,10.0,10.0,0.1780744343996048,0.0,0.0,0.9819010496139526,0.0,0.0
633,21.903114186851212,1.695501730103807,3.788440227508545,119,-0.11424210667610168,-0.3086569607257843,0.32912060618400574,46.71634114583333,-0.06914062798023224,2.532031297683716,0.0189453125,0.3047163188457489,3.7870774269104004,3.7870774269104004,0.3835618793964386,0.0,0.0,2.532031297683716,0.005451487842947245,0.0013628719607368112
636,22.006920415224915,1.7993079584775096,3.7136733531951904,120,0.13038034737110138,-0.1354537010192871,0.18800728023052216,46.97584635416667,0.2595052123069763,2.229296922683716,0.011848958333333333,0.29973241686820984,3.7136733531951904,3.7136733531951904,0.4699873626232147,0.0,0.0,2.229296922683716,0.0,0.0
639,22.110726643598618,1.9031141868512123,1.2825485467910767,180,-0.0022573014721274376,-0.11216529458761215,0.11218800395727158,46.978515625,0.0026692708488553762,1.1807942390441895,0.003125,0.13466660678386688,1.2825485467910767,1.2825485467910767,0.22315384447574615,0.0,0.0,1.1807942390441895,0.0,0.0
642,22.214532871972317,2.0069204152249114,1.413106083869934,177,-0.08492323756217957,0.005169735290110111,0.08508044481277466,47.09850260416667,0.11998698115348816,1.2606120109558105,0.00390625,0.14353105425834656,1.413106083869934,1.413106083869934,0.21228770911693573,0.0,0.0,1.2606120109558105,0.0,0.0
644,22.283737024221452,2.0761245674740465,1.848695993423462,167,0.016368167474865913,0.14554718136787415,0.14646467566490173,47.14140625,0.04290364682674408,1.3012369871139526,0.004361979166666667,0.17310625314712524,1.848695993423462,1.848695993423462,0.24731500446796417,0.0,0.0,1.3012369871139526,0.0,0.0
647,22.387543252595155,2.179930795847749,0.0049632033333182335,228,0.06336960196495056,0.13619649410247803,0.15021714568138123,46.880078125,-0.2613281309604645,1.4065104722976685,0.0052734375,0.04792254790663719,0.0049632033333182335,0.0049632033333182335,0.21071593463420868,0.0,0.0,1.4065104722976685,0.0,0.0
650,22.491349480968857,2.283737024221452,3.237971067428589,133,-0.08920656144618988,-0.08344253897666931,0.12214936316013336,46.7927734375,-0.08730468899011612,1.4147785902023315,0.004361979166666667,0.26743370294570923,3.237971067428589,3.237971067428589,0.26602253317832947,0.0,0.0,1.4147785902023315,0.0,0.0
653,22.59515570934256,2.3875432525951545,0.5624632835388184,199,-0.004357761703431606,-0.0708710253238678,0.07100487500429153,46.712565104166664,-0.08020833134651184,1.1576822996139526,0.007096354166666667,0.08577506244182587,0.5624632835388184,0.5624632835388184,0.3175061345100403,0.0,0.0,1.1576822996139526,0.0,0.0
656,22.698961937716263,2.491349480968857,0.6535211205482483,195,-0.044933997094631195,0.011650309897959232,0.04641975834965706,46.87154947916667,0.15898437798023224,1.1925780773162842,0.008268229166666667,0.09195760637521744,0.6535211205482483,0.6535211205482483,0.32400718331336975,0.0,0.0,1.1925780773162842,0.0,0.0
659,22.802768166089965,2.59515570934256,0.0,401,-0.003982529975473881,-0.0077200294472277164,0.008686737157404423,46.86171875,-0.009830729104578495,1.2402994632720947,0.010872395833333333,0.04530157521367073,0.0,0.0,0.24748989939689636,0.0,0.0,1.2402994632720947,0.0,0.0
662,22.906574394463668,2.6989619377162626,0.05919966846704483,220,0.047135308384895325,-0.014794345945119858,0.04940253123641014,46.891015625,0.029296875,1.6817708015441895,0.014973958333333334,0.05160503461956978,0.05919966846704483,0.05919966846704483,0.33895009756088257,0.0,0.0,1.6817708015441895,0.0,0.0
665,23.01038062283737,2.8027681660899653,0.8527686595916748,188,-0.05421262979507446,-0.04404958337545395,0.06985252350568771,46.790364583333336,-0.10065104067325592,2.235807180404663,0.018359375,0.10548589378595352,0.8527686595916748,0.8527686595916748,0.3971823751926422,0.0,0.0,2.235807180404663,0.0,0.0
668,23.114186851211073,2.906574394463668,4.702936172485352,98,-0.3827705383300781,-0.0962221622467041,0.39467960596084595,46.978841145833336,0.1884765625,4.0147786140441895,0.04186197916666667,0.33267444372177124,4.198851108551025,4.198851108551025,1.1419428586959839,0.6301075220108032,0.3780645430088043,4.0147786140441895,0.5040808916091919,0.12602022290229797
670,23.18339100346021,2.975778546712803,7.0787577629089355,61,-0.8227750062942505,0.14722394943237305,0.835843026638031,46.559895833333336,-0.4189453125,5.497591018676758,0.06829427083333334,0.502861738204956,6.705406665802002,6.705406665802002,0.7932879328727722,0.20444732904434204,0.12266840040683746,5.497591018676758,1.0027321577072144,0.2506830394268036
673,23.28719723183391,3.0795847750865057,11.040631294250488,25,-1.7683066129684448,0.648565411567688,1.8834928274154663,45.64889322916667,-0.9110025763511658,8.256184577941895,0.1060546875,1.070221185684204,10.0,10.0,1.3876206874847412,0.9300466775894165,0.5580280423164368,8.256184577941895,1.930412769317627,0.48260319232940674
676,23.391003460207614,3.1833910034602084,10.498821258544922,33,-1.0052556991577148,0.31834185123443604,1.054457426071167,44.648046875,-1.0008463859558105,6.123632907867432,0.08053385416666667,0.8314411044120789,10.0,10.0,0.8927226662635803,0.32584360241889954,0.19550617039203644,6.123632907867432,1.2132623195648193,0.30331557989120483
679,23.494809688581316,3.287197231833911,4.746527671813965,96,-0.9867058992385864,-0.01663675531744957,0.9868461489677429,43.8173828125,-0.8306640386581421,6.1688151359558105,0.07428385416666666,0.3354918360710144,4.240346431732178,4.240346431732178,0.8975839614868164,0.3317785859107971,0.199067160487175,6.1688151359558105,1.2284564971923828,0.3071141242980957
682,23.598615916955016,3.3910034602076102,11.034223556518555,26,-0.024948501959443092,-0.36592668294906616,0.36677616834640503,42.823567708333336,-0.9938151240348816,5.614648342132568,0.06946614583333334,1.0232207775115967,10.0,10.0,1.6820449829101562,1.2894985675811768,0.773699164390564,5.614648342132568,1.0420970916748047,0.26052427291870117
685,23.70242214532872,3.494809688581313,5.401703357696533,88,-0.020793430507183075,-0.06058095768094063,0.06405013054609299,42.4193359375,-0.4042317569255829,4.425195217132568,0.055078125,0.30537399649620056,3.7967638969421387,3.7967638969421387,2.597674608230591,2.407357692718506,1.4444146156311035,4.425195217132568,0.6420989036560059,0.16052472591400146
688,23.80622837370242,3.5986159169550156,11.955450057983398,13,-0.6502002477645874,0.24566970765590668,0.6950640082359314,41.66516927083333,-0.7541666626930237,6.278254985809326,0.07799479166666666,0.699958860874176,9.608295440673828,9.608295440673828,3.39823579788208,3.3847336769104004,2.0308403968811035,6.278254985809326,1.2652597427368164,0.3163149356842041
691,23.910034602076124,3.7024221453287183,2.070833921432495,156,-0.6950756907463074,0.2478276491165161,0.737935483455658,41.53359375,-0.13157552480697632,6.146158695220947,0.07643229166666667,0.04492729529738426,0.0,0.0,3.0361757278442383,2.9427075386047363,1.7656246423721313,6.146158695220947,1.2208373546600342,0.30520933866500854
694,24.013840830449826,3.806228373702421,3.9716246128082275,113,-0.7746241092681885,0.07807634025812149,0.7785488963127136,41.39036458333333,-0.1432291716337204,7.370833396911621,0.09225260416666667,0.18746589124202728,2.060187816619873,2.060187816619873,2.6780169010162354,2.5054447650909424,1.5032669305801392,7.370833396911621,1.6326801776885986,0.40817004442214966
696,24.08304498269896,3.875432525951556,6.362944602966309,64,-0.45589378476142883,-0.004025228321552277,0.4559115469455719,42.82897135416667,1.4386067390441895,6.1007161140441895,0.07259114583333333,0.3291347622871399,4.1467180252075195,4.1467180252075195,3.2398746013641357,3.191396474838257,1.9148379564285278,6.1007161140441895,1.2055556774139404,0.3013889193534851
699,24.186851211072664,3.9792387543252588,6.136547565460205,73,-0.7364787459373474,-0.0026034200564026833,0.7364833950996399,43.19772135416667,0.3687500059604645,9.753515243530273,0.11614583333333334,0.2805885672569275,3.4317188262939453,3.4317188262939453,3.4876554012298584,3.493903160095215,2.096342086791992,9.753515243530273,2.433946371078491,0.6084865927696228
702,24.290657439446367,4.083044982698961,10.334531784057617,37,-1.1844844818115234,0.04432593286037445,1.1853135824203491,43.17298177083333,-0.02473958395421505,10.402734756469727,0.12180989583333333,0.45045697689056396,5.933578014373779,5.933578014373779,5.7286152839660645,6.229809284210205,3.7378857135772705,10.402734756469727,2.652270793914795,0.6630676984786987
705,24.39446366782007,4.186851211072664,5.925127983093262,79,-1.2132360935211182,0.008984226733446121,1.2132693529129028,43.1712890625,-0.0016927083488553762,10.374479293823242,0.123046875,0.045559756457805634,0.0,0.0,7.8125901222229,8.774059295654297,5.264435768127441,10.374479293823242,2.6427688598632812,0.6606922149658203
708,24.498269896193772,4.290657439446367,11.310916900634766,23,-0.6995663642883301,-0.040857747197151184,0.7007584571838379,44.534830729166664,1.3635417222976685,10.559895515441895,0.123046875,0.5160821676254272,6.900119781494141,6.900119781494141,5.724016189575195,6.224194526672363,3.7345168590545654,10.559895515441895,2.7051219940185547,0.6762804985046387
711,24.602076124567475,4.3944636678200695,5.715262413024902,81,-0.5906189680099487,-0.059640876948833466,0.593622624874115,44.6951171875,0.16028645634651184,10.448177337646484,0.12200520833333334,0.11055469512939453,0.9274230599403381,0.9274230599403381,6.25155782699585,6.868251323699951,4.120951175689697,10.448177337646484,2.6675524711608887,0.6668881177902222
714,24.705882352941178,4.498269896193772,6.00956392288208,76,-0.6775954365730286,-0.14232924580574036,0.692382276058197,45.92649739583333,1.2313802242279053,11.475390434265137,0.1349609375,0.12000946700572968,1.0666749477386475,1.0666749477386475,6.345330715179443,6.9827351570129395,4.18964147567749,11.475390434265137,3.012991428375244,0.753247857093811
717,24.80968858131488,4.602076124567475,6.299585819244385,66,-0.79606032371521,-0.1655091643333435,0.813083827495575,48.39342447916667,2.4669270515441895,12.236979484558105,0.14381510416666668,0.12071138620376587,1.0770130157470703,1.0770130157470703,6.63973331451416,7.342160701751709,4.405296802520752,12.236979484558105,3.269104480743408,0.817276120185852
720,24.913494809688583,4.7058823529411775,5.138733386993408,93,-0.9117415547370911,-0.1956525444984436,0.932498037815094,51.2880859375,2.8946614265441895,11.740365028381348,0.14127604166666666,0.11954401433467865,1.0598196983337402,1.0598196983337402,5.135459899902344,5.505647659301758,3.303388833999634,11.740365028381348,3.1020991802215576,0.7755247950553894
722,24.982698961937718,4.775086505190313,7.951629161834717,53,-0.6370190978050232,-0.16344040632247925,0.657651960849762,52.48326822916667,1.1951823234558105,9.488541603088379,0.11608072916666666,0.2766045033931732,3.3730406761169434,3.3730406761169434,6.0760369300842285,6.653964042663574,3.9923784732818604,9.488541603088379,2.344839096069336,0.586209774017334
725,25.086505190311417,4.878892733564012,9.52612018585205,44,-1.022984266281128,-0.21622906625270844,1.0455868244171143,52.749348958333336,0.26608073711395264,10.675456047058105,0.1365234375,0.3895584046840668,5.03665018081665,5.03665018081665,5.8181538581848145,6.339123725891113,3.8034744262695312,10.675456047058105,2.743983507156372,0.685995876789093
728,25.19031141868512,4.982698961937714,6.048087120056152,74,-1.231682300567627,-0.07350946962833405,1.233873963356018,54.599609375,1.8502603769302368,9.725650787353516,0.13157552083333332,0.25283145904541016,3.0229060649871826,3.0229060649871826,3.9281835556030273,4.0317277908325195,2.419036865234375,9.725650787353516,2.4245758056640625,0.6061439514160156
731,25.294117647058822,5.086505190311417,7.141180038452148,60,-1.0294055938720703,0.0019098783377557993,1.0294073820114136,54.18138020833333,-0.4182291626930237,11.771224021911621,0.17604166666666668,0.21587947010993958,2.4786691665649414,2.4786691665649414,5.928618907928467,6.473986625671387,3.884392023086548,11.771224021911621,3.1124765872955322,0.7781191468238831
734,25.397923875432525,5.19031141868512,4.258306503295898,106,-1.101827621459961,-0.04480092227458954,1.1027380228042603,51.898372395833334,-2.283007860183716,12.760611534118652,0.18626302083333332,0.08617916703224182,0.5684149861335754,0.5684149861335754,4.487290382385254,4.714321136474609,2.8285927772521973,12.760611534118652,3.445195436477661,0.8612988591194153
737,25.501730103806228,5.2941176470588225,4.440885543823242,102,-1.1490737199783325,-0.045285195112228394,1.149965763092041,49.70813802083333,-2.190234422683716,12.294791221618652,0.16490885416666667,0.04724857956171036,0.0,0.0,5.565975189208984,6.031248092651367,3.618748903274536,12.294791221618652,3.288545846939087,0.8221364617347717
740,25.60553633217993,5.397923875432525,4.357639789581299,105,-1.0485138893127441,-0.03796219453215599,1.0492008924484253,47.69114583333333,-2.0169920921325684,11.534310340881348,0.14908854166666666,0.10082611441612244,0.7841384410858154,0.7841384410858154,4.469143867492676,4.692166328430176,2.8152999877929688,11.534310340881348,3.0328054428100586,0.7582013607025146
743,25.709342560553633,5.501730103806228,10.160421371459961,40,-0.5816717147827148,0.03631051629781723,0.5828039646148682,46.221744791666666,-1.4694010019302368,11.255599021911621,0.14544270833333334,0.47271350026130676,6.26137638092041,6.26137638092041,4.945549011230469,5.273792266845703,3.1642754077911377,11.255599021911621,2.9390783309936523,0.7347695827484131
746,25.813148788927336,5.6055363321799305,7.642767906188965,57,-0.8058999180793762,0.059436604380607605,0.8080887198448181,43.633138020833336,-2.588606834411621,10.340559959411621,0.12252604166666667,0.2254176288843155,2.6191492080688477,2.6191492080688477,6.585784912109375,7.276296615600586,4.365777969360352,10.340559959411621,2.631362199783325,0.6578405499458313
749,25.91695501730104,5.709342560553633,5.669358253479004,82,-0.7853641510009766,0.17233902215957642,0.8040507435798645,40.657161458333334,-2.9759764671325684,9.768294334411621,0.12317708333333334,0.11475484073162079,0.9892837405204773,0.9892837405204773,6.182473182678223,6.783908367156982,4.070345401763916,9.768294334411621,2.4389164447784424,0.6097291111946106
751,25.986159169550174,5.778546712802768,5.139036178588867,92,-0.5814066529273987,0.1905732899904251,0.6118430495262146,39.12669270833333,-1.5304687023162842,7.141406059265137,0.08971354166666666,0.2047709822654724,2.315061092376709,2.315061092376709,3.950103521347046,4.0584893226623535,2.435093641281128,7.141406059265137,1.5555267333984375,0.3888816833496094
754,26.089965397923876,5.882352941176471,6.328360557556152,65,-0.7861853241920471,0.2177712619304657,0.815788984298706,37.90546875,-1.2212239503860474,8.335416793823242,0.10384114583333333,0.20657694339752197,2.3416595458984375,2.3416595458984375,5.400364398956299,5.829060077667236,3.497436285018921,8.335416793823242,1.9570575952529907,0.4892643988132477
757,26.19377162629758,5.986159169550174,7.909505844116211,54,-0.6016690731048584,-0.07921822369098663,0.6068617701530457,36.47669270833333,-1.4287760257720947,7.302213668823242,0.09381510416666666,0.34964126348495483,4.448742389678955,4.448742389678955,4.800961971282959,5.097270965576172,3.0583627223968506,7.302213668823242,1.6096042394638062,0.40240105986595154
760,26.29757785467128,6.089965397923876,8.414527893066406,49,-0.38802096247673035,-0.39666810631752014,0.5548926591873169,35.461979166666666,-1.0147135257720947,7.243750095367432,0.08274739583333333,0.3826485574245453,4.934880256652832,4.934880256652832,4.833451271057129,5.136936187744141,3.0821619033813477,7.243750095367432,1.5899436473846436,0.3974859118461609
763,26.401384083044984,6.193771626297579,3.945540189743042,115,-0.3038886785507202,-0.37491393089294434,0.4826062321662903,34.81490885416667,-0.6470702886581421,6.700976371765137,0.07649739583333333,0.0868992805480957,0.5790209770202637,0.5790209770202637,4.741308212280273,5.024442195892334,3.014665365219116,6.700976371765137,1.4074156284332275,0.3518539071083069
766,26.505190311418684,6.297577854671278,8.112751960754395,52,-0.09712330996990204,-0.0486040860414505,0.10860614478588104,34.42330729166667,-0.3916015625,5.718033790588379,0.06067708333333333,0.38630303740501404,4.988704204559326,4.988704204559326,4.523110866546631,4.758052825927734,2.8548316955566406,5.718033790588379,1.0768643617630005,0.2692160904407501
769,26.608996539792386,6.401384083044981,6.850130081176758,62,0.1294565200805664,0.1370856761932373,0.18855097889900208,33.7724609375,-0.6508463621139526,6.041080951690674,0.06419270833333333,0.29294899106025696,3.6137659549713135,3.6137659549713135,4.6393632888793945,4.8999810218811035,2.939988613128662,6.041080951690674,1.1855010986328125,0.2963752746582031
772,26.71280276816609,6.5051903114186835,5.740212917327881,80,0.14189554750919342,0.36771488189697266,0.39414283633232117,32.63815104166667,-1.1343098878860474,5.4151692390441895,0.06061197916666667,0.23096440732479095,2.700843572616577,2.700843572616577,4.442271709442139,4.659359455108643,2.7956156730651855,5.4151692390441895,0.9750148057937622,0.24375370144844055
775,26.81660899653979,6.608996539792386,7.5397539138793945,58,-0.13776923716068268,0.6535394191741943,0.6679027676582336,32.768229166666664,0.13007812201976776,5.8984375,0.06614583333333333,0.39988505840301514,5.188743591308594,5.188743591308594,3.4470906257629395,3.444378614425659,2.066627264022827,5.8984375,1.1375318765640259,0.28438296914100647
777,26.885813148788927,6.678200692041521,5.610383033752441,83,-0.3646082878112793,0.3872486352920532,0.5318840742111206,32.6033203125,-0.16490885615348816,4.465559959411621,0.04830729166666667,0.34980958700180054,4.451221466064453,4.451221466064453,1.9844862222671509,1.658738136291504,0.9952428936958313,4.465559959411621,0.6556730270385742,0.16391825675964355
780,26.98961937716263,6.782006920415224,4.063360214233398,111,-0.5595657825469971,0.2947821319103241,0.6324637532234192,32.3787109375,-0.224609375,5.047265529632568,0.0541015625,0.21577414870262146,2.4771180152893066,2.4771180152893066,2.5007545948028564,2.289031505584717,1.373418927192688,5.047265529632568,0.8512933850288391,0.21282334625720978
783,27.093425605536332,6.885813148788927,5.935760974884033,78,-0.49433618783950806,-0.07283002138137817,0.49967238306999207,32.08118489583333,-0.2975260317325592,4.721354007720947,0.050390625,0.3733545243740082,4.7979960441589355,4.7979960441589355,1.9259192943572998,1.587235927581787,0.952341616153717,4.721354007720947,0.741693377494812,0.185423344373703
786,27.197231833910035,6.989619377162629,6.195594787597656,72,-0.8841886520385742,-0.14559245109558105,0.8960952758789062,31.608268229166665,-0.4729166626930237,5.2794270515441895,0.059309895833333334,0.39658457040786743,5.140133380889893,5.140133380889893,1.74951171875,1.3718663454055786,0.8231198191642761,5.2794270515441895,0.9293663501739502,0.23234158754348755
789,27.301038062283737,7.093425605536332,6.044307231903076,75,-1.2389508485794067,-0.00019193888874724507,1.2389508485794067,31.308138020833333,-0.3001302182674408,5.653385639190674,0.062239583333333334,0.383402556180954,4.945985317230225,4.945985317230225,1.7651032209396362,1.3909014463424683,0.8345409035682678,5.653385639190674,1.0551239252090454,0.26378098130226135
792,27.40484429065744,7.197231833910035,6.215609550476074,70,-1.6270062923431396,0.012997914105653763,1.6270582675933838,30.583723958333334,-0.724414050579071,5.902669429779053,0.06627604166666666,0.388279527425766,5.017814636230469,5.017814636230469,1.8722888231277466,1.5217604637145996,0.9130563139915466,5.902669429779053,1.138954997062683,0.2847387492656708
795,27.508650519031143,7.301038062283737,5.540539264678955,85,-1.7599198818206787,-0.3047131597995758,1.7861042022705078,30.047786458333334,-0.535937488079071,6.116145610809326,0.06861979166666667,0.34439271688461304,4.371440410614014,4.371440410614014,1.8086128234863281,1.4440207481384277,0.8664124608039856,6.116145610809326,1.2107443809509277,0.30268609523773193
798,27.612456747404845,7.40484429065744,8.17104721069336,50,-1.6864054203033447,-0.8198108673095703,1.8751140832901,29.136979166666666,-0.9108073115348816,6.569010257720947,0.07506510416666666,0.5203172564506531,6.96249532699585,6.96249532699585,1.8104974031448364,1.4463214874267578,0.8677929043769836,6.569010257720947,1.363037109375,0.34075927734375
801,27.716262975778548,7.508650519031143,3.2641520500183105,131,-1.8631092309951782,-0.8540970683097839,2.0495505332946777,28.280013020833334,-0.8569661378860474,6.438736915588379,0.072265625,0.17999939620494843,1.950219750404358,1.950219750404358,1.9693089723587036,1.6402088403701782,0.9841253161430359,6.438736915588379,1.3192278146743774,0.32980695366859436
803,27.785467128027683,7.577854671280278,8.534570693969727,46,-1.5901648998260498,-0.349118709564209,1.6280381679534912,27.470572916666665,-0.8094400763511658,4.898633003234863,0.04609375,0.5740224123001099,7.753476619720459,7.753476619720459,1.4186615943908691,0.9679433703422546,0.5807660222053528,4.898633003234863,0.801310122013092,0.200327530503273
806,27.889273356401382,7.681660899653977,11.594128608703613,20,-2.6047635078430176,-0.29382801055908203,2.621283531188965,27.337369791666667,-0.13320311903953552,5.9317708015441895,0.06145833333333333,1.016103982925415,10.0,10.0,2.4100048542022705,2.1782383918762207,1.3069430589675903,5.9317708015441895,1.1487414836883545,0.2871853709220886
809,27.993079584775085,7.78546712802768,6.2474870681762695,68,-2.952014207839966,-0.24240432679653168,2.9619500637054443,27.290885416666665,-0.04648437350988388,6.240624904632568,0.06803385416666667,0.3510376811027527,4.469308853149414,4.469308853149414,2.6258134841918945,2.44171142578125,1.46502685546875,6.240624904632568,1.2526051998138428,0.3131512999534607
812,28.096885813148788,7.889273356401382,5.552907943725586,84,-3.1284873485565186,-0.02708936482667923,3.1286044120788574,27.05078125,-0.24010416865348816,6.526953220367432,0.07291666666666667,0.2783941328525543,3.3993988037109375,3.3993988037109375,3.1053354740142822,3.0271425247192383,1.8162856101989746,6.526953220367432,1.3488938808441162,0.33722347021102905
815,28.20069204152249,7.993079584775085,4.189772129058838,107,-3.2996997833251953,0.02066849172115326,3.299764633178711,26.717122395833332,-0.3336588442325592,6.451237201690674,0.0703125,0.177748441696167,1.9170671701431274,1.9170671701431274,3.2767465114593506,3.2364120483398438,1.941847324371338,6.451237201690674,1.3234314918518066,0.33085787296295166
818,28.304498269896193,8.096885813148788,10.294535636901855,38,-2.68550443649292,-0.018426500260829926,2.685567617416382,25.5513671875,-1.1657551527023315,6.174218654632568,0.05970052083333333,0.6154383420944214,8.363459587097168,8.363459587097168,2.8421642780303955,2.7058463096618652,1.6235078573226929,6.174218654632568,1.2302736043930054,0.30756840109825134
821,28.408304498269896,8.20069204152249,7.784528732299805,55,-2.2359459400177,0.0648089200258255,2.236884832382202,25.4291015625,-0.12226562201976776,5.280338764190674,0.04869791666666667,0.4571990370750427,6.032876491546631,6.032876491546631,2.699815273284912,2.532057285308838,1.5192344188690186,5.280338764190674,0.9296729564666748,0.2324182391166687
824,28.5121107266436,8.304498269896193,3.70536470413208,121,-2.269658088684082,0.2484225332736969,2.283212900161743,25.583658854166668,0.15455728769302368,5.5916666984558105,0.05358072916666667,0.186682790517807,2.048654079437256,2.048654079437256,2.534473419189453,2.33019757270813,1.3981186151504517,5.5916666984558105,1.034368634223938,0.2585921585559845
827,28.6159169550173,8.408304498269896,4.710518836975098,97,-2.3961076736450195,0.4723081588745117,2.442213535308838,25.394856770833332,-0.1888020783662796,6.011328220367432,0.061783854166666666,0.25712695717811584,3.0861711502075195,3.0861711502075195,2.4421279430389404,2.217456340789795,1.3304738998413086,6.011328220367432,1.1754956245422363,0.2938739061355591
829,28.685121107266436,8.477508650519031,10.902654647827148,28,-1.583432912826538,0.2452658712863922,1.6023155450820923,25.894010416666667,0.49915364384651184,4.8057942390441895,0.045182291666666666,0.8437941074371338,10.0,10.0,1.5952670574188232,1.1835545301437378,0.7101327180862427,4.8057942390441895,0.7700895667076111,0.19252239167690277
832,28.78892733564014,8.581314878892734,9.868552207946777,42,-1.9391858577728271,-0.25537270307540894,1.9559286832809448,26.099088541666667,0.205078125,5.552343845367432,0.052734375,0.6141654253005981,8.344711303710938,8.344711303710938,2.3575992584228516,2.114258289337158,1.2685550451278687,5.552343845367432,1.0211448669433594,0.25528621673583984
835,28.89273356401384,8.685121107266436,11.779304504394531,19,-1.314102053642273,-0.8600127100944519,1.5705050230026245,26.532942708333334,0.4338541626930237,5.779557228088379,0.05709635416666667,0.8696662187576294,10.0,10.0,2.6802685260772705,2.5081937313079834,1.5049163103103638,5.779557228088379,1.0975539684295654,0.27438849210739136
838,28.996539792387544,8.788927335640139,8.459588050842285,48,-1.6054632663726807,-0.47231370210647583,1.6734970808029175,27.718424479166668,1.1854817867279053,5.9815754890441895,0.05703125,0.4849761426448822,6.441983222961426,6.441983222961426,2.9823994636535645,2.877054214477539,1.726232647895813,5.9815754890441895,1.1654901504516602,0.29137253761291504
841,29.100346020761247,8.892733564013842,10.886240005493164,30,-1.3213095664978027,0.13027530908584595,1.32771635055542,27.436328125,-0.28209635615348816,5.791211128234863,0.057291666666666664,0.666225790977478,9.111468315124512,9.111468315124512,2.672741651535034,2.499004364013672,1.499402642250061,5.791211128234863,1.1014729738235474,0.27536824345588684
844,29.20415224913495,8.996539792387544,12.158326148986816,12,-0.9614402055740356,0.8173994421958923,1.2619465589523315,26.653255208333334,-0.7830728888511658,6.734114646911621,0.07734375,0.775658130645752,10.0,10.0,3.088134527206421,3.0061426162719727,1.8036856651306152,6.734114646911621,1.4185596704483032,0.3546399176120758
847,29.30795847750865,9.100346020761243,10.813097953796387,31,-0.4585631489753723,1.1188971996307373,1.209219217300415,24.902473958333335,-1.7507812976837158,7.836328029632568,0.0951171875,0.5863328576087952,7.934787273406982,7.934787273406982,3.944523334503174,4.051676273345947,2.4310059547424316,7.836328029632568,1.7892202138900757,0.4473050534725189
850,29.41176470588235,9.204152249134946,11.870503425598145,17,-0.7306424975395203,0.38868987560272217,0.8275979161262512,25.088216145833332,0.18574218451976776,6.304491996765137,0.07180989583333333,0.7792495489120483,10.0,10.0,2.744521379470825,2.5866377353668213,1.5519827604293823,6.304491996765137,1.274082899093628,0.318520724773407
853,29.515570934256054,9.307958477508649,12.293893814086914,10,-1.032428503036499,-1.4034864902496338,1.742321252822876,25.733658854166666,0.6454427242279053,8.048697471618652,0.0921875,1.8174077272415161,10.0,10.0,3.1223294734954834,3.0478899478912354,1.828734040260315,8.048697471618652,1.8606374263763428,0.4651593565940857
855,29.58477508650519,9.377162629757784,6.246938705444336,69,-0.6935497522354126,-1.5010613203048706,1.6535404920578003,26.6123046875,0.8786458373069763,7.473567485809326,0.08899739583333334,0.3526466488838196,4.493006229400635,4.493006229400635,2.4512085914611816,2.2285425662994385,1.337125539779663,7.473567485809326,1.6672284603118896,0.4168071150779724
858,29.688581314878892,9.480968858131487,5.540248394012451,86,-0.9294180870056152,-1.482429027557373,1.7496895790100098,26.621158854166666,0.008854166604578495,8.327733993530273,0.101171875,0.23660312592983246,2.7838916778564453,2.7838916778564453,3.7216379642486572,3.7795639038085938,2.2677383422851562,8.327733993530273,1.9544739723205566,0.48861849308013916
861,29.792387543252595,9.58477508650519,12.572437286376953,6,-0.5328971147537231,-0.17479723691940308,0.5608327984809875,26.760026041666666,0.13886718451976776,5.676237106323242,0.05670572916666667,1.3664294481277466,10.0,10.0,3.774874687194824,3.8445584774017334,2.3067352771759033,5.676237106323242,1.062808632850647,0.26570215821266174
864,29.896193771626297,9.688581314878892,9.592777252197266,43,-0.4174455404281616,0.3088489770889282,0.5192768573760986,26.566471354166666,-0.19355468451976776,6.562565326690674,0.07799479166666666,0.4972350597381592,6.622535705566406,6.622535705566406,4.216213226318359,4.383372783660889,2.630023717880249,6.562565326690674,1.3608697652816772,0.3402174413204193
867,30.0,9.792387543252595,13.119667053222656,3,-0.834522008895874,1.242424726486206,1.496678352355957,26.008203125,-0.5582682490348816,7.791211128234863,0.09270833333333334,1.0225050449371338,10.0,10.0,4.279189109802246,4.460257530212402,2.676154613494873,7.791211128234863,1.7740479707717896,0.4435119926929474
870,30.103806228373703,9.896193771626297,10.174050331115723,39,-1.1073533296585083,0.7169063091278076,1.3191611766815186,25.7818359375,-0.22636719048023224,7.139388084411621,0.07265625,0.592120349407196,8.020027160644531,8.020027160644531,3.035747766494751,2.942185401916504,1.765311360359192,7.139388084411621,1.554848074913025,0.3887120187282562
873,30.207612456747405,10.0,11.449790954589844,22,-0.8304883241653442,-0.26066118478775024,0.8704338669776917,25.446809895833333,-0.3350260555744171,5.527604103088379,0.05162760416666667,1.0160179138183594,10.0,10.0,2.2593491077423096,1.9943082332611084,1.196584939956665,5.527604103088379,1.0128252506256104,0.2532063126564026
876,30.311418685121108,10.103806228373703,11.51032829284668,21,-0.633237361907959,-1.32442307472229,1.4680211544036865,25.793489583333333,0.3466796875,6.646810054779053,0.07135416666666666,1.0818952322006226,10.0,10.0,2.2135400772094727,1.9383816719055176,1.1630290746688843,6.646810054779053,1.389200210571289,0.34730005264282227
879,30.41522491349481,10.207612456747405,3.9483468532562256,114,-0.5583325624465942,-1.1354204416275024,1.265272617340088,26.541471354166667,0.7479817867279053,6.1824870109558105,0.06569010416666667,0.20330451428890228,2.2934625148773193,2.2934625148773193,2.4641711711883545,2.244368076324463,1.3466209173202515,6.1824870109558105,1.2330541610717773,0.30826354026794434
881,30.484429065743946,10.27681660899654,10.895017623901367,29,-0.5187455415725708,-0.3219624161720276,0.6105380654335022,26.814713541666666,0.27324217557907104,4.209179878234863,0.039322916666666666,0.8144207000732422,10.0,10.0,1.6533154249191284,1.25442373752594,0.7526542544364929,4.209179878234863,0.569455623626709,0.14236390590667725
884,30.58823529411765,10.380622837370243,4.99235200881958,94,-0.5998808145523071,-0.04506419599056244,0.6015710830688477,27.314453125,0.4997395873069763,4.643359184265137,0.0423828125,0.2885403633117676,3.5488345623016357,3.5488345623016357,2.3522696495056152,2.1077516078948975,1.2646510601043701,4.643359184265137,0.71546471118927,0.1788661777973175
887,30.69204152249135,10.484429065743946,10.498308181762695,34,-0.737320065498352,0.5949165225028992,0.947399914264679,27.648763020833332,0.3343099057674408,5.690950393676758,0.06061197916666667,0.6545723080635071,8.93983268737793,8.93983268737793,2.388972759246826,2.1525611877441406,1.291536808013916,5.690950393676758,1.0677565336227417,0.2669391334056854
890,30.79584775086505,10.588235294117645,8.156645774841309,51,-0.4262133538722992,0.9745679497718811,1.0636919736862183,28.539322916666666,0.8905599117279053,5.966341018676758,0.06529947916666666,0.4908386766910553,6.528327941894531,6.528327941894531,2.452711582183838,2.230377435684204,1.338226556777954,5.966341018676758,1.1603670120239258,0.29009175300598145
893,30.899653979238753,10.692041522491348,10.346806526184082,36,-0.052144624292850494,0.4422130286693573,0.44527679681777954,29.8033203125,1.2639974355697632,4.902669429779053,0.048111979166666666,0.6506375074386597,8.881879806518555,8.881879806518555,2.351736307144165,2.107100486755371,1.2642602920532227,4.902669429779053,0.802667498588562,0.2006668746471405
896,31.003460207612456,10.79584775086505,7.659252166748047,56,-0.20794671773910522,0.0024708034470677376,0.20796139538288116,30.326302083333335,0.5229817628860474,4.383138179779053,0.0412109375,0.4665270745754242,6.170261383056641,6.170261383056641,2.444213390350342,2.2200024127960205,1.3320014476776123,4.383138179779053,0.6279556155204773,0.15698890388011932
899,31.10726643598616,10.899653979238753,3.3504157066345215,127,-0.35351458191871643,-0.018640592694282532,0.35400569438934326,31.852864583333332,1.5265624523162842,5.348828315734863,0.05390625,0.14709076285362244,1.4655342102050781,1.4655342102050781,2.8738322257995605,2.7445082664489746,1.6467050313949585,5.348828315734863,0.9527051448822021,0.23817628622055054
902,31.21107266435986,11.003460207612456,3.5183377265930176,122,-0.3508591055870056,0.14678002893924713,0.38032418489456177,32.322330729166666,0.4694661498069763,5.713606834411621,0.06165364583333333,0.16544193029403687,1.7358142137527466,1.7358142137527466,2.692232131958008,2.522799253463745,1.5136796236038208,5.713606834411621,1.0753756761550903,0.2688439190387726
905,31.314878892733564,11.107266435986158,5.3225250244140625,90,-0.07581044733524323,0.2769249975681305,0.28711438179016113,32.4033203125,0.08098958432674408,5.2813801765441895,0.057356770833333334,0.3042851984500885,3.7807278633117676,3.7807278633117676,2.413210868835449,2.182152509689331,1.3092916011810303,5.2813801765441895,0.930023193359375,0.23250579833984375
907,31.3840830449827,11.176470588235293,3.3415141105651855,129,-0.17740048468112946,0.10140542685985565,0.204337939620018,32.53274739583333,0.12942709028720856,4.150650978088379,0.0408203125,0.20279954373836517,2.286025285720825,2.286025285720825,1.8790998458862305,1.5300757884979248,0.9180455207824707,4.150650978088379,0.549773097038269,0.13744327425956726
910,31.4878892733564,11.280276816608996,12.300612449645996,9,-0.022880202159285545,-0.6568538546562195,0.6572522521018982,35.06666666666667,2.533919334411621,6.547200679779053,0.06764322916666667,0.7738434672355652,10.0,10.0,3.3038313388824463,3.2694790363311768,1.961687445640564,6.547200679779053,1.3557028770446777,0.33892571926116943
913,31.591695501730104,11.384083044982699,12.500946044921875,7,-0.044926829636096954,-2.537182331085205,2.5375800132751465,37.136653645833334,2.0699870586395264,9.336523056030273,0.11321614583333334,1.8804576396942139,10.0,10.0,3.257183074951172,3.2125275135040283,1.9275165796279907,9.336523056030273,2.2937171459198,0.57342928647995
916,31.695501730103807,11.487889273356402,7.508875846862793,59,-0.13933217525482178,-2.174825668334961,2.1792843341827393,38.92845052083333,1.7917969226837158,9.424219131469727,0.11868489583333333,0.3744525611400604,4.8141679763793945,4.8141679763793945,3.5116333961486816,3.523176670074463,2.113906145095825,9.424219131469727,2.3232080936431885,0.5808020234107971
919,31.79930795847751,11.591695501730104,11.88926887512207,15,-0.17890521883964539,-0.4452415108680725,0.4798406958580017,40.18802083333333,1.2595703601837158,6.8194661140441895,0.0763671875,1.7300368547439575,10.0,10.0,2.7110345363616943,2.545754909515381,1.527453064918518,6.8194661140441895,1.4472622871398926,0.36181557178497314
922,31.903114186851212,11.695501730103807,11.881369590759277,16,-0.44393837451934814,0.278262197971344,0.5239381194114685,40.5388671875,0.3508463501930237,6.594205856323242,0.07213541666666666,0.7705194354057312,10.0,10.0,2.7261056900024414,2.5641543865203857,1.5384926795959473,6.594205856323242,1.3715100288391113,0.34287750720977783
925,32.00692041522491,11.799307958477506,6.663527011871338,63,-0.31279265880584717,0.6227480173110962,0.6968890428543091,41.107421875,0.568554699420929,7.2491536140441895,0.08424479166666667,0.3686050474643707,4.728044509887695,4.728044509887695,2.72480845451355,2.562570810317993,1.5375425815582275,7.2491536140441895,1.5917608737945557,0.3979402184486389
928,32.11072664359862,11.903114186851212,8.9741849899292,45,-0.49563947319984436,0.14475594460964203,0.5163455605506897,41.3509765625,0.24355468153953552,7.1007161140441895,0.08138020833333333,0.5117707848548889,6.836620807647705,6.836620807647705,3.017717123031616,2.9201724529266357,1.752103567123413,7.1007161140441895,1.5418431758880615,0.3854607939720154
931,32.21453287197232,12.006920415224911,10.450915336608887,35,-0.5101727247238159,-0.4420369863510132,0.6750354766845703,42.263997395833336,0.9130208492279053,7.741796970367432,0.0900390625,0.5869728922843933,7.9442138671875,7.9442138671875,3.448068141937256,3.4455721378326416,2.0673434734344482,7.741796970367432,1.7574306726455688,0.4393576681613922
933,32.28373702422145,12.076124567474047,3.054377794265747,135,-0.4277831017971039,-0.41063761711120605,0.5929769277572632,42.97473958333333,0.710742175579071,6.228450298309326,0.07213541666666666,0.0881701186299324,0.5977381467819214,0.5977381467819214,3.553414821624756,3.574186086654663,2.1445116996765137,6.228450298309326,1.2485110759735107,0.3121277689933777
936,32.38754325259516,12.179930795847753,3.1242141723632812,134,-0.38639628887176514,-0.4167618155479431,0.5683242678642273,43.52805989583333,0.5533202886581421,7.449544429779053,0.0841796875,0.04183747246861458,0.0,0.0,4.324610233306885,4.515710830688477,2.7094266414642334,7.449544429779053,1.6591497659683228,0.4147874414920807
939,32.49134948096886,12.283737024221452,8.498624801635742,47,-0.3442179560661316,-0.021948210895061493,0.3449169993400574,42.9220703125,-0.6059895753860474,6.950651168823242,0.07701822916666666,0.39706018567085266,5.1471381187438965,5.1471381187438965,4.692131042480469,4.9644036293029785,2.978642225265503,6.950651168823242,1.4913781881332397,0.37284454703330994
942,32.59515570934256,12.387543252595158,3.850914239883423,117,-0.28829702734947205,0.03637148439884186,0.2905822694301605,41.200260416666666,-1.7218098640441895,7.6241536140441895,0.0904296875,0.08079812675714493,0.489161878824234,0.489161878824234,4.628846645355225,4.887141704559326,2.9322850704193115,7.6241536140441895,1.717868685722351,0.42946717143058777
945,32.69896193771626,12.491349480968857,4.45896577835083,101,-0.17972779273986816,-0.003321668365970254,0.1797584891319275,39.76315104166667,-1.437109351158142,6.723567485809326,0.07825520833333334,0.1155976876616478,1.0016974210739136,1.0016974210739136,4.862602233886719,5.172525405883789,3.103515386581421,6.723567485809326,1.4150128364562988,0.3537532091140747
948,32.80276816608997,12.595155709342563,5.964480876922607,77,-0.1694546937942505,-0.259665310382843,0.3100660741329193,39.046940104166666,-0.7162109613418579,6.827408790588379,0.077734375,0.2565493881702423,3.077664613723755,3.077664613723755,4.07192850112915,4.207220554351807,2.5243325233459473,6.827408790588379,1.4499332904815674,0.36248332262039185
951,32.90657439446367,12.698961937716263,3.9819414615631104,112,-0.21114836633205414,-0.38672953844070435,0.44061702489852905,37.212825520833334,-1.8341145515441895,7.553255081176758,0.08990885416666666,0.13372987508773804,1.268752098083496,1.268752098083496,3.7515954971313477,3.8161377906799316,2.2896828651428223,7.553255081176758,1.6940263509750366,0.42350658774375916
954,33.01038062283737,12.802768166089962,5.390309810638428,89,-0.1876685917377472,-0.18844303488731384,0.26595166325569153,35.64381510416667,-1.5690103769302368,7.386328220367432,0.08111979166666666,0.19967181980609894,2.239959478378296,2.239959478378296,4.3675456047058105,4.568129062652588,2.740877628326416,7.386328220367432,1.6378909349441528,0.4094727337360382
957,33.11418685121107,12.906574394463668,5.21812629699707,91,-0.032056793570518494,-0.020452355965971947,0.03802547603845596,34.3830078125,-1.2608072757720947,7.176953315734863,0.07903645833333334,0.2289888709783554,2.6717474460601807,2.6717474460601807,3.5670623779296875,3.590847969055176,2.1545088291168213,7.176953315734863,1.5674808025360107,0.3918702006340027
959,33.18339100346021,12.975778546712803,2.556511878967285,145,-0.07619127631187439,0.01700161024928093,0.07806513458490372,33.34095052083333,-1.0420572757720947,5.7225260734558105,0.0576171875,0.0578848160803318,0.15168964862823486,0.15168964862823486,3.5407416820526123,3.5587141513824463,2.1352286338806152,5.7225260734558105,1.0783751010894775,0.2695937752723694
962,33.28719723183391,13.079584775086502,3.7971439361572266,118,-0.07425453513860703,0.008614059537649155,0.07475250959396362,31.753971354166666,-1.5869791507720947,7.4805989265441895,0.08098958333333334,0.008608250878751278,0.0,0.0,5.239698886871338,5.632909297943115,3.3797457218170166,7.4805989265441895,1.6695929765701294,0.41739824414253235
965,33.391003460207614,13.183391003460208,4.657139778137207,99,-0.2751745581626892,-0.043408505618572235,0.27857735753059387,30.595963541666666,-1.1580078601837158,7.386132717132568,0.07688802083333333,0.20754565298557281,2.355926990509033,2.355926990509033,3.208364963531494,3.1529271602630615,1.8917564153671265,7.386132717132568,1.6378252506256104,0.4094563126564026
968,33.49480968858131,13.287197231833908,3.8946170806884766,116,-0.1878906637430191,-0.14790421724319458,0.23912037909030914,30.110416666666666,-0.48554688692092896,7.9861979484558105,0.0919921875,0.1361537128686905,1.3044509887695312,1.3044509887695312,3.5339605808258057,3.5504353046417236,2.130261182785034,7.9861979484558105,1.8396196365356445,0.45990490913391113
971,33.59861591695502,13.391003460207614,4.433685302734375,103,-0.24354343116283417,-0.27816325426101685,0.3697136640548706,31.281315104166666,1.1708984375,8.465559959411621,0.108203125,0.1416497379541397,1.3853976726531982,1.3853976726531982,4.1043500900268555,4.246802806854248,2.548081874847412,8.465559959411621,2.0008230209350586,0.5002057552337646
974,33.70242214532872,13.494809688581313,4.39190149307251,104,-0.14284050464630127,-0.3084638714790344,0.3399313986301422,30.636979166666666,-0.644335925579071,8.029752731323242,0.0990234375,0.10516276210546494,0.8480095267295837,0.8480095267295837,4.830944061279297,5.133875370025635,3.0803253650665283,8.029752731323242,1.8542665243148804,0.4635666310787201
977,33.806228373702425,13.59861591695502,6.299063682556152,67,-0.07330447435379028,-0.11502604186534882,0.13639844954013824,30.53359375,-0.10338541865348816,7.232031345367432,0.09166666666666666,0.2055564522743225,2.326629638671875,2.326629638671875,5.5075249671936035,5.959888458251953,3.5759332180023193,7.232031345367432,1.5860028266906738,0.39650070667266846
980,33.910034602076124,13.702422145328718,4.099050045013428,108,-0.11867423355579376,-0.0006842429866082966,0.11867620795965195,29.258268229166667,-1.2753255367279053,7.3175129890441895,0.0861328125,0.12301407009363174,1.1109274625778198,1.1109274625778198,4.153977870941162,4.30739164352417,2.584434986114502,7.3175129890441895,1.6147491931915283,0.4036872982978821
983,34.01384083044983,13.806228373702425,1.8210952281951904,168,-0.11790540814399719,0.02000879868865013,0.119591124355793,28.115234375,-1.1430338621139526,6.722070217132568,0.08170572916666667,0.02070731855928898,0.0,0.0,2.629145860671997,2.445779800415039,1.4674679040908813,6.722070217132568,1.4145092964172363,0.3536273241043091
985,34.083044982698965,13.87543252595156,2.097409725189209,154,-0.02958805114030838,-0.03975958377122879,0.04956084117293358,27.334765625,-0.780468761920929,4.5662760734558105,0.05364583333333333,0.10664059221744537,0.8697752952575684,0.8697752952575684,2.066403388977051,1.7587478160858154,1.055248737335205,4.5662760734558105,0.6895425915718079,0.17238564789295197
988,34.186851211072664,13.979238754325259,1.910151720046997,162,-0.08468391746282578,-0.026092350482940674,0.08861250430345535,26.162890625,-1.171875,5.935937404632568,0.06848958333333334,0.05676572769880295,0.13520747423171997,0.13520747423171997,2.6563682556152344,2.4790143966674805,1.4874086380004883,5.935937404632568,1.1501426696777344,0.2875356674194336
991,34.29065743944636,14.083044982698958,1.7384750843048096,170,-0.07655401527881622,0.02032022923231125,0.0792049840092659,25.136263020833333,-1.0266276597976685,5.765950679779053,0.06653645833333334,0.04711924120783806,0.0,0.0,2.626091241836548,2.4420506954193115,1.4652304649353027,5.765950679779053,1.0929782390594482,0.27324455976486206
994,34.39446366782007,14.186851211072664,1.5739636421203613,175,-0.08190750330686569,-0.009342553094029427,0.08243859559297562,25.374348958333332,0.23808594048023224,5.209049701690674,0.05703125,0.030142005532979965,0.0,0.0,2.4654242992401123,2.2458980083465576,1.3475388288497925,5.209049701690674,0.9056993722915649,0.22642484307289124
997,34.49826989619377,14.290657439446363,2.4379944801330566,147,-0.16034451127052307,-0.0017168456688523293,0.16035370528697968,25.820182291666665,0.44583332538604736,5.745312690734863,0.06783854166666667,0.07880682498216629,0.4598335325717926,0.4598335325717926,2.9556682109832764,2.844419240951538,1.7066515684127808,5.745312690734863,1.0860378742218018,0.27150946855545044
1000,34.602076124567475,14.39446366782007,2.709500789642334,140,-0.1773483157157898,-0.07160593569278717,0.19125856459140778,25.596614583333334,-0.22356770932674408,6.225781440734863,0.071484375,0.07192784547805786,0.35851845145225525,0.35851845145225525,3.409482955932617,3.3984649181365967,2.039078950881958,6.225781440734863,1.247613549232483,0.3119033873081207
1003,34.705882352941174,14.498269896193769,4.081178665161133,110,-0.1468254029750824,-0.2456793189048767,0.28620976209640503,25.9724609375,0.37584635615348816,6.2628254890441895,0.07415364583333334,0.17672914266586304,1.9020546674728394,1.9020546674728394,3.1706180572509766,3.1068434715270996,1.8641061782836914,6.2628254890441895,1.260071039199829,0.3150177597999573
1006,34.80968858131488,14.602076124567475,3.3632419109344482,126,-0.06455028057098389,-0.13267681002616882,0.14754618704319,26.106575520833335,0.1341145783662796,5.794140815734863,0.06790364583333333,0.13978111743927002,1.357876181602478,1.357876181602478,2.9872028827667236,2.8829188346862793,1.7297513484954834,5.794140815734863,1.1024582386016846,0.27561455965042114
1009,34.91349480968858,14.705882352941174,2.0211119651794434,158,-0.08573848009109497,-0.0856906920671463,0.1212187334895134,26.905729166666667,0.7991536259651184,6.001497268676758,0.07180989583333333,0.051542557775974274,0.05827949568629265,0.05827949568629265,2.9053401947021484,2.782975196838379,1.6697851419448853,6.001497268676758,1.1721895933151245,0.29304739832878113
1011,34.982698961937714,14.775086505190309,2.1156373023986816,153,-0.010427634231746197,-0.020433688536286354,0.02294060029089451,27.168619791666668,0.26289063692092896,4.2479166984558105,0.04739583333333333,0.09965039044618607,0.766822099685669,0.766822099685669,2.268372058868408,2.005324125289917,1.203194499015808,4.2479166984558105,0.5824823379516602,0.14562058448791504
1014,35.08650519031142,14.878892733564015,2.3466882705688477,148,0.05019387602806091,-0.031045014038681984,0.05901879444718361,27.533268229166666,0.3646484315395355,6.1121745109558105,0.06875,0.06154321879148483,0.20557139813899994,0.20557139813899994,3.1360230445861816,3.064607620239258,1.8387646675109863,6.1121745109558105,1.2094089984893799,0.30235224962234497
1017,35.19031141868512,14.982698961937714,2.734271764755249,139,0.012971190735697746,-0.12551362812519073,0.12618209421634674,28.250846354166665,0.717578113079071,5.710156440734863,0.06569010416666667,0.10153741389513016,0.7946146130561829,0.7946146130561829,2.907139778137207,2.7851722240448,1.6711033582687378,5.710156440734863,1.074215292930603,0.26855382323265076
1020,35.294117647058826,15.08650519031142,2.143953323364258,151,-0.0016648212913423777,-0.21064738929271698,0.21065397560596466,28.281640625,0.03079427033662796,5.9990234375,0.07018229166666666,0.08638269454240799,0.5714126229286194,0.5714126229286194,2.3728158473968506,2.132835626602173,1.2797014713287354,5.9990234375,1.1713576316833496,0.2928394079208374
1023,35.397923875432525,15.19031141868512,2.5865797996520996,144,0.018068555742502213,-0.30629289150238037,0.3068253695964813,29.559700520833335,1.2780598402023315,6.416211128234863,0.07428385416666666,0.09765996783971786,0.7375067472457886,0.7375067472457886,2.7024435997009277,2.535266160964966,1.5211597681045532,6.416211128234863,1.311652660369873,0.32791316509246826
1026,35.50173010380623,15.294117647058826,2.6450185775756836,143,-0.013408002443611622,-0.193073570728302,0.1935385763645172,29.510546875,-0.0491536445915699,5.5750651359558105,0.0654296875,0.11751335114240646,1.0299116373062134,1.0299116373062134,2.4795830249786377,2.263183832168579,1.357910394668579,5.5750651359558105,1.0287858247756958,0.25719645619392395
1029,35.60553633217993,15.397923875432525,3.0011706352233887,137,0.005491890478879213,-0.05545290559530258,0.055724192410707474,30.428255208333333,0.9177083373069763,5.577604293823242,0.06569010416666667,0.1389123797416687,1.3450812101364136,1.3450812101364136,2.5352389812469482,2.331132173538208,1.3986793756484985,5.577604293823242,1.029639720916748,0.257409930229187
1032,35.70934256055364,15.501730103806231,1.2829337120056152,179,0.0019071334972977638,-0.011921368539333344,0.012072952464222908,30.603971354166667,0.17571614682674408,5.3602213859558105,0.065625,0.0436788871884346,0.0,0.0,2.0507736206054688,1.7396659851074219,1.043799638748169,5.3602213859558105,0.9565365314483643,0.23913413286209106
1035,35.813148788927336,15.60553633217993,2.32936429977417,149,-0.06924059987068176,-0.08896162360906601,0.1127316802740097,31.590559895833334,0.9865885376930237,5.4764323234558105,0.06842447916666666,0.10486754029989243,0.8436614274978638,0.8436614274978638,2.3142471313476562,2.061331272125244,1.2367987632751465,5.4764323234558105,0.9956167936325073,0.24890419840812683
1038,35.916955017301035,15.70934256055363,3.2795233726501465,130,-0.0029902542009949684,-0.22448718547821045,0.22450710833072662,32.2376953125,0.6471354365348816,6.028254985809326,0.07467447916666667,0.15085186064243317,1.5209285020828247,1.5209285020828247,2.623453378677368,2.4388298988342285,1.463297963142395,6.028254985809326,1.1811878681182861,0.29529696702957153
1040,35.98615916955017,15.778546712802765,1.9698874950408936,161,0.001889531733468175,-0.3111344575881958,0.31114017963409424,31.684244791666668,-0.5534505248069763,5.408137798309326,0.06705729166666667,0.08678457140922546,0.57733154296875,0.57733154296875,2.194925308227539,1.9156556129455566,1.1493934392929077,5.408137798309326,0.9726501703262329,0.24316254258155823
1043,36.089965397923876,15.882352941176471,2.701557159423828,141,-0.07768610119819641,-0.38214415311813354,0.3899606168270111,32.171549479166664,0.4873046875,6.326497554779053,0.07994791666666666,0.10665204375982285,0.8699439764022827,0.8699439764022827,2.6889045238494873,2.5187370777130127,1.5112422704696655,6.326497554779053,1.2814831733703613,0.32037079334259033
1046,36.193771626297575,15.98615916955017,3.240098714828491,132,-0.06482787430286407,-0.2575400471687317,0.26557397842407227,32.44290364583333,0.27135416865348816,5.302343845367432,0.06256510416666666,0.12526579201221466,1.144091248512268,1.144091248512268,3.167387008666992,3.102898597717285,1.8617392778396606,5.302343845367432,0.9370729923248291,0.23426824808120728
1049,36.29757785467128,16.089965397923876,4.909442901611328,95,0.0072753033600747585,-0.0031731589697301388,0.007937189191579819,33.344401041666664,0.9014974236488342,4.492122173309326,0.05260416666666667,0.26438868045806885,3.1931233406066895,3.1931233406066895,2.74204421043396,2.583613395690918,1.5501681566238403,4.492122173309326,0.6646055579185486,0.16615138947963715
1052,36.40138408304498,16.193771626297575,3.3443801403045654,128,0.04371843487024307,0.20274293422698975,0.20740298926830292,34.254817708333334,0.9104166626930237,5.0684895515441895,0.059830729166666666,0.20911608636379242,2.379056692123413,2.379056692123413,1.6506688594818115,1.2511926889419556,0.7507156729698181,5.0684895515441895,0.8584307432174683,0.21460768580436707
1055,36.50519031141869,16.29757785467128,1.8807939291000366,165,0.14187085628509521,0.2637128233909607,0.2994524836540222,35.2861328125,1.0313150882720947,5.333528518676758,0.06243489583333333,0.11554750055074692,1.0009582042694092,1.0009582042694092,1.5035465955734253,1.0715763568878174,0.6429458260536194,5.333528518676758,0.9475600123405457,0.2368900030851364
1058,36.608996539792386,16.40138408304498,0.8637756109237671,187,0.15939705073833466,0.24512463808059692,0.2923927307128906,35.95924479166667,0.6731119751930237,4.707356929779053,0.05625,0.025547761470079422,0.0,0.0,1.5534882545471191,1.1325483322143555,0.6795290112495422,4.707356929779053,0.7369863390922546,0.18424658477306366
1061,36.71280276816609,16.505190311418687,2.1284639835357666,152,0.19593659043312073,0.11027542501688004,0.2248373180627823,36.2765625,0.3173176944255829,4.203125,0.0451171875,0.13971202075481415,1.356858491897583,1.356858491897583,1.4855332374572754,1.0495845079421997,0.6297507286071777,4.203125,0.5674194097518921,0.14185485243797302
1064,36.81660899653979,16.608996539792386,0.9068125486373901,185,0.20148716866970062,0.16786785423755646,0.2622531056404114,35.713541666666664,-0.5630208253860474,4.236588478088379,0.04498697916666667,0.057859282940626144,0.15131360292434692,0.15131360292434692,1.4597045183181763,1.0180511474609375,0.6108307242393494,4.236588478088379,0.5786727666854858,0.14466819167137146
1066,36.88581314878893,16.67820069204152,1.5774548053741455,174,0.05682334303855896,0.17670460045337677,0.18561628460884094,35.930989583333336,0.2174479216337204,2.806900978088379,0.025,0.14493346214294434,1.4337610006332397,1.4337610006332397,0.7885832786560059,0.1987035870552063,0.11922215670347214,2.806900978088379,0.09788672626018524,0.02447168156504631
1069,36.98961937716263,16.782006920415228,1.6942226886749268,171,0.030662789940834045,0.29394373297691345,0.29553869366645813,35.8234375,-0.10755208134651184,4.169661521911621,0.0453125,0.12012239545583725,1.0683382749557495,1.0683382749557495,1.2904421091079712,0.811404824256897,0.48684290051460266,4.169661521911621,0.5561661124229431,0.13904152810573578
1072,37.09342560553633,16.885813148788927,0.4374640882015228,204,0.0248780008405447,0.28064578771591187,0.2817462682723999,35.51770833333333,-0.3057291805744171,3.7428386211395264,0.03919270833333333,0.014501694589853287,0.0,0.0,1.0822062492370605,0.5571772456169128,0.33430635929107666,3.7428386211395264,0.4126308858394623,0.10315772145986557
1075,37.19723183391003,16.989619377162626,2.2296128273010254,150,0.06629057228565216,0.10724705457687378,0.12608081102371216,35.278515625,-0.23919270932674408,3.2451822757720947,0.0306640625,0.17827540636062622,1.9248284101486206,1.9248284101486206,0.9581947326660156,0.4057760536670685,0.24346564710140228,3.2451822757720947,0.24527525901794434,0.061318814754486084
1078,37.30103806228374,17.093425605536332,0.7658117413520813,191,0.03265879303216934,0.03440207242965698,0.047435212880373,36.0708984375,0.7923828363418579,3.2865233421325684,0.030924479166666668,0.08023395389318466,0.4808526039123535,0.4808526039123535,0.9263854026794434,0.3669412136077881,0.2201647311449051,3.2865233421325684,0.2591777443885803,0.06479443609714508
1081,37.40484429065744,17.19723183391003,0.1442008912563324,214,0.010975058190524578,0.02625439316034317,0.02845601923763752,35.2689453125,-0.801953136920929,3.059765577316284,0.025,0.02316395938396454,0.0,0.0,0.7602539658546448,0.16411735117435455,0.09847041219472885,3.059765577316284,0.18292193114757538,0.045730482786893845
1084,37.50865051903114,17.301038062283737,0.626960039138794,197,0.0350581519305706,-0.04937434196472168,0.060554929077625275,35.322330729166666,0.0533854179084301,2.7740886211395264,0.026171875,0.0793706551194191,0.4681377708911896,0.4681377708911896,0.813001811504364,0.22851529717445374,0.1371091902256012,2.7740886211395264,0.08685234189033508,0.02171308547258377
1087,37.61245674740484,17.404844290657437,0.30944517254829407,208,0.0699799656867981,-0.005436713807284832,0.07019083201885223,34.787434895833336,-0.5348958373069763,3.0333333015441895,0.027994791666666668,0.05612529069185257,0.12577497959136963,0.12577497959136963,0.8171693086624146,0.23360323905944824,0.14016194641590118,3.0333333015441895,0.17403309047222137,0.043508272618055344
1090,37.71626297577855,17.508650519031143,0.5608237385749817,200,0.05433298274874687,0.07855712622404099,0.09551594406366348,34.96243489583333,0.17499999701976776,2.4713542461395264,0.019075520833333335,0.08543882519006729,0.5575110912322998,0.5575110912322998,0.6303489804267883,0.005521068349480629,0.003312641056254506,2.4713542461395264,0.0,0.0
1092,37.78546712802768,17.577854671280278,0.02968825213611126,225,0.007679665461182594,0.061712030321359634,0.0621880367398262,34.94296875,-0.01946614496409893,1.9978516101837158,0.013606770833333334,0.04960130155086517,0.02968825213611126,0.02968825213611126,0.45609256625175476,0.0,0.0,1.9978516101837158,0.0,0.0
1095,37.88927335640138,17.681660899653977,0.12458890676498413,215,-0.018636193126440048,0.0851886197924614,0.0872032642364502,35.364453125,0.4214843809604645,3.164322853088379,0.03203125,0.03526577353477478,0.0,0.0,0.7214804291725159,0.11678015440702438,0.07006809860467911,3.164322853088379,0.2180832475423813,0.05452081188559532
1098,37.99307958477509,17.785467128027683,0.26024383306503296,210,0.006438485812395811,0.02732893079519272,0.02807711809873581,35.42662760416667,0.0621744804084301,2.542252540588379,0.023828125,0.06305935978889465,0.22790145874023438,0.22790145874023438,0.6669453978538513,0.05020030960440636,0.030120186507701874,2.542252540588379,0.008888764306902885,0.0022221910767257214
1101,38.09688581314879,17.889273356401382,0.05091070383787155,223,0.0021979298908263445,-0.0062140896916389465,0.006591343320906162,35.33450520833333,-0.0921223983168602,2.734179735183716,0.026041666666666668,0.033810004591941833,0.0,0.0,0.670266330242157,0.05425471439957619,0.03255283087491989,2.734179735183716,0.07343148440122604,0.01835787110030651
1104,38.200692041522494,17.99307958477509,0.051824796944856644,222,-0.003843864193186164,-0.028158774599432945,0.028419921174645424,35.473307291666664,0.13880208134651184,2.6703124046325684,0.025,0.022761207073926926,0.0,0.0,0.6788443326950073,0.064727284014225,0.03883637115359306,2.6703124046325684,0.05195369943976402,0.012988424859941006
1107,38.30449826989619,18.096885813148788,0.11563050746917725,216,-0.021529991179704666,-0.05384976416826248,0.0579942911863327,36.1046875,0.6313802003860474,2.6248698234558105,0.020377604166666667,0.031190158799290657,0.0,0.0,0.7711644172668457,0.17743752896785736,0.1064625233411789,2.6248698234558105,0.03667192533612251,0.009167981334030628
1110,38.4083044982699,18.200692041522494,0.24739617109298706,211,-0.010307453572750092,-0.04955148696899414,0.0506121851503849,35.438802083333336,-0.6658853888511658,3.3394532203674316,0.029361979166666666,0.012017509900033474,0.0,0.0,0.8690313100814819,0.29691967368125916,0.17815181612968445,3.3394532203674316,0.27697739005088806,0.06924434751272202
1113,38.5121107266436,18.304498269896193,0.05271312966942787,221,-0.0046716295182704926,-0.0044645993039011955,0.0064619481563568115,35.38854166666667,-0.05026041716337204,2.4996094703674316,0.0201171875,0.045437756925821304,0.0,0.0,0.6977882385253906,0.08785521239042282,0.05271312966942787,2.4996094703674316,0.0,0.0
1116,38.6159169550173,18.408304498269892,0.00500910822302103,227,0.0006985007785260677,-0.0027142853941768408,0.0028027216903865337,35.1771484375,-0.21139322221279144,2.1598308086395264,0.0158203125,0.005648176651448011,0.0,0.0,0.6326649188995361,0.008348513394594193,0.00500910822302103,2.1598308086395264,0.0,0.0
1118,38.68512110726643,18.477508650519027,0.0,402,0.026740001514554024,-0.024103626608848572,0.036000173538923264,35.258854166666666,0.0817057266831398,1.8957682847976685,0.011197916666666667,0.03369960933923721,0.0,0.0,0.46867191791534424,0.0,0.0,1.8957682847976685,0.0,0.0
1121,38.78892733564014,18.581314878892734,1.0090731382369995,184,0.03486642241477966,-0.1312246322631836,0.13577765226364136,35.10403645833333,-0.15481771528720856,2.803906202316284,0.027083333333333334,0.10742881149053574,0.8813843727111816,0.8813843727111816,0.7670776844024658,0.17244818806648254,0.10346891731023788,2.803906202316284,0.09687962383031845,0.024219905957579613
1124,38.89273356401384,18.685121107266433,2.0972583293914795,155,-0.044123806059360504,-0.2878847122192383,0.2912465035915375,35.30442708333333,0.20039062201976776,3.103775978088379,0.02890625,0.1754475235939026,1.8831787109375,1.8831787109375,0.8505979180335999,0.2744150161743164,0.16464900970458984,3.103775978088379,0.19772209227085114,0.049430523067712784
1127,38.996539792387544,18.78892733564014,0.36813920736312866,206,-0.05096130073070526,-0.2268165498971939,0.23247107863426208,36.584309895833336,1.279882788658142,3.4990234375,0.0310546875,0.061449747532606125,0.20419473946094513,0.20419473946094513,0.7367928624153137,0.1354745477437973,0.08128473162651062,3.4990234375,0.3306388854980469,0.08265972137451172
1130,39.10034602076124,18.892733564013838,2.692547082901001,142,-0.14301566779613495,-0.02217884175479412,0.14472518861293793,37.0751953125,0.4908854067325592,2.7981770038604736,0.022981770833333335,0.22438938915729523,2.6040050983428955,2.6040050983428955,0.7142938375473022,0.1080062985420227,0.06480377912521362,2.7981770038604736,0.09495296329259872,0.02373824082314968
1133,39.20415224913495,18.996539792387544,1.3498358726501465,178,-0.03249713033437729,0.05206342786550522,0.06137315556406975,36.844140625,-0.23105469346046448,2.656705617904663,0.0197265625,0.13314001262187958,1.2600644826889038,1.2600644826889038,0.7322089076042175,0.12987816333770752,0.07792690396308899,2.656705617904663,0.04737790673971176,0.01184447668492794
1136,39.30795847750865,19.100346020761243,0.8221728801727295,189,0.05068448930978775,0.04203241318464279,0.06584558635950089,35.4943359375,-1.3498046398162842,3.4759764671325684,0.02734375,0.08378426730632782,0.5331423878669739,0.5331423878669739,0.9101996421813965,0.3471806049346924,0.2083083689212799,3.4759764671325684,0.32288846373558044,0.08072211593389511
1139,39.411764705882355,19.20415224913495,0.6546779870986938,194,0.03889340162277222,-0.046096086502075195,0.060312069952487946,35.78072916666667,0.2863932251930237,2.6649088859558105,0.0205078125,0.08891379088163376,0.6086911559104919,0.6086911559104919,0.6714947819709778,0.055754486471414566,0.03345269337296486,2.6649088859558105,0.05013656243681908,0.01253414060920477
1142,39.515570934256054,19.30795847750865,1.1636172533035278,182,-0.02535434067249298,-0.14950212836265564,0.15163682401180267,35.81666666666667,0.03593749925494194,2.5514323711395264,0.023177083333333334,0.12173981219530106,1.0921598672866821,1.0921598672866821,0.7192898392677307,0.11410573869943619,0.06846344470977783,2.5514323711395264,0.011975826695561409,0.0029939566738903522
1144,39.58477508650519,19.377162629757784,0.07094381749629974,219,0.0013526217080652714,-0.10441607236862183,0.10442483425140381,35.82890625,0.012239583767950535,1.8175780773162842,0.009309895833333333,0.052402425557374954,0.07094381749629974,0.07094381749629974,0.48277005553245544,0.0,0.0,1.8175780773162842,0.0,0.0
1147,39.688581314878896,19.48096885813149,0.7543836832046509,192,-0.09168367832899094,-0.10063912719488144,0.1361401230096817,35.98190104166667,0.1529947966337204,2.595963478088379,0.022330729166666667,0.09311293065547943,0.670536994934082,0.670536994934082,0.7310922145843506,0.12851482629776,0.07710889726877213,2.595963478088379,0.026951082050800323,0.006737770512700081
1150,39.792387543252595,19.58477508650519,1.613409399986267,173,-0.09837514162063599,0.021683767437934875,0.10073655843734741,36.918880208333334,0.9369791746139526,4.286718845367432,0.0369140625,0.122505784034729,1.1034413576126099,1.1034413576126099,1.1187636852264404,0.6018089056015015,0.36108535528182983,4.286718845367432,0.5955309867858887,0.14888274669647217
1153,39.8961937716263,19.688581314878896,0.5645664930343628,198,-0.07646458595991135,0.09397446364164352,0.12115292996168137,37.136653645833334,0.2177734375,3.1133463382720947,0.025325520833333334,0.07553818821907043,0.411692351102829,0.411692351102829,0.76594477891922,0.1710650622844696,0.10263904184103012,3.1133463382720947,0.20094047486782074,0.050235118716955185
1156,40.0,19.792387543252595,0.45412346720695496,203,-0.011476833373308182,0.08763127028942108,0.0883796215057373,36.65891927083333,-0.47773438692092896,3.2816405296325684,0.027994791666666668,0.06529658287763596,0.26085177063941956,0.26085177063941956,0.8017783164978027,0.21481293439865112,0.12888777256011963,3.2816405296325684,0.2575357258319855,0.06438393145799637
1157,40.034602076124564,19.82698961937716,0.6507168412208557,196,-0.0019746944308280945,-0.0036426582373678684,0.004143474157899618,36.252864583333334,-0.40605467557907104,1.6248047351837158,0.005078125,0.09176720678806305,0.6507168412208557,0.6507168412208557,0.31625664234161377,0.0,0.0,1.6248047351837158,0.0,0.0
