ID,sample_index,accel_label,steer_label
comma_repeat5,0,CONSTANT,STRAIGHT
comma_repeat5,1,CONSTANT,STRAIGHT
comma_repeat5,2,CONSTANT,STRAIGHT
comma_repeat5,3,CONSTANT,STRAIGHT
comma_repeat5,4,CONSTANT,STRAIGHT
comma_repeat5,5,CONSTANT,STRAIGHT
comma_repeat5,6,CONSTANT,STRAIGHT
comma_repeat5,7,CONSTANT,STRAIGHT
comma_repeat5,8,CONSTANT,STRAIGHT
comma_repeat5,9,CONSTANT,STRAIGHT
comma_repeat5,10,CONSTANT,STRAIGHT
comma_repeat5,11,CONSTANT,STRAIGHT
comma_repeat5,12,CONSTANT,STRAIGHT
comma_repeat5,13,CONSTANT,STRAIGHT
comma_repeat5,14,CONSTANT,STRAIGHT
comma_repeat5,15,CONSTANT,STRAIGHT
comma_repeat5,16,CONSTANT,STRAIGHT
comma_repeat5,17,CONSTANT,STRAIGHT
comma_repeat5,18,CONSTANT,STRAIGHT
comma_repeat5,19,CONSTANT,STRAIGHT
comma_repeat5,20,CONSTANT,STRAIGHT
comma_repeat5,21,CONSTANT,STRAIGHT
comma_repeat5,22,CONSTANT,STRAIGHT
comma_repeat5,23,CONSTANT,STRAIGHT
comma_repeat5,24,CONSTANT,STRAIGHT
comma_repeat5,25,CONSTANT,STRAIGHT
comma_repeat5,26,CONSTANT,STRAIGHT
comma_repeat5,27,CONSTANT,STRAIGHT
comma_repeat5,28,CONSTANT,STRAIGHT
comma_repeat5,29,CONSTANT,STRAIGHT
comma_repeat5,30,CONSTANT,STRAIGHT
comma_repeat5,31,CONSTANT,STRAIGHT
comma_repeat5,32,CONSTANT,STRAIGHT
comma_repeat5,33,CONSTANT,STRAIGHT
comma_repeat5,34,CONSTANT,STRAIGHT
comma_repeat5,35,CONSTANT,STRAIGHT
comma_repeat5,36,CONSTANT,STRAIGHT
comma_repeat5,37,CONSTANT,STRAIGHT
comma_repeat5,38,CONSTANT,STRAIGHT
comma_repeat5,39,CONSTANT,STRAIGHT
comma_repeat5,40,CONSTANT,STRAIGHT
comma_repeat5,41,CONSTANT,RIGHT
comma_repeat5,42,CONSTANT,RIGHT
comma_repeat5,43,CONSTANT,RIGHT
comma_repeat5,44,CONSTANT,RIGHT
comma_repeat5,45,CONSTANT,RIGHT
comma_repeat5,46,CONSTANT,RIGHT
comma_repeat5,47,CONSTANT,RIGHT
comma_repeat5,48,CONSTANT,RIGHT
comma_repeat5,49,CONSTANT,RIGHT
comma_repeat5,50,CONSTANT,RIGHT
comma_repeat5,51,CONSTANT,RIGHT
comma_repeat5,52,CONSTANT,RIGHT
comma_repeat5,53,CONSTANT,RIGHT
comma_repeat5,54,DECELERATING,RIGHT
comma_repeat5,55,CONSTANT,RIGHT
comma_repeat5,56,CONSTANT,RIGHT
comma_repeat5,57,CONSTANT,RIGHT
comma_repeat5,58,CONSTANT,RIGHT
comma_repeat5,59,CONSTANT,RIGHT
comma_repeat5,60,CONSTANT,RIGHT
comma_repeat5,61,CONSTANT,RIGHT
comma_repeat5,62,CONSTANT,RIGHT
comma_repeat5,63,CONSTANT,RIGHT
comma_repeat5,64,CONSTANT,RIGHT
comma_repeat5,65,CONSTANT,RIGHT
comma_repeat5,66,CONSTANT,RIGHT
comma_repeat5,67,CONSTANT,RIGHT
comma_repeat5,68,CONSTANT,RIGHT
comma_repeat5,69,CONSTANT,RIGHT
comma_repeat5,70,CONSTANT,RIGHT
comma_repeat5,71,CONSTANT,RIGHT
comma_repeat5,72,CONSTANT,RIGHT
comma_repeat5,73,CONSTANT,RIGHT
comma_repeat5,74,CONSTANT,STRAIGHT
comma_repeat5,75,CONSTANT,STRAIGHT
comma_repeat5,76,CONSTANT,STRAIGHT
comma_repeat5,77,CONSTANT,STRAIGHT
comma_repeat5,78,CONSTANT,STRAIGHT
comma_repeat5,79,CONSTANT,STRAIGHT
comma_repeat5,80,CONSTANT,STRAIGHT
comma_repeat5,81,CONSTANT,STRAIGHT
comma_repeat5,82,CONSTANT,STRAIGHT
comma_repeat5,83,CONSTANT,STRAIGHT
comma_repeat5,84,CONSTANT,STRAIGHT
comma_repeat5,85,CONSTANT,STRAIGHT
comma_repeat5,86,CONSTANT,STRAIGHT
comma_repeat5,87,CONSTANT,STRAIGHT
comma_repeat5,88,CONSTANT,STRAIGHT
comma_repeat5,89,CONSTANT,STRAIGHT
comma_repeat5,90,CONSTANT,STRAIGHT
comma_repeat5,91,CONSTANT,STRAIGHT
comma_repeat5,92,CONSTANT,STRAIGHT
comma_repeat5,93,CONSTANT,STRAIGHT
comma_repeat5,94,CONSTANT,STRAIGHT
comma_repeat5,95,CONSTANT,STRAIGHT
comma_repeat5,96,CONSTANT,STRAIGHT
comma_repeat5,97,CONSTANT,STRAIGHT
comma_repeat5,98,CONSTANT,STRAIGHT
comma_repeat5,99,CONSTANT,STRAIGHT
comma_repeat5,100,CONSTANT,STRAIGHT
comma_repeat5,101,CONSTANT,STRAIGHT
comma_repeat5,102,CONSTANT,STRAIGHT
comma_repeat5,103,CONSTANT,STRAIGHT
comma_repeat5,104,CONSTANT,STRAIGHT
comma_repeat5,105,CONSTANT,STRAIGHT
comma_repeat5,106,CONSTANT,STRAIGHT
comma_repeat5,107,CONSTANT,STRAIGHT
comma_repeat5,108,CONSTANT,STRAIGHT
comma_repeat5,109,CONSTANT,STRAIGHT
comma_repeat5,110,CONSTANT,STRAIGHT
comma_repeat5,111,CONSTANT,STRAIGHT
comma_repeat5,112,CONSTANT,STRAIGHT
comma_repeat5,113,CONSTANT,STRAIGHT
comma_repeat5,114,CONSTANT,LEFT
comma_repeat5,115,CONSTANT,LEFT
comma_repeat5,116,CONSTANT,LEFT
comma_repeat5,117,CONSTANT,LEFT
comma_repeat5,118,CONSTANT,LEFT
comma_repeat5,119,CONSTANT,LEFT
comma_repeat5,120,CONSTANT,LEFT
comma_repeat5,121,CONSTANT,LEFT
comma_repeat5,122,CONSTANT,LEFT
comma_repeat5,123,CONSTANT,LEFT
comma_repeat5,124,CONSTANT,LEFT
comma_repeat5,125,CONSTANT,LEFT
comma_repeat5,126,CONSTANT,LEFT
comma_repeat5,127,CONSTANT,LEFT
comma_repeat5,128,CONSTANT,LEFT
comma_repeat5,129,CONSTANT,LEFT
comma_repeat5,130,CONSTANT,LEFT
comma_repeat5,131,CONSTANT,LEFT
comma_repeat5,132,CONSTANT,LEFT
comma_repeat5,133,CONSTANT,LEFT
comma_repeat5,134,CONSTANT,LEFT
comma_repeat5,135,CONSTANT,STRAIGHT
comma_repeat5,136,CONSTANT,STRAIGHT
comma_repeat5,137,CONSTANT,STRAIGHT
comma_repeat5,138,CONSTANT,STRAIGHT
comma_repeat5,139,CONSTANT,STRAIGHT
comma_repeat5,140,CONSTANT,STRAIGHT
comma_repeat5,141,CONSTANT,STRAIGHT
comma_repeat5,142,CONSTANT,STRAIGHT
comma_repeat5,143,CONSTANT,STRAIGHT
comma_repeat5,144,CONSTANT,LEFT
comma_repeat5,145,CONSTANT,LEFT
comma_repeat5,146,CONSTANT,LEFT
comma_repeat5,147,CONSTANT,LEFT
comma_repeat5,148,CONSTANT,LEFT
comma_repeat5,149,CONSTANT,LEFT
comma_repeat5,150,CONSTANT,LEFT
comma_repeat5,151,CONSTANT,LEFT
comma_repeat5,152,CONSTANT,LEFT
comma_repeat5,153,CONSTANT,LEFT
comma_repeat5,154,CONSTANT,LEFT
comma_repeat5,155,CONSTANT,LEFT
comma_repeat5,156,CONSTANT,LEFT
comma_repeat5,157,CONSTANT,LEFT
comma_repeat5,158,CONSTANT,LEFT
comma_repeat5,159,CONSTANT,LEFT
comma_repeat5,160,CONSTANT,STRAIGHT
comma_repeat5,161,CONSTANT,STRAIGHT
comma_repeat5,162,CONSTANT,STRAIGHT
comma_repeat5,163,CONSTANT,LEFT
comma_repeat5,164,CONSTANT,LEFT
comma_repeat5,165,CONSTANT,LEFT
comma_repeat5,166,CONSTANT,STRAIGHT
comma_repeat5,167,CONSTANT,STRAIGHT
comma_repeat5,168,CONSTANT,LEFT
comma_repeat5,169,CONSTANT,LEFT
comma_repeat5,170,CONSTANT,LEFT
comma_repeat5,171,CONSTANT,LEFT
comma_repeat5,172,CONSTANT,LEFT
comma_repeat5,173,CONSTANT,LEFT
comma_repeat5,174,CONSTANT,STRAIGHT
comma_repeat5,175,CONSTANT,LEFT
comma_repeat5,176,CONSTANT,LEFT
comma_repeat5,177,CONSTANT,LEFT
comma_repeat5,178,CONSTANT,LEFT
comma_repeat5,179,CONSTANT,LEFT
comma_repeat5,180,CONSTANT,LEFT
comma_repeat5,181,CONSTANT,LEFT
comma_repeat5,182,CONSTANT,LEFT
comma_repeat5,183,CONSTANT,LEFT
comma_repeat5,184,CONSTANT,LEFT
comma_repeat5,185,CONSTANT,LEFT
comma_repeat5,186,CONSTANT,LEFT
comma_repeat5,187,CONSTANT,LEFT
comma_repeat5,188,CONSTANT,LEFT
comma_repeat5,189,CONSTANT,LEFT
comma_repeat5,190,CONSTANT,LEFT
comma_repeat5,191,CONSTANT,LEFT
comma_repeat5,192,CONSTANT,LEFT
comma_repeat5,193,CONSTANT,LEFT
comma_repeat5,194,CONSTANT,LEFT
comma_repeat5,195,CONSTANT,LEFT
comma_repeat5,196,CONSTANT,LEFT
comma_repeat5,197,CONSTANT,LEFT
comma_repeat5,198,CONSTANT,LEFT
comma_repeat5,199,CONSTANT,LEFT
comma_repeat5,200,CONSTANT,LEFT
comma_repeat5,201,CONSTANT,LEFT
comma_repeat5,202,CONSTANT,LEFT
comma_repeat5,203,CONSTANT,LEFT
comma_repeat5,204,CONSTANT,LEFT
comma_repeat5,205,CONSTANT,LEFT
comma_repeat5,206,CONSTANT,LEFT
comma_repeat5,207,CONSTANT,LEFT
comma_repeat5,208,CONSTANT,LEFT
comma_repeat5,209,CONSTANT,LEFT
comma_repeat5,210,CONSTANT,LEFT
comma_repeat5,211,CONSTANT,LEFT
comma_repeat5,212,CONSTANT,LEFT
comma_repeat5,213,CONSTANT,LEFT
comma_repeat5,214,CONSTANT,LEFT
comma_repeat5,215,CONSTANT,STRAIGHT
comma_repeat5,216,CONSTANT,STRAIGHT
comma_repeat5,217,CONSTANT,STRAIGHT
comma_repeat5,218,CONSTANT,STRAIGHT
comma_repeat5,219,CONSTANT,STRAIGHT
comma_repeat5,220,CONSTANT,STRAIGHT
comma_repeat5,221,CONSTANT,STRAIGHT
comma_repeat5,222,ACCELERATING,STRAIGHT
comma_repeat5,223,ACCELERATING,STRAIGHT
comma_repeat5,224,ACCELERATING,STRAIGHT
comma_repeat5,225,ACCELERATING,STRAIGHT
comma_repeat5,226,ACCELERATING,STRAIGHT
comma_repeat5,227,ACCELERATING,STRAIGHT
comma_repeat5,228,ACCELERATING,STRAIGHT
comma_repeat5,229,ACCELERATING,STRAIGHT
comma_repeat5,230,ACCELERATING,STRAIGHT
comma_repeat5,231,ACCELERATING,STRAIGHT
comma_repeat5,232,ACCELERATING,STRAIGHT
comma_repeat5,233,ACCELERATING,STRAIGHT
comma_repeat5,234,ACCELERATING,STRAIGHT
comma_repeat5,235,ACCELERATING,STRAIGHT
comma_repeat5,236,CONSTANT,STRAIGHT
comma_repeat5,237,CONSTANT,STRAIGHT
comma_repeat5,238,CONSTANT,STRAIGHT
comma_repeat5,239,CONSTANT,STRAIGHT
comma_repeat5,240,CONSTANT,STRAIGHT
comma_repeat5,241,CONSTANT,STRAIGHT
comma_repeat5,242,CONSTANT,STRAIGHT
comma_repeat5,243,CONSTANT,STRAIGHT
comma_repeat5,244,CONSTANT,STRAIGHT
comma_repeat5,245,CONSTANT,STRAIGHT
comma_repeat5,246,CONSTANT,STRAIGHT
comma_repeat5,247,CONSTANT,STRAIGHT
comma_repeat5,248,CONSTANT,STRAIGHT
comma_repeat5,249,CONSTANT,STRAIGHT
comma_repeat5,250,CONSTANT,STRAIGHT
comma_repeat5,251,CONSTANT,STRAIGHT
comma_repeat5,252,CONSTANT,STRAIGHT
comma_repeat5,253,CONSTANT,STRAIGHT
comma_repeat5,254,CONSTANT,STRAIGHT
comma_repeat5,255,CONSTANT,STRAIGHT
comma_repeat5,256,CONSTANT,STRAIGHT
comma_repeat5,257,CONSTANT,STRAIGHT
comma_repeat5,258,CONSTANT,STRAIGHT
comma_repeat5,259,CONSTANT,STRAIGHT
comma_repeat5,260,CONSTANT,STRAIGHT
comma_repeat5,261,CONSTANT,STRAIGHT
comma_repeat5,262,CONSTANT,STRAIGHT
comma_repeat5,263,CONSTANT,STRAIGHT
comma_repeat5,264,CONSTANT,STRAIGHT
comma_repeat5,265,CONSTANT,STRAIGHT
comma_repeat5,266,CONSTANT,STRAIGHT
comma_repeat5,267,CONSTANT,STRAIGHT
comma_repeat5,268,CONSTANT,STRAIGHT
comma_repeat5,269,CONSTANT,STRAIGHT
comma_repeat5,270,CONSTANT,STRAIGHT
comma_repeat5,271,CONSTANT,STRAIGHT
comma_repeat5,272,CONSTANT,STRAIGHT
comma_repeat5,273,CONSTANT,STRAIGHT
comma_repeat5,274,CONSTANT,STRAIGHT
comma_repeat5,275,CONSTANT,STRAIGHT
comma_repeat5,276,CONSTANT,STRAIGHT
comma_repeat5,277,CONSTANT,STRAIGHT
comma_repeat5,278,CONSTANT,STRAIGHT
comma_repeat5,279,CONSTANT,STRAIGHT
comma_repeat5,280,CONSTANT,STRAIGHT
comma_repeat5,281,CONSTANT,RIGHT
comma_repeat5,282,CONSTANT,STRAIGHT
comma_repeat5,283,CONSTANT,RIGHT
comma_repeat5,284,CONSTANT,RIGHT
comma_repeat5,285,CONSTANT,RIGHT
comma_repeat5,286,CONSTANT,RIGHT
comma_repeat5,287,CONSTANT,RIGHT
comma_repeat5,288,CONSTANT,RIGHT
comma_repeat5,289,CONSTANT,RIGHT
comma_repeat5,290,CONSTANT,RIGHT
comma_repeat5,291,CONSTANT,RIGHT
comma_repeat5,292,CONSTANT,STRAIGHT
comma_repeat5,293,CONSTANT,STRAIGHT
comma_repeat5,294,CONSTANT,STRAIGHT
comma_repeat5,295,CONSTANT,STRAIGHT
comma_repeat5,296,CONSTANT,STRAIGHT
comma_repeat5,297,CONSTANT,RIGHT
comma_repeat5,298,CONSTANT,RIGHT
comma_repeat5,299,CONSTANT,STRAIGHT
comma_repeat5,300,CONSTANT,STRAIGHT
comma_repeat5,301,CONSTANT,RIGHT
comma_repeat5,302,CONSTANT,RIGHT
comma_repeat5,303,CONSTANT,STRAIGHT
comma_repeat5,304,CONSTANT,RIGHT
comma_repeat5,305,CONSTANT,STRAIGHT
comma_repeat5,306,CONSTANT,STRAIGHT
comma_repeat5,307,CONSTANT,STRAIGHT
comma_repeat5,308,CONSTANT,STRAIGHT
comma_repeat5,309,CONSTANT,STRAIGHT
comma_repeat5,310,CONSTANT,STRAIGHT
comma_repeat5,311,CONSTANT,STRAIGHT
comma_repeat5,312,CONSTANT,STRAIGHT
comma_repeat5,313,CONSTANT,STRAIGHT
comma_repeat5,314,CONSTANT,STRAIGHT
comma_repeat5,315,CONSTANT,STRAIGHT
comma_repeat5,316,CONSTANT,STRAIGHT
comma_repeat5,317,CONSTANT,STRAIGHT
comma_repeat5,318,CONSTANT,STRAIGHT
comma_repeat5,319,CONSTANT,STRAIGHT
comma_repeat5,320,CONSTANT,STRAIGHT
comma_repeat5,321,CONSTANT,STRAIGHT
comma_repeat5,322,CONSTANT,STRAIGHT
comma_repeat5,323,CONSTANT,STRAIGHT
comma_repeat5,324,CONSTANT,RIGHT
comma_repeat5,325,CONSTANT,RIGHT
comma_repeat5,326,CONSTANT,RIGHT
comma_repeat5,327,CONSTANT,RIGHT
comma_repeat5,328,CONSTANT,RIGHT
comma_repeat5,329,CONSTANT,RIGHT
comma_repeat5,330,CONSTANT,RIGHT
comma_repeat5,331,CONSTANT,RIGHT
comma_repeat5,332,CONSTANT,RIGHT
comma_repeat5,333,CONSTANT,RIGHT
comma_repeat5,334,CONSTANT,STRAIGHT
comma_repeat5,335,CONSTANT,STRAIGHT
comma_repeat5,336,CONSTANT,STRAIGHT
comma_repeat5,337,CONSTANT,STRAIGHT
comma_repeat5,338,CONSTANT,STRAIGHT
comma_repeat5,339,CONSTANT,STRAIGHT
comma_repeat5,340,CONSTANT,STRAIGHT
comma_repeat5,341,CONSTANT,STRAIGHT
comma_repeat5,342,CONSTANT,STRAIGHT
comma_repeat5,343,CONSTANT,STRAIGHT
comma_repeat5,344,CONSTANT,STRAIGHT
comma_repeat5,345,CONSTANT,STRAIGHT
comma_repeat5,346,CONSTANT,STRAIGHT
comma_repeat5,347,CONSTANT,STRAIGHT
comma_repeat5,348,CONSTANT,STRAIGHT
comma_repeat5,349,CONSTANT,STRAIGHT
comma_repeat5,350,CONSTANT,STRAIGHT
comma_repeat5,351,CONSTANT,STRAIGHT
comma_repeat5,352,CONSTANT,STRAIGHT
comma_repeat5,353,CONSTANT,STRAIGHT
comma_repeat5,354,CONSTANT,STRAIGHT
comma_repeat5,355,CONSTANT,STRAIGHT
comma_repeat5,356,CONSTANT,STRAIGHT
comma_repeat5,357,CONSTANT,STRAIGHT
comma_repeat5,358,CONSTANT,STRAIGHT
comma_repeat5,359,CONSTANT,STRAIGHT
comma_repeat5,360,CONSTANT,STRAIGHT
comma_repeat5,361,CONSTANT,STRAIGHT
comma_repeat5,362,CONSTANT,STRAIGHT
comma_repeat5,363,CONSTANT,STRAIGHT
comma_repeat5,364,CONSTANT,STRAIGHT
comma_repeat5,365,CONSTANT,STRAIGHT
comma_repeat5,366,CONSTANT,STRAIGHT
comma_repeat5,367,CONSTANT,STRAIGHT
comma_repeat5,368,CONSTANT,STRAIGHT
comma_repeat5,369,CONSTANT,STRAIGHT
comma_repeat5,370,CONSTANT,STRAIGHT
comma_repeat5,371,CONSTANT,STRAIGHT
comma_repeat5,372,CONSTANT,STRAIGHT
comma_repeat5,373,CONSTANT,STRAIGHT
comma_repeat5,374,CONSTANT,STRAIGHT
comma_repeat5,375,CONSTANT,STRAIGHT
comma_repeat5,376,CONSTANT,STRAIGHT
comma_repeat5,377,CONSTANT,STRAIGHT
comma_repeat5,378,CONSTANT,STRAIGHT
comma_repeat5,379,CONSTANT,STRAIGHT
comma_repeat5,380,CONSTANT,STRAIGHT
comma_repeat5,381,CONSTANT,STRAIGHT
comma_repeat5,382,CONSTANT,STRAIGHT
comma_repeat5,383,CONSTANT,STRAIGHT
comma_repeat5,384,CONSTANT,STRAIGHT
comma_repeat5,385,CONSTANT,STRAIGHT
comma_repeat5,386,CONSTANT,STRAIGHT
comma_repeat5,387,CONSTANT,STRAIGHT
comma_repeat5,388,CONSTANT,STRAIGHT
comma_repeat5,389,CONSTANT,STRAIGHT
comma_repeat5,390,CONSTANT,STRAIGHT
comma_repeat5,391,CONSTANT,STRAIGHT
comma_repeat5,392,CONSTANT,STRAIGHT
comma_repeat5,393,CONSTANT,STRAIGHT
comma_repeat5,394,CONSTANT,STRAIGHT
comma_repeat5,395,CONSTANT,STRAIGHT
comma_repeat5,396,CONSTANT,STRAIGHT
comma_repeat5,397,CONSTANT,STRAIGHT
comma_repeat5,398,CONSTANT,STRAIGHT
comma_repeat5,399,CONSTANT,STRAIGHT
comma_repeat5,400,CONSTANT,STRAIGHT
comma_repeat5,401,CONSTANT,STRAIGHT
comma_repeat5,402,CONSTANT,STRAIGHT
comma_repeat5,403,CONSTANT,STRAIGHT
comma_repeat5,404,CONSTANT,STRAIGHT
comma_repeat5,405,CONSTANT,STRAIGHT
comma_repeat5,406,CONSTANT,STRAIGHT
comma_repeat5,407,CONSTANT,STRAIGHT
comma_repeat5,408,CONSTANT,STRAIGHT
comma_repeat5,409,CONSTANT,STRAIGHT
comma_repeat5,410,CONSTANT,LEFT
comma_repeat5,411,CONSTANT,LEFT
comma_repeat5,412,CONSTANT,LEFT
comma_repeat5,413,CONSTANT,LEFT
comma_repeat5,414,CONSTANT,LEFT
comma_repeat5,415,CONSTANT,LEFT
comma_repeat5,416,CONSTANT,LEFT
comma_repeat5,417,CONSTANT,LEFT
comma_repeat5,418,CONSTANT,LEFT
comma_repeat5,419,CONSTANT,LEFT
comma_repeat5,420,CONSTANT,LEFT
comma_repeat5,421,CONSTANT,STRAIGHT
comma_repeat5,422,CONSTANT,STRAIGHT
comma_repeat5,423,CONSTANT,STRAIGHT
comma_repeat5,424,CONSTANT,STRAIGHT
comma_repeat5,425,CONSTANT,STRAIGHT
comma_repeat5,426,CONSTANT,STRAIGHT
comma_repeat5,427,CONSTANT,STRAIGHT
comma_repeat5,428,CONSTANT,STRAIGHT
comma_repeat5,429,CONSTANT,STRAIGHT
comma_repeat5,430,CONSTANT,STRAIGHT
comma_repeat5,431,CONSTANT,STRAIGHT
comma_repeat5,432,CONSTANT,STRAIGHT
comma_repeat5,433,CONSTANT,STRAIGHT
comma_repeat5,434,CONSTANT,STRAIGHT
comma_repeat5,435,CONSTANT,STRAIGHT
comma_repeat5,436,ACCELERATING,STRAIGHT
comma_repeat5,437,ACCELERATING,STRAIGHT
comma_repeat5,438,CONSTANT,STRAIGHT
comma_repeat5,439,CONSTANT,STRAIGHT
comma_repeat5,440,CONSTANT,STRAIGHT
comma_repeat5,441,CONSTANT,STRAIGHT
comma_repeat5,442,CONSTANT,STRAIGHT
comma_repeat5,443,ACCELERATING,STRAIGHT
comma_repeat5,444,ACCELERATING,STRAIGHT
comma_repeat5,445,ACCELERATING,STRAIGHT
comma_repeat5,446,ACCELERATING,STRAIGHT
comma_repeat5,447,ACCELERATING,STRAIGHT
comma_repeat5,448,CONSTANT,STRAIGHT
comma_repeat5,449,ACCELERATING,STRAIGHT
comma_repeat5,450,ACCELERATING,STRAIGHT
comma_repeat5,451,ACCELERATING,STRAIGHT
comma_repeat5,452,ACCELERATING,STRAIGHT
comma_repeat5,453,CONSTANT,STRAIGHT
comma_repeat5,454,CONSTANT,STRAIGHT
comma_repeat5,455,CONSTANT,STRAIGHT
comma_repeat5,456,CONSTANT,STRAIGHT
comma_repeat5,457,CONSTANT,STRAIGHT
comma_repeat5,458,CONSTANT,STRAIGHT
comma_repeat5,459,CONSTANT,STRAIGHT
comma_repeat5,460,CONSTANT,STRAIGHT
comma_repeat5,461,CONSTANT,STRAIGHT
comma_repeat5,462,CONSTANT,STRAIGHT
comma_repeat5,463,CONSTANT,STRAIGHT
comma_repeat5,464,CONSTANT,STRAIGHT
comma_repeat5,465,CONSTANT,STRAIGHT
comma_repeat5,466,CONSTANT,LEFT
comma_repeat5,467,CONSTANT,STRAIGHT
comma_repeat5,468,CONSTANT,STRAIGHT
comma_repeat5,469,CONSTANT,STRAIGHT
comma_repeat5,470,CONSTANT,STRAIGHT
comma_repeat5,471,CONSTANT,STRAIGHT
comma_repeat5,472,CONSTANT,STRAIGHT
comma_repeat5,473,CONSTANT,STRAIGHT
comma_repeat5,474,CONSTANT,STRAIGHT
comma_repeat5,475,CONSTANT,STRAIGHT
comma_repeat5,476,CONSTANT,STRAIGHT
comma_repeat5,477,CONSTANT,STRAIGHT
comma_repeat5,478,CONSTANT,STRAIGHT
comma_repeat5,479,CONSTANT,STRAIGHT
comma_repeat5,480,CONSTANT,STRAIGHT
comma_repeat5,481,CONSTANT,STRAIGHT
comma_repeat5,482,CONSTANT,STRAIGHT
comma_repeat5,483,CONSTANT,STRAIGHT
comma_repeat5,484,CONSTANT,STRAIGHT
comma_repeat5,485,CONSTANT,STRAIGHT
comma_repeat5,486,CONSTANT,RIGHT
comma_repeat5,487,CONSTANT,RIGHT
comma_repeat5,488,CONSTANT,RIGHT
comma_repeat5,489,CONSTANT,RIGHT
comma_repeat5,490,CONSTANT,RIGHT
comma_repeat5,491,CONSTANT,RIGHT
comma_repeat5,492,CONSTANT,RIGHT
comma_repeat5,493,CONSTANT,RIGHT
comma_repeat5,494,CONSTANT,RIGHT
comma_repeat5,495,CONSTANT,RIGHT
comma_repeat5,496,CONSTANT,RIGHT
comma_repeat5,497,ACCELERATING,RIGHT
comma_repeat5,498,CONSTANT,RIGHT
comma_repeat5,499,CONSTANT,RIGHT
comma_repeat5,500,CONSTANT,RIGHT
comma_repeat5,501,CONSTANT,RIGHT
comma_repeat5,502,CONSTANT,RIGHT
comma_repeat5,503,CONSTANT,RIGHT
comma_repeat5,504,CONSTANT,RIGHT
comma_repeat5,505,CONSTANT,RIGHT
comma_repeat5,506,CONSTANT,RIGHT
comma_repeat5,507,CONSTANT,RIGHT
comma_repeat5,508,CONSTANT,RIGHT
comma_repeat5,509,CONSTANT,RIGHT
comma_repeat5,510,CONSTANT,RIGHT
comma_repeat5,511,CONSTANT,RIGHT
comma_repeat5,512,CONSTANT,RIGHT
comma_repeat5,513,CONSTANT,RIGHT
comma_repeat5,514,CONSTANT,RIGHT
comma_repeat5,515,CONSTANT,RIGHT
comma_repeat5,516,CONSTANT,RIGHT
comma_repeat5,517,CONSTANT,RIGHT
comma_repeat5,518,CONSTANT,RIGHT
comma_repeat5,519,CONSTANT,RIGHT
comma_repeat5,520,CONSTANT,RIGHT
comma_repeat5,521,CONSTANT,RIGHT
comma_repeat5,522,CONSTANT,RIGHT
comma_repeat5,523,CONSTANT,RIGHT
comma_repeat5,524,CONSTANT,STRAIGHT
comma_repeat5,525,CONSTANT,STRAIGHT
comma_repeat5,526,CONSTANT,RIGHT
comma_repeat5,527,CONSTANT,RIGHT
comma_repeat5,528,CONSTANT,RIGHT
comma_repeat5,529,CONSTANT,RIGHT
comma_repeat5,530,CONSTANT,RIGHT
comma_repeat5,531,CONSTANT,RIGHT
comma_repeat5,532,CONSTANT,STRAIGHT
comma_repeat5,533,CONSTANT,STRAIGHT
comma_repeat5,534,CONSTANT,RIGHT
comma_repeat5,535,CONSTANT,RIGHT
comma_repeat5,536,CONSTANT,RIGHT
comma_repeat5,537,CONSTANT,RIGHT
comma_repeat5,538,CONSTANT,RIGHT
comma_repeat5,539,CONSTANT,RIGHT
comma_repeat5,540,CONSTANT,RIGHT
comma_repeat5,541,CONSTANT,RIGHT
comma_repeat5,542,CONSTANT,RIGHT
comma_repeat5,543,CONSTANT,RIGHT
comma_repeat5,544,CONSTANT,RIGHT
comma_repeat5,545,CONSTANT,RIGHT
comma_repeat5,546,CONSTANT,RIGHT
comma_repeat5,547,CONSTANT,RIGHT
comma_repeat5,548,CONSTANT,RIGHT
comma_repeat5,549,CONSTANT,RIGHT
comma_repeat5,550,CONSTANT,RIGHT
comma_repeat5,551,CONSTANT,RIGHT
comma_repeat5,552,CONSTANT,RIGHT
comma_repeat5,553,CONSTANT,RIGHT
comma_repeat5,554,CONSTANT,RIGHT
comma_repeat5,555,CONSTANT,RIGHT
comma_repeat5,556,CONSTANT,RIGHT
comma_repeat5,557,CONSTANT,STRAIGHT
comma_repeat5,558,CONSTANT,STRAIGHT
comma_repeat5,559,CONSTANT,STRAIGHT
comma_repeat5,560,CONSTANT,STRAIGHT
comma_repeat5,561,CONSTANT,STRAIGHT
comma_repeat5,562,CONSTANT,STRAIGHT
comma_repeat5,563,CONSTANT,STRAIGHT
comma_repeat5,564,CONSTANT,STRAIGHT
comma_repeat5,565,CONSTANT,STRAIGHT
comma_repeat5,566,CONSTANT,STRAIGHT
comma_repeat5,567,CONSTANT,STRAIGHT
comma_repeat5,568,CONSTANT,STRAIGHT
comma_repeat5,569,CONSTANT,STRAIGHT
comma_repeat5,570,CONSTANT,STRAIGHT
comma_repeat5,571,CONSTANT,STRAIGHT
comma_repeat5,572,CONSTANT,STRAIGHT
comma_repeat5,573,CONSTANT,STRAIGHT
comma_repeat5,574,CONSTANT,STRAIGHT
comma_repeat5,575,CONSTANT,STRAIGHT
comma_repeat5,576,CONSTANT,STRAIGHT
comma_repeat5,577,CONSTANT,STRAIGHT
comma_repeat5,578,CONSTANT,STRAIGHT
comma_repeat5,579,CONSTANT,STRAIGHT
comma_repeat5,580,CONSTANT,STRAIGHT
comma_repeat5,581,CONSTANT,STRAIGHT
comma_repeat5,582,CONSTANT,STRAIGHT
comma_repeat5,583,CONSTANT,STRAIGHT
comma_repeat5,584,CONSTANT,STRAIGHT
comma_repeat5,585,CONSTANT,STRAIGHT
comma_repeat5,586,CONSTANT,STRAIGHT
comma_repeat5,587,CONSTANT,STRAIGHT
comma_repeat5,588,CONSTANT,STRAIGHT
comma_repeat5,589,CONSTANT,STRAIGHT
comma_repeat5,590,CONSTANT,STRAIGHT
comma_repeat5,591,CONSTANT,STRAIGHT
comma_repeat5,592,CONSTANT,STRAIGHT
comma_repeat5,593,CONSTANT,STRAIGHT
comma_repeat5,594,CONSTANT,STRAIGHT
comma_repeat5,595,CONSTANT,STRAIGHT
comma_repeat5,596,CONSTANT,STRAIGHT
comma_repeat5,597,CONSTANT,STRAIGHT
comma_repeat5,598,CONSTANT,STRAIGHT
comma_repeat5,599,CONSTANT,STRAIGHT
comma_repeat5,600,CONSTANT,STRAIGHT
comma_repeat5,601,CONSTANT,STRAIGHT
comma_repeat5,602,CONSTANT,STRAIGHT
comma_repeat5,603,CONSTANT,STRAIGHT
comma_repeat5,604,CONSTANT,STRAIGHT
comma_repeat5,605,CONSTANT,STRAIGHT
comma_repeat5,606,CONSTANT,STRAIGHT
comma_repeat5,607,CONSTANT,STRAIGHT
comma_repeat5,608,CONSTANT,STRAIGHT
comma_repeat5,609,CONSTANT,STRAIGHT
comma_repeat5,610,CONSTANT,STRAIGHT
comma_repeat5,611,CONSTANT,STRAIGHT
comma_repeat5,612,CONSTANT,STRAIGHT
comma_repeat5,613,CONSTANT,STRAIGHT
comma_repeat5,614,CONSTANT,STRAIGHT
comma_repeat5,615,CONSTANT,STRAIGHT
comma_repeat5,616,CONSTANT,STRAIGHT
comma_repeat5,617,CONSTANT,STRAIGHT
comma_repeat5,618,CONSTANT,STRAIGHT
comma_repeat5,619,CONSTANT,STRAIGHT
comma_repeat5,620,CONSTANT,STRAIGHT
comma_repeat5,621,CONSTANT,STRAIGHT
comma_repeat5,622,CONSTANT,STRAIGHT
comma_repeat5,623,CONSTANT,STRAIGHT
comma_repeat5,624,CONSTANT,STRAIGHT
comma_repeat5,625,CONSTANT,STRAIGHT
comma_repeat5,626,CONSTANT,STRAIGHT
comma_repeat5,627,CONSTANT,STRAIGHT
comma_repeat5,628,CONSTANT,STRAIGHT
comma_repeat5,629,CONSTANT,STRAIGHT
comma_repeat5,630,CONSTANT,STRAIGHT
comma_repeat5,631,CONSTANT,STRAIGHT
comma_repeat5,632,CONSTANT,STRAIGHT
comma_repeat5,633,CONSTANT,STRAIGHT
comma_repeat5,634,CONSTANT,STRAIGHT
comma_repeat5,635,CONSTANT,STRAIGHT
comma_repeat5,636,CONSTANT,STRAIGHT
comma_repeat5,637,CONSTANT,STRAIGHT
comma_repeat5,638,CONSTANT,STRAIGHT
comma_repeat5,639,CONSTANT,STRAIGHT
comma_repeat5,640,CONSTANT,STRAIGHT
comma_repeat5,641,CONSTANT,RIGHT
comma_repeat5,642,CONSTANT,RIGHT
comma_repeat5,643,CONSTANT,RIGHT
comma_repeat5,644,CONSTANT,RIGHT
comma_repeat5,645,CONSTANT,RIGHT
comma_repeat5,646,CONSTANT,RIGHT
comma_repeat5,647,CONSTANT,RIGHT
comma_repeat5,648,CONSTANT,RIGHT
comma_repeat5,649,CONSTANT,RIGHT
comma_repeat5,650,CONSTANT,RIGHT
comma_repeat5,651,CONSTANT,RIGHT
comma_repeat5,652,CONSTANT,RIGHT
comma_repeat5,653,CONSTANT,RIGHT
comma_repeat5,654,DECELERATING,RIGHT
comma_repeat5,655,CONSTANT,RIGHT
comma_repeat5,656,CONSTANT,RIGHT
comma_repeat5,657,CONSTANT,RIGHT
comma_repeat5,658,CONSTANT,RIGHT
comma_repeat5,659,CONSTANT,RIGHT
comma_repeat5,660,CONSTANT,RIGHT
comma_repeat5,661,CONSTANT,RIGHT
comma_repeat5,662,CONSTANT,RIGHT
comma_repeat5,663,CONSTANT,RIGHT
comma_repeat5,664,CONSTANT,RIGHT
comma_repeat5,665,CONSTANT,RIGHT
comma_repeat5,666,CONSTANT,RIGHT
comma_repeat5,667,CONSTANT,RIGHT
comma_repeat5,668,CONSTANT,RIGHT
comma_repeat5,669,CONSTANT,RIGHT
comma_repeat5,670,CONSTANT,RIGHT
comma_repeat5,671,CONSTANT,RIGHT
comma_repeat5,672,CONSTANT,RIGHT
comma_repeat5,673,CONSTANT,RIGHT
comma_repeat5,674,CONSTANT,STRAIGHT
comma_repeat5,675,CONSTANT,STRAIGHT
comma_repeat5,676,CONSTANT,STRAIGHT
comma_repeat5,677,CONSTANT,STRAIGHT
comma_repeat5,678,CONSTANT,STRAIGHT
comma_repeat5,679,CONSTANT,STRAIGHT
comma_repeat5,680,CONSTANT,STRAIGHT
comma_repeat5,681,CONSTANT,STRAIGHT
comma_repeat5,682,CONSTANT,STRAIGHT
comma_repeat5,683,CONSTANT,STRAIGHT
comma_repeat5,684,CONSTANT,STRAIGHT
comma_repeat5,685,CONSTANT,STRAIGHT
comma_repeat5,686,CONSTANT,STRAIGHT
comma_repeat5,687,CONSTANT,STRAIGHT
comma_repeat5,688,CONSTANT,STRAIGHT
comma_repeat5,689,CONSTANT,STRAIGHT
comma_repeat5,690,CONSTANT,STRAIGHT
comma_repeat5,691,CONSTANT,STRAIGHT
comma_repeat5,692,CONSTANT,STRAIGHT
comma_repeat5,693,CONSTANT,STRAIGHT
comma_repeat5,694,CONSTANT,STRAIGHT
comma_repeat5,695,CONSTANT,STRAIGHT
comma_repeat5,696,CONSTANT,STRAIGHT
comma_repeat5,697,CONSTANT,STRAIGHT
comma_repeat5,698,CONSTANT,STRAIGHT
comma_repeat5,699,CONSTANT,STRAIGHT
comma_repeat5,700,CONSTANT,STRAIGHT
comma_repeat5,701,CONSTANT,STRAIGHT
comma_repeat5,702,CONSTANT,STRAIGHT
comma_repeat5,703,CONSTANT,STRAIGHT
comma_repeat5,704,CONSTANT,STRAIGHT
comma_repeat5,705,CONSTANT,STRAIGHT
comma_repeat5,706,CONSTANT,STRAIGHT
comma_repeat5,707,CONSTANT,STRAIGHT
comma_repeat5,708,CONSTANT,STRAIGHT
comma_repeat5,709,CONSTANT,STRAIGHT
comma_repeat5,710,CONSTANT,STRAIGHT
comma_repeat5,711,CONSTANT,STRAIGHT
comma_repeat5,712,CONSTANT,STRAIGHT
comma_repeat5,713,CONSTANT,STRAIGHT
comma_repeat5,714,CONSTANT,LEFT
comma_repeat5,715,CONSTANT,LEFT
comma_repeat5,716,CONSTANT,LEFT
comma_repeat5,717,CONSTANT,LEFT
comma_repeat5,718,CONSTANT,LEFT
comma_repeat5,719,CONSTANT,LEFT
comma_repeat5,720,CONSTANT,LEFT
comma_repeat5,721,CONSTANT,LEFT
comma_repeat5,722,CONSTANT,LEFT
comma_repeat5,723,CONSTANT,LEFT
comma_repeat5,724,CONSTANT,LEFT
comma_repeat5,725,CONSTANT,LEFT
comma_repeat5,726,CONSTANT,LEFT
comma_repeat5,727,CONSTANT,LEFT
comma_repeat5,728,CONSTANT,LEFT
comma_repeat5,729,CONSTANT,LEFT
comma_repeat5,730,CONSTANT,LEFT
comma_repeat5,731,CONSTANT,LEFT
comma_repeat5,732,CONSTANT,LEFT
comma_repeat5,733,CONSTANT,LEFT
comma_repeat5,734,CONSTANT,LEFT
comma_repeat5,735,CONSTANT,STRAIGHT
comma_repeat5,736,CONSTANT,STRAIGHT
comma_repeat5,737,CONSTANT,STRAIGHT
comma_repeat5,738,CONSTANT,STRAIGHT
comma_repeat5,739,CONSTANT,STRAIGHT
comma_repeat5,740,CONSTANT,STRAIGHT
comma_repeat5,741,CONSTANT,STRAIGHT
comma_repeat5,742,CONSTANT,STRAIGHT
comma_repeat5,743,CONSTANT,STRAIGHT
comma_repeat5,744,CONSTANT,LEFT
comma_repeat5,745,CONSTANT,LEFT
comma_repeat5,746,CONSTANT,LEFT
comma_repeat5,747,CONSTANT,LEFT
comma_repeat5,748,CONSTANT,LEFT
comma_repeat5,749,CONSTANT,LEFT
comma_repeat5,750,CONSTANT,LEFT
comma_repeat5,751,CONSTANT,LEFT
comma_repeat5,752,CONSTANT,LEFT
comma_repeat5,753,CONSTANT,LEFT
comma_repeat5,754,CONSTANT,LEFT
comma_repeat5,755,CONSTANT,LEFT
comma_repeat5,756,CONSTANT,LEFT
comma_repeat5,757,CONSTANT,LEFT
comma_repeat5,758,CONSTANT,LEFT
comma_repeat5,759,CONSTANT,LEFT
comma_repeat5,760,CONSTANT,STRAIGHT
comma_repeat5,761,CONSTANT,STRAIGHT
comma_repeat5,762,CONSTANT,STRAIGHT
comma_repeat5,763,CONSTANT,LEFT
comma_repeat5,764,CONSTANT,LEFT
comma_repeat5,765,CONSTANT,LEFT
comma_repeat5,766,CONSTANT,STRAIGHT
comma_repeat5,767,CONSTANT,STRAIGHT
comma_repeat5,768,CONSTANT,LEFT
comma_repeat5,769,CONSTANT,LEFT
comma_repeat5,770,CONSTANT,LEFT
comma_repeat5,771,CONSTANT,LEFT
comma_repeat5,772,CONSTANT,LEFT
comma_repeat5,773,CONSTANT,LEFT
comma_repeat5,774,CONSTANT,STRAIGHT
comma_repeat5,775,CONSTANT,LEFT
comma_repeat5,776,CONSTANT,LEFT
comma_repeat5,777,CONSTANT,LEFT
comma_repeat5,778,CONSTANT,LEFT
comma_repeat5,779,CONSTANT,LEFT
comma_repeat5,780,CONSTANT,LEFT
comma_repeat5,781,CONSTANT,LEFT
comma_repeat5,782,CONSTANT,LEFT
comma_repeat5,783,CONSTANT,LEFT
comma_repeat5,784,CONSTANT,LEFT
comma_repeat5,785,CONSTANT,LEFT
comma_repeat5,786,CONSTANT,LEFT
comma_repeat5,787,CONSTANT,LEFT
comma_repeat5,788,CONSTANT,LEFT
comma_repeat5,789,CONSTANT,LEFT
comma_repeat5,790,CONSTANT,LEFT
comma_repeat5,791,CONSTANT,LEFT
comma_repeat5,792,CONSTANT,LEFT
comma_repeat5,793,CONSTANT,LEFT
comma_repeat5,794,CONSTANT,LEFT
comma_repeat5,795,CONSTANT,LEFT
comma_repeat5,796,CONSTANT,LEFT
comma_repeat5,797,CONSTANT,LEFT
comma_repeat5,798,CONSTANT,LEFT
comma_repeat5,799,CONSTANT,LEFT
comma_repeat5,800,CONSTANT,LEFT
comma_repeat5,801,CONSTANT,LEFT
comma_repeat5,802,CONSTANT,LEFT
comma_repeat5,803,CONSTANT,LEFT
comma_repeat5,804,CONSTANT,LEFT
comma_repeat5,805,CONSTANT,LEFT
comma_repeat5,806,CONSTANT,LEFT
comma_repeat5,807,CONSTANT,LEFT
comma_repeat5,808,CONSTANT,LEFT
comma_repeat5,809,CONSTANT,LEFT
comma_repeat5,810,CONSTANT,LEFT
comma_repeat5,811,CONSTANT,LEFT
comma_repeat5,812,CONSTANT,LEFT
comma_repeat5,813,CONSTANT,LEFT
comma_repeat5,814,CONSTANT,LEFT
comma_repeat5,815,CONSTANT,STRAIGHT
comma_repeat5,816,CONSTANT,STRAIGHT
comma_repeat5,817,CONSTANT,STRAIGHT
comma_repeat5,818,CONSTANT,STRAIGHT
comma_repeat5,819,CONSTANT,STRAIGHT
comma_repeat5,820,CONSTANT,STRAIGHT
comma_repeat5,821,CONSTANT,STRAIGHT
comma_repeat5,822,ACCELERATING,STRAIGHT
comma_repeat5,823,ACCELERATING,STRAIGHT
comma_repeat5,824,ACCELERATING,STRAIGHT
comma_repeat5,825,ACCELERATING,STRAIGHT
comma_repeat5,826,ACCELERATING,STRAIGHT
comma_repeat5,827,ACCELERATING,STRAIGHT
comma_repeat5,828,ACCELERATING,STRAIGHT
comma_repeat5,829,ACCELERATING,STRAIGHT
comma_repeat5,830,ACCELERATING,STRAIGHT
comma_repeat5,831,ACCELERATING,STRAIGHT
comma_repeat5,832,ACCELERATING,STRAIGHT
comma_repeat5,833,ACCELERATING,STRAIGHT
comma_repeat5,834,ACCELERATING,STRAIGHT
comma_repeat5,835,ACCELERATING,STRAIGHT
comma_repeat5,836,CONSTANT,STRAIGHT
comma_repeat5,837,CONSTANT,STRAIGHT
comma_repeat5,838,CONSTANT,STRAIGHT
comma_repeat5,839,CONSTANT,STRAIGHT
comma_repeat5,840,CONSTANT,STRAIGHT
comma_repeat5,841,CONSTANT,STRAIGHT
comma_repeat5,842,CONSTANT,STRAIGHT
comma_repeat5,843,CONSTANT,STRAIGHT
comma_repeat5,844,CONSTANT,STRAIGHT
comma_repeat5,845,CONSTANT,STRAIGHT
comma_repeat5,846,CONSTANT,STRAIGHT
comma_repeat5,847,CONSTANT,STRAIGHT
comma_repeat5,848,CONSTANT,STRAIGHT
comma_repeat5,849,CONSTANT,STRAIGHT
comma_repeat5,850,CONSTANT,STRAIGHT
comma_repeat5,851,CONSTANT,STRAIGHT
comma_repeat5,852,CONSTANT,STRAIGHT
comma_repeat5,853,CONSTANT,STRAIGHT
comma_repeat5,854,CONSTANT,STRAIGHT
comma_repeat5,855,CONSTANT,STRAIGHT
comma_repeat5,856,CONSTANT,STRAIGHT
comma_repeat5,857,CONSTANT,STRAIGHT
comma_repeat5,858,CONSTANT,STRAIGHT
comma_repeat5,859,CONSTANT,STRAIGHT
comma_repeat5,860,CONSTANT,STRAIGHT
comma_repeat5,861,CONSTANT,STRAIGHT
comma_repeat5,862,CONSTANT,STRAIGHT
comma_repeat5,863,CONSTANT,STRAIGHT
comma_repeat5,864,CONSTANT,STRAIGHT
comma_repeat5,865,CONSTANT,STRAIGHT
comma_repeat5,866,CONSTANT,STRAIGHT
comma_repeat5,867,CONSTANT,STRAIGHT
comma_repeat5,868,CONSTANT,STRAIGHT
comma_repeat5,869,CONSTANT,STRAIGHT
comma_repeat5,870,CONSTANT,STRAIGHT
comma_repeat5,871,CONSTANT,STRAIGHT
comma_repeat5,872,CONSTANT,STRAIGHT
comma_repeat5,873,CONSTANT,STRAIGHT
comma_repeat5,874,CONSTANT,STRAIGHT
comma_repeat5,875,CONSTANT,STRAIGHT
comma_repeat5,876,CONSTANT,STRAIGHT
comma_repeat5,877,CONSTANT,STRAIGHT
comma_repeat5,878,CONSTANT,STRAIGHT
comma_repeat5,879,CONSTANT,STRAIGHT
comma_repeat5,880,CONSTANT,STRAIGHT
comma_repeat5,881,CONSTANT,RIGHT
comma_repeat5,882,CONSTANT,STRAIGHT
comma_repeat5,883,CONSTANT,RIGHT
comma_repeat5,884,CONSTANT,RIGHT
comma_repeat5,885,CONSTANT,RIGHT
comma_repeat5,886,CONSTANT,RIGHT
comma_repeat5,887,CONSTANT,RIGHT
comma_repeat5,888,CONSTANT,RIGHT
comma_repeat5,889,CONSTANT,RIGHT
comma_repeat5,890,CONSTANT,RIGHT
comma_repeat5,891,CONSTANT,RIGHT
comma_repeat5,892,CONSTANT,STRAIGHT
comma_repeat5,893,CONSTANT,STRAIGHT
comma_repeat5,894,CONSTANT,STRAIGHT
comma_repeat5,895,CONSTANT,STRAIGHT
comma_repeat5,896,CONSTANT,STRAIGHT
comma_repeat5,897,CONSTANT,RIGHT
comma_repeat5,898,CONSTANT,RIGHT
comma_repeat5,899,CONSTANT,STRAIGHT
comma_repeat5,900,CONSTANT,STRAIGHT
comma_repeat5,901,CONSTANT,RIGHT
comma_repeat5,902,CONSTANT,RIGHT
comma_repeat5,903,CONSTANT,STRAIGHT
comma_repeat5,904,CONSTANT,RIGHT
comma_repeat5,905,CONSTANT,STRAIGHT
comma_repeat5,906,CONSTANT,STRAIGHT
comma_repeat5,907,CONSTANT,STRAIGHT
comma_repeat5,908,CONSTANT,STRAIGHT
comma_repeat5,909,CONSTANT,STRAIGHT
comma_repeat5,910,CONSTANT,STRAIGHT
comma_repeat5,911,CONSTANT,STRAIGHT
comma_repeat5,912,CONSTANT,STRAIGHT
comma_repeat5,913,CONSTANT,STRAIGHT
comma_repeat5,914,CONSTANT,STRAIGHT
comma_repeat5,915,CONSTANT,STRAIGHT
comma_repeat5,916,CONSTANT,STRAIGHT
comma_repeat5,917,CONSTANT,STRAIGHT
comma_repeat5,918,CONSTANT,STRAIGHT
comma_repeat5,919,CONSTANT,STRAIGHT
comma_repeat5,920,CONSTANT,STRAIGHT
comma_repeat5,921,CONSTANT,STRAIGHT
comma_repeat5,922,CONSTANT,STRAIGHT
comma_repeat5,923,CONSTANT,STRAIGHT
comma_repeat5,924,CONSTANT,RIGHT
comma_repeat5,925,CONSTANT,RIGHT
comma_repeat5,926,CONSTANT,RIGHT
comma_repeat5,927,CONSTANT,RIGHT
comma_repeat5,928,CONSTANT,RIGHT
comma_repeat5,929,CONSTANT,RIGHT
comma_repeat5,930,CONSTANT,RIGHT
comma_repeat5,931,CONSTANT,RIGHT
comma_repeat5,932,CONSTANT,RIGHT
comma_repeat5,933,CONSTANT,RIGHT
comma_repeat5,934,CONSTANT,STRAIGHT
comma_repeat5,935,CONSTANT,STRAIGHT
comma_repeat5,936,CONSTANT,STRAIGHT
comma_repeat5,937,CONSTANT,STRAIGHT
comma_repeat5,938,CONSTANT,STRAIGHT
comma_repeat5,939,CONSTANT,STRAIGHT
comma_repeat5,940,CONSTANT,STRAIGHT
comma_repeat5,941,CONSTANT,STRAIGHT
comma_repeat5,942,CONSTANT,STRAIGHT
comma_repeat5,943,CONSTANT,STRAIGHT
comma_repeat5,944,CONSTANT,STRAIGHT
comma_repeat5,945,CONSTANT,STRAIGHT
comma_repeat5,946,CONSTANT,STRAIGHT
comma_repeat5,947,CONSTANT,STRAIGHT
comma_repeat5,948,CONSTANT,STRAIGHT
comma_repeat5,949,CONSTANT,STRAIGHT
comma_repeat5,950,CONSTANT,STRAIGHT
comma_repeat5,951,CONSTANT,STRAIGHT
comma_repeat5,952,CONSTANT,STRAIGHT
comma_repeat5,953,CONSTANT,STRAIGHT
comma_repeat5,954,CONSTANT,STRAIGHT
comma_repeat5,955,CONSTANT,STRAIGHT
comma_repeat5,956,CONSTANT,STRAIGHT
comma_repeat5,957,CONSTANT,STRAIGHT
comma_repeat5,958,CONSTANT,STRAIGHT
comma_repeat5,959,CONSTANT,STRAIGHT
comma_repeat5,960,CONSTANT,STRAIGHT
comma_repeat5,961,CONSTANT,STRAIGHT
comma_repeat5,962,CONSTANT,STRAIGHT
comma_repeat5,963,CONSTANT,STRAIGHT
comma_repeat5,964,CONSTANT,STRAIGHT
comma_repeat5,965,CONSTANT,STRAIGHT
comma_repeat5,966,CONSTANT,STRAIGHT
comma_repeat5,967,CONSTANT,STRAIGHT
comma_repeat5,968,CONSTANT,STRAIGHT
comma_repeat5,969,CONSTANT,STRAIGHT
comma_repeat5,970,CONSTANT,STRAIGHT
comma_repeat5,971,CONSTANT,STRAIGHT
comma_repeat5,972,CONSTANT,STRAIGHT
comma_repeat5,973,CONSTANT,STRAIGHT
comma_repeat5,974,CONSTANT,STRAIGHT
comma_repeat5,975,CONSTANT,STRAIGHT
comma_repeat5,976,CONSTANT,STRAIGHT
comma_repeat5,977,CONSTANT,STRAIGHT
comma_repeat5,978,CONSTANT,STRAIGHT
comma_repeat5,979,CONSTANT,STRAIGHT
comma_repeat5,980,CONSTANT,STRAIGHT
comma_repeat5,981,CONSTANT,STRAIGHT
comma_repeat5,982,CONSTANT,STRAIGHT
comma_repeat5,983,CONSTANT,STRAIGHT
comma_repeat5,984,CONSTANT,STRAIGHT
comma_repeat5,985,CONSTANT,STRAIGHT
comma_repeat5,986,CONSTANT,STRAIGHT
comma_repeat5,987,CONSTANT,STRAIGHT
comma_repeat5,988,CONSTANT,STRAIGHT
comma_repeat5,989,CONSTANT,STRAIGHT
comma_repeat5,990,CONSTANT,STRAIGHT
comma_repeat5,991,CONSTANT,STRAIGHT
comma_repeat5,992,CONSTANT,STRAIGHT
comma_repeat5,993,CONSTANT,STRAIGHT
comma_repeat5,994,CONSTANT,STRAIGHT
comma_repeat5,995,CONSTANT,STRAIGHT
comma_repeat5,996,CONSTANT,STRAIGHT
comma_repeat5,997,CONSTANT,STRAIGHT
comma_repeat5,998,CONSTANT,STRAIGHT
comma_repeat5,999,CONSTANT,STRAIGHT
comma_repeat5,1000,CONSTANT,STRAIGHT
comma_repeat5,1001,CONSTANT,STRAIGHT
comma_repeat5,1002,CONSTANT,STRAIGHT
comma_repeat5,1003,CONSTANT,STRAIGHT
comma_repeat5,1004,CONSTANT,STRAIGHT
comma_repeat5,1005,CONSTANT,STRAIGHT
comma_repeat5,1006,CONSTANT,STRAIGHT
comma_repeat5,1007,CONSTANT,STRAIGHT
comma_repeat5,1008,CONSTANT,STRAIGHT
comma_repeat5,1009,CONSTANT,STRAIGHT
comma_repeat5,1010,CONSTANT,LEFT
comma_repeat5,1011,CONSTANT,LEFT
comma_repeat5,1012,CONSTANT,LEFT
comma_repeat5,1013,CONSTANT,LEFT
comma_repeat5,1014,CONSTANT,LEFT
comma_repeat5,1015,CONSTANT,LEFT
comma_repeat5,1016,CONSTANT,LEFT
comma_repeat5,1017,CONSTANT,LEFT
comma_repeat5,1018,CONSTANT,LEFT
comma_repeat5,1019,CONSTANT,LEFT
comma_repeat5,1020,CONSTANT,LEFT
comma_repeat5,1021,CONSTANT,STRAIGHT
comma_repeat5,1022,CONSTANT,STRAIGHT
comma_repeat5,1023,CONSTANT,STRAIGHT
comma_repeat5,1024,CONSTANT,STRAIGHT
comma_repeat5,1025,CONSTANT,STRAIGHT
comma_repeat5,1026,CONSTANT,STRAIGHT
comma_repeat5,1027,CONSTANT,STRAIGHT
comma_repeat5,1028,CONSTANT,STRAIGHT
comma_repeat5,1029,CONSTANT,STRAIGHT
comma_repeat5,1030,CONSTANT,STRAIGHT
comma_repeat5,1031,CONSTANT,STRAIGHT
comma_repeat5,1032,CONSTANT,STRAIGHT
comma_repeat5,1033,CONSTANT,STRAIGHT
comma_repeat5,1034,CONSTANT,STRAIGHT
comma_repeat5,1035,CONSTANT,STRAIGHT
comma_repeat5,1036,ACCELERATING,STRAIGHT
comma_repeat5,1037,ACCELERATING,STRAIGHT
comma_repeat5,1038,CONSTANT,STRAIGHT
comma_repeat5,1039,CONSTANT,STRAIGHT
comma_repeat5,1040,CONSTANT,STRAIGHT
comma_repeat5,1041,CONSTANT,STRAIGHT
comma_repeat5,1042,CONSTANT,STRAIGHT
comma_repeat5,1043,ACCELERATING,STRAIGHT
comma_repeat5,1044,ACCELERATING,STRAIGHT
comma_repeat5,1045,ACCELERATING,STRAIGHT
comma_repeat5,1046,ACCELERATING,STRAIGHT
comma_repeat5,1047,ACCELERATING,STRAIGHT
comma_repeat5,1048,CONSTANT,STRAIGHT
comma_repeat5,1049,ACCELERATING,STRAIGHT
comma_repeat5,1050,ACCELERATING,STRAIGHT
comma_repeat5,1051,ACCELERATING,STRAIGHT
comma_repeat5,1052,ACCELERATING,STRAIGHT
comma_repeat5,1053,CONSTANT,STRAIGHT
comma_repeat5,1054,CONSTANT,STRAIGHT
comma_repeat5,1055,CONSTANT,STRAIGHT
comma_repeat5,1056,CONSTANT,STRAIGHT
comma_repeat5,1057,CONSTANT,STRAIGHT
comma_repeat5,1058,CONSTANT,STRAIGHT
comma_repeat5,1059,CONSTANT,STRAIGHT
comma_repeat5,1060,CONSTANT,STRAIGHT
comma_repeat5,1061,CONSTANT,STRAIGHT
comma_repeat5,1062,CONSTANT,STRAIGHT
comma_repeat5,1063,CONSTANT,STRAIGHT
comma_repeat5,1064,CONSTANT,STRAIGHT
comma_repeat5,1065,CONSTANT,STRAIGHT
comma_repeat5,1066,CONSTANT,LEFT
comma_repeat5,1067,CONSTANT,STRAIGHT
comma_repeat5,1068,CONSTANT,STRAIGHT
comma_repeat5,1069,CONSTANT,STRAIGHT
comma_repeat5,1070,CONSTANT,STRAIGHT
comma_repeat5,1071,CONSTANT,STRAIGHT
comma_repeat5,1072,CONSTANT,STRAIGHT
comma_repeat5,1073,CONSTANT,STRAIGHT
comma_repeat5,1074,CONSTANT,STRAIGHT
comma_repeat5,1075,CONSTANT,STRAIGHT
comma_repeat5,1076,CONSTANT,STRAIGHT
comma_repeat5,1077,CONSTANT,STRAIGHT
comma_repeat5,1078,CONSTANT,STRAIGHT
comma_repeat5,1079,CONSTANT,STRAIGHT
comma_repeat5,1080,CONSTANT,STRAIGHT
comma_repeat5,1081,CONSTANT,STRAIGHT
comma_repeat5,1082,CONSTANT,STRAIGHT
comma_repeat5,1083,CONSTANT,STRAIGHT
comma_repeat5,1084,CONSTANT,STRAIGHT
comma_repeat5,1085,CONSTANT,STRAIGHT
comma_repeat5,1086,CONSTANT,RIGHT
comma_repeat5,1087,CONSTANT,RIGHT
comma_repeat5,1088,CONSTANT,RIGHT
comma_repeat5,1089,CONSTANT,RIGHT
comma_repeat5,1090,CONSTANT,RIGHT
comma_repeat5,1091,CONSTANT,RIGHT
comma_repeat5,1092,CONSTANT,RIGHT
comma_repeat5,1093,CONSTANT,RIGHT
comma_repeat5,1094,CONSTANT,RIGHT
comma_repeat5,1095,CONSTANT,RIGHT
comma_repeat5,1096,CONSTANT,RIGHT
comma_repeat5,1097,ACCELERATING,RIGHT
comma_repeat5,1098,CONSTANT,RIGHT
comma_repeat5,1099,CONSTANT,RIGHT
comma_repeat5,1100,CONSTANT,RIGHT
comma_repeat5,1101,CONSTANT,RIGHT
comma_repeat5,1102,CONSTANT,RIGHT
comma_repeat5,1103,CONSTANT,RIGHT
comma_repeat5,1104,CONSTANT,RIGHT
comma_repeat5,1105,CONSTANT,RIGHT
comma_repeat5,1106,CONSTANT,RIGHT
comma_repeat5,1107,CONSTANT,RIGHT
comma_repeat5,1108,CONSTANT,RIGHT
comma_repeat5,1109,CONSTANT,RIGHT
comma_repeat5,1110,CONSTANT,RIGHT
comma_repeat5,1111,CONSTANT,RIGHT
comma_repeat5,1112,CONSTANT,RIGHT
comma_repeat5,1113,CONSTANT,RIGHT
comma_repeat5,1114,CONSTANT,RIGHT
comma_repeat5,1115,CONSTANT,RIGHT
comma_repeat5,1116,CONSTANT,RIGHT
comma_repeat5,1117,CONSTANT,RIGHT
comma_repeat5,1118,CONSTANT,RIGHT
comma_repeat5,1119,CONSTANT,RIGHT
comma_repeat5,1120,CONSTANT,RIGHT
comma_repeat5,1121,CONSTANT,RIGHT
comma_repeat5,1122,CONSTANT,RIGHT
comma_repeat5,1123,CONSTANT,RIGHT
comma_repeat5,1124,CONSTANT,STRAIGHT
comma_repeat5,1125,CONSTANT,STRAIGHT
comma_repeat5,1126,CONSTANT,RIGHT
comma_repeat5,1127,CONSTANT,RIGHT
comma_repeat5,1128,CONSTANT,RIGHT
comma_repeat5,1129,CONSTANT,RIGHT
comma_repeat5,1130,CONSTANT,RIGHT
comma_repeat5,1131,CONSTANT,RIGHT
comma_repeat5,1132,CONSTANT,STRAIGHT
comma_repeat5,1133,CONSTANT,STRAIGHT
comma_repeat5,1134,CONSTANT,RIGHT
comma_repeat5,1135,CONSTANT,RIGHT
comma_repeat5,1136,CONSTANT,RIGHT
comma_repeat5,1137,CONSTANT,RIGHT
comma_repeat5,1138,CONSTANT,RIGHT
comma_repeat5,1139,CONSTANT,RIGHT
comma_repeat5,1140,CONSTANT,RIGHT
comma_repeat5,1141,CONSTANT,RIGHT
comma_repeat5,1142,CONSTANT,RIGHT
comma_repeat5,1143,CONSTANT,RIGHT
comma_repeat5,1144,CONSTANT,RIGHT
comma_repeat5,1145,CONSTANT,RIGHT
comma_repeat5,1146,CONSTANT,RIGHT
comma_repeat5,1147,CONSTANT,RIGHT
comma_repeat5,1148,CONSTANT,RIGHT
comma_repeat5,1149,CONSTANT,RIGHT
comma_repeat5,1150,CONSTANT,RIGHT
comma_repeat5,1151,CONSTANT,RIGHT
comma_repeat5,1152,CONSTANT,RIGHT
comma_repeat5,1153,CONSTANT,RIGHT
comma_repeat5,1154,CONSTANT,RIGHT
comma_repeat5,1155,CONSTANT,RIGHT
comma_repeat5,1156,CONSTANT,RIGHT
comma_repeat5,1157,CONSTANT,STRAIGHT
comma_repeat5,1158,CONSTANT,STRAIGHT
comma_repeat5,1159,CONSTANT,STRAIGHT
comma_repeat5,1160,CONSTANT,STRAIGHT
comma_repeat5,1161,CONSTANT,STRAIGHT
comma_repeat5,1162,CONSTANT,STRAIGHT
comma_repeat5,1163,CONSTANT,STRAIGHT
comma_repeat5,1164,CONSTANT,STRAIGHT
comma_repeat5,1165,CONSTANT,STRAIGHT
comma_repeat5,1166,CONSTANT,STRAIGHT
comma_repeat5,1167,CONSTANT,STRAIGHT
comma_repeat5,1168,CONSTANT,STRAIGHT
comma_repeat5,1169,CONSTANT,STRAIGHT
comma_repeat5,1170,CONSTANT,STRAIGHT
comma_repeat5,1171,CONSTANT,STRAIGHT
comma_repeat5,1172,CONSTANT,STRAIGHT
comma_repeat5,1173,CONSTANT,STRAIGHT
comma_repeat5,1174,CONSTANT,STRAIGHT
comma_repeat5,1175,CONSTANT,STRAIGHT
comma_repeat5,1176,CONSTANT,STRAIGHT
comma_repeat5,1177,CONSTANT,STRAIGHT
comma_repeat5,1178,CONSTANT,STRAIGHT
comma_repeat5,1179,CONSTANT,STRAIGHT
comma_repeat5,1180,CONSTANT,STRAIGHT
comma_repeat5,1181,CONSTANT,STRAIGHT
comma_repeat5,1182,CONSTANT,STRAIGHT
comma_repeat5,1183,CONSTANT,STRAIGHT
comma_repeat5,1184,CONSTANT,STRAIGHT
comma_repeat5,1185,CONSTANT,STRAIGHT
comma_repeat5,1186,CONSTANT,STRAIGHT
comma_repeat5,1187,CONSTANT,STRAIGHT
comma_repeat5,1188,CONSTANT,STRAIGHT
comma_repeat5,1189,CONSTANT,STRAIGHT
comma_repeat5,1190,CONSTANT,STRAIGHT
comma_repeat5,1191,CONSTANT,STRAIGHT
comma_repeat5,1192,CONSTANT,STRAIGHT
comma_repeat5,1193,CONSTANT,STRAIGHT
comma_repeat5,1194,CONSTANT,STRAIGHT
comma_repeat5,1195,CONSTANT,STRAIGHT
comma_repeat5,1196,CONSTANT,STRAIGHT
comma_repeat5,1197,CONSTANT,STRAIGHT
comma_repeat5,1198,CONSTANT,STRAIGHT
comma_repeat5,1199,CONSTANT,STRAIGHT
comma_repeat5,1200,CONSTANT,STRAIGHT
comma_repeat5,1201,CONSTANT,STRAIGHT
comma_repeat5,1202,CONSTANT,STRAIGHT
comma_repeat5,1203,CONSTANT,STRAIGHT
comma_repeat5,1204,CONSTANT,STRAIGHT
comma_repeat5,1205,CONSTANT,STRAIGHT
comma_repeat5,1206,CONSTANT,STRAIGHT
comma_repeat5,1207,CONSTANT,STRAIGHT
comma_repeat5,1208,CONSTANT,STRAIGHT
comma_repeat5,1209,CONSTANT,STRAIGHT
comma_repeat5,1210,CONSTANT,STRAIGHT
comma_repeat5,1211,CONSTANT,STRAIGHT
comma_repeat5,1212,CONSTANT,STRAIGHT
comma_repeat5,1213,CONSTANT,STRAIGHT
comma_repeat5,1214,CONSTANT,STRAIGHT
comma_repeat5,1215,CONSTANT,STRAIGHT
comma_repeat5,1216,CONSTANT,STRAIGHT
comma_repeat5,1217,CONSTANT,STRAIGHT
comma_repeat5,1218,CONSTANT,STRAIGHT
comma_repeat5,1219,CONSTANT,STRAIGHT
comma_repeat5,1220,CONSTANT,STRAIGHT
comma_repeat5,1221,CONSTANT,STRAIGHT
comma_repeat5,1222,CONSTANT,STRAIGHT
comma_repeat5,1223,CONSTANT,STRAIGHT
comma_repeat5,1224,CONSTANT,STRAIGHT
comma_repeat5,1225,CONSTANT,STRAIGHT
comma_repeat5,1226,CONSTANT,STRAIGHT
comma_repeat5,1227,CONSTANT,STRAIGHT
comma_repeat5,1228,CONSTANT,STRAIGHT
comma_repeat5,1229,CONSTANT,STRAIGHT
comma_repeat5,1230,CONSTANT,STRAIGHT
comma_repeat5,1231,CONSTANT,STRAIGHT
comma_repeat5,1232,CONSTANT,STRAIGHT
comma_repeat5,1233,CONSTANT,STRAIGHT
comma_repeat5,1234,CONSTANT,STRAIGHT
comma_repeat5,1235,CONSTANT,STRAIGHT
comma_repeat5,1236,CONSTANT,STRAIGHT
comma_repeat5,1237,CONSTANT,STRAIGHT
comma_repeat5,1238,CONSTANT,STRAIGHT
comma_repeat5,1239,CONSTANT,STRAIGHT
comma_repeat5,1240,CONSTANT,STRAIGHT
comma_repeat5,1241,CONSTANT,RIGHT
comma_repeat5,1242,CONSTANT,RIGHT
comma_repeat5,1243,CONSTANT,RIGHT
comma_repeat5,1244,CONSTANT,RIGHT
comma_repeat5,1245,CONSTANT,RIGHT
comma_repeat5,1246,CONSTANT,RIGHT
comma_repeat5,1247,CONSTANT,RIGHT
comma_repeat5,1248,CONSTANT,RIGHT
comma_repeat5,1249,CONSTANT,RIGHT
comma_repeat5,1250,CONSTANT,RIGHT
comma_repeat5,1251,CONSTANT,RIGHT
comma_repeat5,1252,CONSTANT,RIGHT
comma_repeat5,1253,CONSTANT,RIGHT
comma_repeat5,1254,DECELERATING,RIGHT
comma_repeat5,1255,CONSTANT,RIGHT
comma_repeat5,1256,CONSTANT,RIGHT
comma_repeat5,1257,CONSTANT,RIGHT
comma_repeat5,1258,CONSTANT,RIGHT
comma_repeat5,1259,CONSTANT,RIGHT
comma_repeat5,1260,CONSTANT,RIGHT
comma_repeat5,1261,CONSTANT,RIGHT
comma_repeat5,1262,CONSTANT,RIGHT
comma_repeat5,1263,CONSTANT,RIGHT
comma_repeat5,1264,CONSTANT,RIGHT
comma_repeat5,1265,CONSTANT,RIGHT
comma_repeat5,1266,CONSTANT,RIGHT
comma_repeat5,1267,CONSTANT,RIGHT
comma_repeat5,1268,CONSTANT,RIGHT
comma_repeat5,1269,CONSTANT,RIGHT
comma_repeat5,1270,CONSTANT,RIGHT
comma_repeat5,1271,CONSTANT,RIGHT
comma_repeat5,1272,CONSTANT,RIGHT
comma_repeat5,1273,CONSTANT,RIGHT
comma_repeat5,1274,CONSTANT,STRAIGHT
comma_repeat5,1275,CONSTANT,STRAIGHT
comma_repeat5,1276,CONSTANT,STRAIGHT
comma_repeat5,1277,CONSTANT,STRAIGHT
comma_repeat5,1278,CONSTANT,STRAIGHT
comma_repeat5,1279,CONSTANT,STRAIGHT
comma_repeat5,1280,CONSTANT,STRAIGHT
comma_repeat5,1281,CONSTANT,STRAIGHT
comma_repeat5,1282,CONSTANT,STRAIGHT
comma_repeat5,1283,CONSTANT,STRAIGHT
comma_repeat5,1284,CONSTANT,STRAIGHT
comma_repeat5,1285,CONSTANT,STRAIGHT
comma_repeat5,1286,CONSTANT,STRAIGHT
comma_repeat5,1287,CONSTANT,STRAIGHT
comma_repeat5,1288,CONSTANT,STRAIGHT
comma_repeat5,1289,CONSTANT,STRAIGHT
comma_repeat5,1290,CONSTANT,STRAIGHT
comma_repeat5,1291,CONSTANT,STRAIGHT
comma_repeat5,1292,CONSTANT,STRAIGHT
comma_repeat5,1293,CONSTANT,STRAIGHT
comma_repeat5,1294,CONSTANT,STRAIGHT
comma_repeat5,1295,CONSTANT,STRAIGHT
comma_repeat5,1296,CONSTANT,STRAIGHT
comma_repeat5,1297,CONSTANT,STRAIGHT
comma_repeat5,1298,CONSTANT,STRAIGHT
comma_repeat5,1299,CONSTANT,STRAIGHT
comma_repeat5,1300,CONSTANT,STRAIGHT
comma_repeat5,1301,CONSTANT,STRAIGHT
comma_repeat5,1302,CONSTANT,STRAIGHT
comma_repeat5,1303,CONSTANT,STRAIGHT
comma_repeat5,1304,CONSTANT,STRAIGHT
comma_repeat5,1305,CONSTANT,STRAIGHT
comma_repeat5,1306,CONSTANT,STRAIGHT
comma_repeat5,1307,CONSTANT,STRAIGHT
comma_repeat5,1308,CONSTANT,STRAIGHT
comma_repeat5,1309,CONSTANT,STRAIGHT
comma_repeat5,1310,CONSTANT,STRAIGHT
comma_repeat5,1311,CONSTANT,STRAIGHT
comma_repeat5,1312,CONSTANT,STRAIGHT
comma_repeat5,1313,CONSTANT,STRAIGHT
comma_repeat5,1314,CONSTANT,LEFT
comma_repeat5,1315,CONSTANT,LEFT
comma_repeat5,1316,CONSTANT,LEFT
comma_repeat5,1317,CONSTANT,LEFT
comma_repeat5,1318,CONSTANT,LEFT
comma_repeat5,1319,CONSTANT,LEFT
comma_repeat5,1320,CONSTANT,LEFT
comma_repeat5,1321,CONSTANT,LEFT
comma_repeat5,1322,CONSTANT,LEFT
comma_repeat5,1323,CONSTANT,LEFT
comma_repeat5,1324,CONSTANT,LEFT
comma_repeat5,1325,CONSTANT,LEFT
comma_repeat5,1326,CONSTANT,LEFT
comma_repeat5,1327,CONSTANT,LEFT
comma_repeat5,1328,CONSTANT,LEFT
comma_repeat5,1329,CONSTANT,LEFT
comma_repeat5,1330,CONSTANT,LEFT
comma_repeat5,1331,CONSTANT,LEFT
comma_repeat5,1332,CONSTANT,LEFT
comma_repeat5,1333,CONSTANT,LEFT
comma_repeat5,1334,CONSTANT,LEFT
comma_repeat5,1335,CONSTANT,STRAIGHT
comma_repeat5,1336,CONSTANT,STRAIGHT
comma_repeat5,1337,CONSTANT,STRAIGHT
comma_repeat5,1338,CONSTANT,STRAIGHT
comma_repeat5,1339,CONSTANT,STRAIGHT
comma_repeat5,1340,CONSTANT,STRAIGHT
comma_repeat5,1341,CONSTANT,STRAIGHT
comma_repeat5,1342,CONSTANT,STRAIGHT
comma_repeat5,1343,CONSTANT,STRAIGHT
comma_repeat5,1344,CONSTANT,LEFT
comma_repeat5,1345,CONSTANT,LEFT
comma_repeat5,1346,CONSTANT,LEFT
comma_repeat5,1347,CONSTANT,LEFT
comma_repeat5,1348,CONSTANT,LEFT
comma_repeat5,1349,CONSTANT,LEFT
comma_repeat5,1350,CONSTANT,LEFT
comma_repeat5,1351,CONSTANT,LEFT
comma_repeat5,1352,CONSTANT,LEFT
comma_repeat5,1353,CONSTANT,LEFT
comma_repeat5,1354,CONSTANT,LEFT
comma_repeat5,1355,CONSTANT,LEFT
comma_repeat5,1356,CONSTANT,LEFT
comma_repeat5,1357,CONSTANT,LEFT
comma_repeat5,1358,CONSTANT,LEFT
comma_repeat5,1359,CONSTANT,LEFT
comma_repeat5,1360,CONSTANT,STRAIGHT
comma_repeat5,1361,CONSTANT,STRAIGHT
comma_repeat5,1362,CONSTANT,STRAIGHT
comma_repeat5,1363,CONSTANT,LEFT
comma_repeat5,1364,CONSTANT,LEFT
comma_repeat5,1365,CONSTANT,LEFT
comma_repeat5,1366,CONSTANT,STRAIGHT
comma_repeat5,1367,CONSTANT,STRAIGHT
comma_repeat5,1368,CONSTANT,LEFT
comma_repeat5,1369,CONSTANT,LEFT
comma_repeat5,1370,CONSTANT,LEFT
comma_repeat5,1371,CONSTANT,LEFT
comma_repeat5,1372,CONSTANT,LEFT
comma_repeat5,1373,CONSTANT,LEFT
comma_repeat5,1374,CONSTANT,STRAIGHT
comma_repeat5,1375,CONSTANT,LEFT
comma_repeat5,1376,CONSTANT,LEFT
comma_repeat5,1377,CONSTANT,LEFT
comma_repeat5,1378,CONSTANT,LEFT
comma_repeat5,1379,CONSTANT,LEFT
comma_repeat5,1380,CONSTANT,LEFT
comma_repeat5,1381,CONSTANT,LEFT
comma_repeat5,1382,CONSTANT,LEFT
comma_repeat5,1383,CONSTANT,LEFT
comma_repeat5,1384,CONSTANT,LEFT
comma_repeat5,1385,CONSTANT,LEFT
comma_repeat5,1386,CONSTANT,LEFT
comma_repeat5,1387,CONSTANT,LEFT
comma_repeat5,1388,CONSTANT,LEFT
comma_repeat5,1389,CONSTANT,LEFT
comma_repeat5,1390,CONSTANT,LEFT
comma_repeat5,1391,CONSTANT,LEFT
comma_repeat5,1392,CONSTANT,LEFT
comma_repeat5,1393,CONSTANT,LEFT
comma_repeat5,1394,CONSTANT,LEFT
comma_repeat5,1395,CONSTANT,LEFT
comma_repeat5,1396,CONSTANT,LEFT
comma_repeat5,1397,CONSTANT,LEFT
comma_repeat5,1398,CONSTANT,LEFT
comma_repeat5,1399,CONSTANT,LEFT
comma_repeat5,1400,CONSTANT,LEFT
comma_repeat5,1401,CONSTANT,LEFT
comma_repeat5,1402,CONSTANT,LEFT
comma_repeat5,1403,CONSTANT,LEFT
comma_repeat5,1404,CONSTANT,LEFT
comma_repeat5,1405,CONSTANT,LEFT
comma_repeat5,1406,CONSTANT,LEFT
comma_repeat5,1407,CONSTANT,LEFT
comma_repeat5,1408,CONSTANT,LEFT
comma_repeat5,1409,CONSTANT,LEFT
comma_repeat5,1410,CONSTANT,LEFT
comma_repeat5,1411,CONSTANT,LEFT
comma_repeat5,1412,CONSTANT,LEFT
comma_repeat5,1413,CONSTANT,LEFT
comma_repeat5,1414,CONSTANT,LEFT
comma_repeat5,1415,CONSTANT,STRAIGHT
comma_repeat5,1416,CONSTANT,STRAIGHT
comma_repeat5,1417,CONSTANT,STRAIGHT
comma_repeat5,1418,CONSTANT,STRAIGHT
comma_repeat5,1419,CONSTANT,STRAIGHT
comma_repeat5,1420,CONSTANT,STRAIGHT
comma_repeat5,1421,CONSTANT,STRAIGHT
comma_repeat5,1422,ACCELERATING,STRAIGHT
comma_repeat5,1423,ACCELERATING,STRAIGHT
comma_repeat5,1424,ACCELERATING,STRAIGHT
comma_repeat5,1425,ACCELERATING,STRAIGHT
comma_repeat5,1426,ACCELERATING,STRAIGHT
comma_repeat5,1427,ACCELERATING,STRAIGHT
comma_repeat5,1428,ACCELERATING,STRAIGHT
comma_repeat5,1429,ACCELERATING,STRAIGHT
comma_repeat5,1430,ACCELERATING,STRAIGHT
comma_repeat5,1431,ACCELERATING,STRAIGHT
comma_repeat5,1432,ACCELERATING,STRAIGHT
comma_repeat5,1433,ACCELERATING,STRAIGHT
comma_repeat5,1434,ACCELERATING,STRAIGHT
comma_repeat5,1435,ACCELERATING,STRAIGHT
comma_repeat5,1436,CONSTANT,STRAIGHT
comma_repeat5,1437,CONSTANT,STRAIGHT
comma_repeat5,1438,CONSTANT,STRAIGHT
comma_repeat5,1439,CONSTANT,STRAIGHT
comma_repeat5,1440,CONSTANT,STRAIGHT
comma_repeat5,1441,CONSTANT,STRAIGHT
comma_repeat5,1442,CONSTANT,STRAIGHT
comma_repeat5,1443,CONSTANT,STRAIGHT
comma_repeat5,1444,CONSTANT,STRAIGHT
comma_repeat5,1445,CONSTANT,STRAIGHT
comma_repeat5,1446,CONSTANT,STRAIGHT
comma_repeat5,1447,CONSTANT,STRAIGHT
comma_repeat5,1448,CONSTANT,STRAIGHT
comma_repeat5,1449,CONSTANT,STRAIGHT
comma_repeat5,1450,CONSTANT,STRAIGHT
comma_repeat5,1451,CONSTANT,STRAIGHT
comma_repeat5,1452,CONSTANT,STRAIGHT
comma_repeat5,1453,CONSTANT,STRAIGHT
comma_repeat5,1454,CONSTANT,STRAIGHT
comma_repeat5,1455,CONSTANT,STRAIGHT
comma_repeat5,1456,CONSTANT,STRAIGHT
comma_repeat5,1457,CONSTANT,STRAIGHT
comma_repeat5,1458,CONSTANT,STRAIGHT
comma_repeat5,1459,CONSTANT,STRAIGHT
comma_repeat5,1460,CONSTANT,STRAIGHT
comma_repeat5,1461,CONSTANT,STRAIGHT
comma_repeat5,1462,CONSTANT,STRAIGHT
comma_repeat5,1463,CONSTANT,STRAIGHT
comma_repeat5,1464,CONSTANT,STRAIGHT
comma_repeat5,1465,CONSTANT,STRAIGHT
comma_repeat5,1466,CONSTANT,STRAIGHT
comma_repeat5,1467,CONSTANT,STRAIGHT
comma_repeat5,1468,CONSTANT,STRAIGHT
comma_repeat5,1469,CONSTANT,STRAIGHT
comma_repeat5,1470,CONSTANT,STRAIGHT
comma_repeat5,1471,CONSTANT,STRAIGHT
comma_repeat5,1472,CONSTANT,STRAIGHT
comma_repeat5,1473,CONSTANT,STRAIGHT
comma_repeat5,1474,CONSTANT,STRAIGHT
comma_repeat5,1475,CONSTANT,STRAIGHT
comma_repeat5,1476,CONSTANT,STRAIGHT
comma_repeat5,1477,CONSTANT,STRAIGHT
comma_repeat5,1478,CONSTANT,STRAIGHT
comma_repeat5,1479,CONSTANT,STRAIGHT
comma_repeat5,1480,CONSTANT,STRAIGHT
comma_repeat5,1481,CONSTANT,RIGHT
comma_repeat5,1482,CONSTANT,STRAIGHT
comma_repeat5,1483,CONSTANT,RIGHT
comma_repeat5,1484,CONSTANT,RIGHT
comma_repeat5,1485,CONSTANT,RIGHT
comma_repeat5,1486,CONSTANT,RIGHT
comma_repeat5,1487,CONSTANT,RIGHT
comma_repeat5,1488,CONSTANT,RIGHT
comma_repeat5,1489,CONSTANT,RIGHT
comma_repeat5,1490,CONSTANT,RIGHT
comma_repeat5,1491,CONSTANT,RIGHT
comma_repeat5,1492,CONSTANT,STRAIGHT
comma_repeat5,1493,CONSTANT,STRAIGHT
comma_repeat5,1494,CONSTANT,STRAIGHT
comma_repeat5,1495,CONSTANT,STRAIGHT
comma_repeat5,1496,CONSTANT,STRAIGHT
comma_repeat5,1497,CONSTANT,RIGHT
comma_repeat5,1498,CONSTANT,RIGHT
comma_repeat5,1499,CONSTANT,STRAIGHT
comma_repeat5,1500,CONSTANT,STRAIGHT
comma_repeat5,1501,CONSTANT,RIGHT
comma_repeat5,1502,CONSTANT,RIGHT
comma_repeat5,1503,CONSTANT,STRAIGHT
comma_repeat5,1504,CONSTANT,RIGHT
comma_repeat5,1505,CONSTANT,STRAIGHT
comma_repeat5,1506,CONSTANT,STRAIGHT
comma_repeat5,1507,CONSTANT,STRAIGHT
comma_repeat5,1508,CONSTANT,STRAIGHT
comma_repeat5,1509,CONSTANT,STRAIGHT
comma_repeat5,1510,CONSTANT,STRAIGHT
comma_repeat5,1511,CONSTANT,STRAIGHT
comma_repeat5,1512,CONSTANT,STRAIGHT
comma_repeat5,1513,CONSTANT,STRAIGHT
comma_repeat5,1514,CONSTANT,STRAIGHT
comma_repeat5,1515,CONSTANT,STRAIGHT
comma_repeat5,1516,CONSTANT,STRAIGHT
comma_repeat5,1517,CONSTANT,STRAIGHT
comma_repeat5,1518,CONSTANT,STRAIGHT
comma_repeat5,1519,CONSTANT,STRAIGHT
comma_repeat5,1520,CONSTANT,STRAIGHT
comma_repeat5,1521,CONSTANT,STRAIGHT
comma_repeat5,1522,CONSTANT,STRAIGHT
comma_repeat5,1523,CONSTANT,STRAIGHT
comma_repeat5,1524,CONSTANT,RIGHT
comma_repeat5,1525,CONSTANT,RIGHT
comma_repeat5,1526,CONSTANT,RIGHT
comma_repeat5,1527,CONSTANT,RIGHT
comma_repeat5,1528,CONSTANT,RIGHT
comma_repeat5,1529,CONSTANT,RIGHT
comma_repeat5,1530,CONSTANT,RIGHT
comma_repeat5,1531,CONSTANT,RIGHT
comma_repeat5,1532,CONSTANT,RIGHT
comma_repeat5,1533,CONSTANT,RIGHT
comma_repeat5,1534,CONSTANT,STRAIGHT
comma_repeat5,1535,CONSTANT,STRAIGHT
comma_repeat5,1536,CONSTANT,STRAIGHT
comma_repeat5,1537,CONSTANT,STRAIGHT
comma_repeat5,1538,CONSTANT,STRAIGHT
comma_repeat5,1539,CONSTANT,STRAIGHT
comma_repeat5,1540,CONSTANT,STRAIGHT
comma_repeat5,1541,CONSTANT,STRAIGHT
comma_repeat5,1542,CONSTANT,STRAIGHT
comma_repeat5,1543,CONSTANT,STRAIGHT
comma_repeat5,1544,CONSTANT,STRAIGHT
comma_repeat5,1545,CONSTANT,STRAIGHT
comma_repeat5,1546,CONSTANT,STRAIGHT
comma_repeat5,1547,CONSTANT,STRAIGHT
comma_repeat5,1548,CONSTANT,STRAIGHT
comma_repeat5,1549,CONSTANT,STRAIGHT
comma_repeat5,1550,CONSTANT,STRAIGHT
comma_repeat5,1551,CONSTANT,STRAIGHT
comma_repeat5,1552,CONSTANT,STRAIGHT
comma_repeat5,1553,CONSTANT,STRAIGHT
comma_repeat5,1554,CONSTANT,STRAIGHT
comma_repeat5,1555,CONSTANT,STRAIGHT
comma_repeat5,1556,CONSTANT,STRAIGHT
comma_repeat5,1557,CONSTANT,STRAIGHT
comma_repeat5,1558,CONSTANT,STRAIGHT
comma_repeat5,1559,CONSTANT,STRAIGHT
comma_repeat5,1560,CONSTANT,STRAIGHT
comma_repeat5,1561,CONSTANT,STRAIGHT
comma_repeat5,1562,CONSTANT,STRAIGHT
comma_repeat5,1563,CONSTANT,STRAIGHT
comma_repeat5,1564,CONSTANT,STRAIGHT
comma_repeat5,1565,CONSTANT,STRAIGHT
comma_repeat5,1566,CONSTANT,STRAIGHT
comma_repeat5,1567,CONSTANT,STRAIGHT
comma_repeat5,1568,CONSTANT,STRAIGHT
comma_repeat5,1569,CONSTANT,STRAIGHT
comma_repeat5,1570,CONSTANT,STRAIGHT
comma_repeat5,1571,CONSTANT,STRAIGHT
comma_repeat5,1572,CONSTANT,STRAIGHT
comma_repeat5,1573,CONSTANT,STRAIGHT
comma_repeat5,1574,CONSTANT,STRAIGHT
comma_repeat5,1575,CONSTANT,STRAIGHT
comma_repeat5,1576,CONSTANT,STRAIGHT
comma_repeat5,1577,CONSTANT,STRAIGHT
comma_repeat5,1578,CONSTANT,STRAIGHT
comma_repeat5,1579,CONSTANT,STRAIGHT
comma_repeat5,1580,CONSTANT,STRAIGHT
comma_repeat5,1581,CONSTANT,STRAIGHT
comma_repeat5,1582,CONSTANT,STRAIGHT
comma_repeat5,1583,CONSTANT,STRAIGHT
comma_repeat5,1584,CONSTANT,STRAIGHT
comma_repeat5,1585,CONSTANT,STRAIGHT
comma_repeat5,1586,CONSTANT,STRAIGHT
comma_repeat5,1587,CONSTANT,STRAIGHT
comma_repeat5,1588,CONSTANT,STRAIGHT
comma_repeat5,1589,CONSTANT,STRAIGHT
comma_repeat5,1590,CONSTANT,STRAIGHT
comma_repeat5,1591,CONSTANT,STRAIGHT
comma_repeat5,1592,CONSTANT,STRAIGHT
comma_repeat5,1593,CONSTANT,STRAIGHT
comma_repeat5,1594,CONSTANT,STRAIGHT
comma_repeat5,1595,CONSTANT,STRAIGHT
comma_repeat5,1596,CONSTANT,STRAIGHT
comma_repeat5,1597,CONSTANT,STRAIGHT
comma_repeat5,1598,CONSTANT,STRAIGHT
comma_repeat5,1599,CONSTANT,STRAIGHT
comma_repeat5,1600,CONSTANT,STRAIGHT
comma_repeat5,1601,CONSTANT,STRAIGHT
comma_repeat5,1602,CONSTANT,STRAIGHT
comma_repeat5,1603,CONSTANT,STRAIGHT
comma_repeat5,1604,CONSTANT,STRAIGHT
comma_repeat5,1605,CONSTANT,STRAIGHT
comma_repeat5,1606,CONSTANT,STRAIGHT
comma_repeat5,1607,CONSTANT,STRAIGHT
comma_repeat5,1608,CONSTANT,STRAIGHT
comma_repeat5,1609,CONSTANT,STRAIGHT
comma_repeat5,1610,CONSTANT,LEFT
comma_repeat5,1611,CONSTANT,LEFT
comma_repeat5,1612,CONSTANT,LEFT
comma_repeat5,1613,CONSTANT,LEFT
comma_repeat5,1614,CONSTANT,LEFT
comma_repeat5,1615,CONSTANT,LEFT
comma_repeat5,1616,CONSTANT,LEFT
comma_repeat5,1617,CONSTANT,LEFT
comma_repeat5,1618,CONSTANT,LEFT
comma_repeat5,1619,CONSTANT,LEFT
comma_repeat5,1620,CONSTANT,LEFT
comma_repeat5,1621,CONSTANT,STRAIGHT
comma_repeat5,1622,CONSTANT,STRAIGHT
comma_repeat5,1623,CONSTANT,STRAIGHT
comma_repeat5,1624,CONSTANT,STRAIGHT
comma_repeat5,1625,CONSTANT,STRAIGHT
comma_repeat5,1626,CONSTANT,STRAIGHT
comma_repeat5,1627,CONSTANT,STRAIGHT
comma_repeat5,1628,CONSTANT,STRAIGHT
comma_repeat5,1629,CONSTANT,STRAIGHT
comma_repeat5,1630,CONSTANT,STRAIGHT
comma_repeat5,1631,CONSTANT,STRAIGHT
comma_repeat5,1632,CONSTANT,STRAIGHT
comma_repeat5,1633,CONSTANT,STRAIGHT
comma_repeat5,1634,CONSTANT,STRAIGHT
comma_repeat5,1635,CONSTANT,STRAIGHT
comma_repeat5,1636,ACCELERATING,STRAIGHT
comma_repeat5,1637,ACCELERATING,STRAIGHT
comma_repeat5,1638,CONSTANT,STRAIGHT
comma_repeat5,1639,CONSTANT,STRAIGHT
comma_repeat5,1640,CONSTANT,STRAIGHT
comma_repeat5,1641,CONSTANT,STRAIGHT
comma_repeat5,1642,CONSTANT,STRAIGHT
comma_repeat5,1643,ACCELERATING,STRAIGHT
comma_repeat5,1644,ACCELERATING,STRAIGHT
comma_repeat5,1645,ACCELERATING,STRAIGHT
comma_repeat5,1646,ACCELERATING,STRAIGHT
comma_repeat5,1647,ACCELERATING,STRAIGHT
comma_repeat5,1648,CONSTANT,STRAIGHT
comma_repeat5,1649,ACCELERATING,STRAIGHT
comma_repeat5,1650,ACCELERATING,STRAIGHT
comma_repeat5,1651,ACCELERATING,STRAIGHT
comma_repeat5,1652,ACCELERATING,STRAIGHT
comma_repeat5,1653,CONSTANT,STRAIGHT
comma_repeat5,1654,CONSTANT,STRAIGHT
comma_repeat5,1655,CONSTANT,STRAIGHT
comma_repeat5,1656,CONSTANT,STRAIGHT
comma_repeat5,1657,CONSTANT,STRAIGHT
comma_repeat5,1658,CONSTANT,STRAIGHT
comma_repeat5,1659,CONSTANT,STRAIGHT
comma_repeat5,1660,CONSTANT,STRAIGHT
comma_repeat5,1661,CONSTANT,STRAIGHT
comma_repeat5,1662,CONSTANT,STRAIGHT
comma_repeat5,1663,CONSTANT,STRAIGHT
comma_repeat5,1664,CONSTANT,STRAIGHT
comma_repeat5,1665,CONSTANT,STRAIGHT
comma_repeat5,1666,CONSTANT,LEFT
comma_repeat5,1667,CONSTANT,STRAIGHT
comma_repeat5,1668,CONSTANT,STRAIGHT
comma_repeat5,1669,CONSTANT,STRAIGHT
comma_repeat5,1670,CONSTANT,STRAIGHT
comma_repeat5,1671,CONSTANT,STRAIGHT
comma_repeat5,1672,CONSTANT,STRAIGHT
comma_repeat5,1673,CONSTANT,STRAIGHT
comma_repeat5,1674,CONSTANT,STRAIGHT
comma_repeat5,1675,CONSTANT,STRAIGHT
comma_repeat5,1676,CONSTANT,STRAIGHT
comma_repeat5,1677,CONSTANT,STRAIGHT
comma_repeat5,1678,CONSTANT,STRAIGHT
comma_repeat5,1679,CONSTANT,STRAIGHT
comma_repeat5,1680,CONSTANT,STRAIGHT
comma_repeat5,1681,CONSTANT,STRAIGHT
comma_repeat5,1682,CONSTANT,STRAIGHT
comma_repeat5,1683,CONSTANT,STRAIGHT
comma_repeat5,1684,CONSTANT,STRAIGHT
comma_repeat5,1685,CONSTANT,STRAIGHT
comma_repeat5,1686,CONSTANT,RIGHT
comma_repeat5,1687,CONSTANT,RIGHT
comma_repeat5,1688,CONSTANT,RIGHT
comma_repeat5,1689,CONSTANT,RIGHT
comma_repeat5,1690,CONSTANT,RIGHT
comma_repeat5,1691,CONSTANT,RIGHT
comma_repeat5,1692,CONSTANT,RIGHT
comma_repeat5,1693,CONSTANT,RIGHT
comma_repeat5,1694,CONSTANT,RIGHT
comma_repeat5,1695,CONSTANT,RIGHT
comma_repeat5,1696,CONSTANT,RIGHT
comma_repeat5,1697,ACCELERATING,RIGHT
comma_repeat5,1698,CONSTANT,RIGHT
comma_repeat5,1699,CONSTANT,RIGHT
comma_repeat5,1700,CONSTANT,RIGHT
comma_repeat5,1701,CONSTANT,RIGHT
comma_repeat5,1702,CONSTANT,RIGHT
comma_repeat5,1703,CONSTANT,RIGHT
comma_repeat5,1704,CONSTANT,RIGHT
comma_repeat5,1705,CONSTANT,RIGHT
comma_repeat5,1706,CONSTANT,RIGHT
comma_repeat5,1707,CONSTANT,RIGHT
comma_repeat5,1708,CONSTANT,RIGHT
comma_repeat5,1709,CONSTANT,RIGHT
comma_repeat5,1710,CONSTANT,RIGHT
comma_repeat5,1711,CONSTANT,RIGHT
comma_repeat5,1712,CONSTANT,RIGHT
comma_repeat5,1713,CONSTANT,RIGHT
comma_repeat5,1714,CONSTANT,RIGHT
comma_repeat5,1715,CONSTANT,RIGHT
comma_repeat5,1716,CONSTANT,RIGHT
comma_repeat5,1717,CONSTANT,RIGHT
comma_repeat5,1718,CONSTANT,RIGHT
comma_repeat5,1719,CONSTANT,RIGHT
comma_repeat5,1720,CONSTANT,RIGHT
comma_repeat5,1721,CONSTANT,RIGHT
comma_repeat5,1722,CONSTANT,RIGHT
comma_repeat5,1723,CONSTANT,RIGHT
comma_repeat5,1724,CONSTANT,STRAIGHT
comma_repeat5,1725,CONSTANT,STRAIGHT
comma_repeat5,1726,CONSTANT,RIGHT
comma_repeat5,1727,CONSTANT,RIGHT
comma_repeat5,1728,CONSTANT,RIGHT
comma_repeat5,1729,CONSTANT,RIGHT
comma_repeat5,1730,CONSTANT,RIGHT
comma_repeat5,1731,CONSTANT,RIGHT
comma_repeat5,1732,CONSTANT,STRAIGHT
comma_repeat5,1733,CONSTANT,STRAIGHT
comma_repeat5,1734,CONSTANT,RIGHT
comma_repeat5,1735,CONSTANT,RIGHT
comma_repeat5,1736,CONSTANT,RIGHT
comma_repeat5,1737,CONSTANT,RIGHT
comma_repeat5,1738,CONSTANT,RIGHT
comma_repeat5,1739,CONSTANT,RIGHT
comma_repeat5,1740,CONSTANT,RIGHT
comma_repeat5,1741,CONSTANT,RIGHT
comma_repeat5,1742,CONSTANT,RIGHT
comma_repeat5,1743,CONSTANT,RIGHT
comma_repeat5,1744,CONSTANT,RIGHT
comma_repeat5,1745,CONSTANT,RIGHT
comma_repeat5,1746,CONSTANT,RIGHT
comma_repeat5,1747,CONSTANT,RIGHT
comma_repeat5,1748,CONSTANT,RIGHT
comma_repeat5,1749,CONSTANT,RIGHT
comma_repeat5,1750,CONSTANT,RIGHT
comma_repeat5,1751,CONSTANT,RIGHT
comma_repeat5,1752,CONSTANT,RIGHT
comma_repeat5,1753,CONSTANT,RIGHT
comma_repeat5,1754,CONSTANT,RIGHT
comma_repeat5,1755,CONSTANT,RIGHT
comma_repeat5,1756,CONSTANT,RIGHT
comma_repeat5,1757,CONSTANT,STRAIGHT
comma_repeat5,1758,CONSTANT,STRAIGHT
comma_repeat5,1759,CONSTANT,STRAIGHT
comma_repeat5,1760,CONSTANT,STRAIGHT
comma_repeat5,1761,CONSTANT,STRAIGHT
comma_repeat5,1762,CONSTANT,STRAIGHT
comma_repeat5,1763,CONSTANT,STRAIGHT
comma_repeat5,1764,CONSTANT,STRAIGHT
comma_repeat5,1765,CONSTANT,STRAIGHT
comma_repeat5,1766,CONSTANT,STRAIGHT
comma_repeat5,1767,CONSTANT,STRAIGHT
comma_repeat5,1768,CONSTANT,STRAIGHT
comma_repeat5,1769,CONSTANT,STRAIGHT
comma_repeat5,1770,CONSTANT,STRAIGHT
comma_repeat5,1771,CONSTANT,STRAIGHT
comma_repeat5,1772,CONSTANT,STRAIGHT
comma_repeat5,1773,CONSTANT,STRAIGHT
comma_repeat5,1774,CONSTANT,STRAIGHT
comma_repeat5,1775,CONSTANT,STRAIGHT
comma_repeat5,1776,CONSTANT,STRAIGHT
comma_repeat5,1777,CONSTANT,STRAIGHT
comma_repeat5,1778,CONSTANT,STRAIGHT
comma_repeat5,1779,CONSTANT,STRAIGHT
comma_repeat5,1780,CONSTANT,STRAIGHT
comma_repeat5,1781,CONSTANT,STRAIGHT
comma_repeat5,1782,CONSTANT,STRAIGHT
comma_repeat5,1783,CONSTANT,STRAIGHT
comma_repeat5,1784,CONSTANT,STRAIGHT
comma_repeat5,1785,CONSTANT,STRAIGHT
comma_repeat5,1786,CONSTANT,STRAIGHT
comma_repeat5,1787,CONSTANT,STRAIGHT
comma_repeat5,1788,CONSTANT,STRAIGHT
comma_repeat5,1789,CONSTANT,STRAIGHT
comma_repeat5,1790,CONSTANT,STRAIGHT
comma_repeat5,1791,CONSTANT,STRAIGHT
comma_repeat5,1792,CONSTANT,STRAIGHT
comma_repeat5,1793,CONSTANT,STRAIGHT
comma_repeat5,1794,CONSTANT,STRAIGHT
comma_repeat5,1795,CONSTANT,STRAIGHT
comma_repeat5,1796,CONSTANT,STRAIGHT
comma_repeat5,1797,CONSTANT,STRAIGHT
comma_repeat5,1798,CONSTANT,STRAIGHT
comma_repeat5,1799,CONSTANT,STRAIGHT
comma_repeat5,1800,CONSTANT,STRAIGHT
comma_repeat5,1801,CONSTANT,STRAIGHT
comma_repeat5,1802,CONSTANT,STRAIGHT
comma_repeat5,1803,CONSTANT,STRAIGHT
comma_repeat5,1804,CONSTANT,STRAIGHT
comma_repeat5,1805,CONSTANT,STRAIGHT
comma_repeat5,1806,CONSTANT,STRAIGHT
comma_repeat5,1807,CONSTANT,STRAIGHT
comma_repeat5,1808,CONSTANT,STRAIGHT
comma_repeat5,1809,CONSTANT,STRAIGHT
comma_repeat5,1810,CONSTANT,STRAIGHT
comma_repeat5,1811,CONSTANT,STRAIGHT
comma_repeat5,1812,CONSTANT,STRAIGHT
comma_repeat5,1813,CONSTANT,STRAIGHT
comma_repeat5,1814,CONSTANT,STRAIGHT
comma_repeat5,1815,CONSTANT,STRAIGHT
comma_repeat5,1816,CONSTANT,STRAIGHT
comma_repeat5,1817,CONSTANT,STRAIGHT
comma_repeat5,1818,CONSTANT,STRAIGHT
comma_repeat5,1819,CONSTANT,STRAIGHT
comma_repeat5,1820,CONSTANT,STRAIGHT
comma_repeat5,1821,CONSTANT,STRAIGHT
comma_repeat5,1822,CONSTANT,STRAIGHT
comma_repeat5,1823,CONSTANT,STRAIGHT
comma_repeat5,1824,CONSTANT,STRAIGHT
comma_repeat5,1825,CONSTANT,STRAIGHT
comma_repeat5,1826,CONSTANT,STRAIGHT
comma_repeat5,1827,CONSTANT,STRAIGHT
comma_repeat5,1828,CONSTANT,STRAIGHT
comma_repeat5,1829,CONSTANT,STRAIGHT
comma_repeat5,1830,CONSTANT,STRAIGHT
comma_repeat5,1831,CONSTANT,STRAIGHT
comma_repeat5,1832,CONSTANT,STRAIGHT
comma_repeat5,1833,CONSTANT,STRAIGHT
comma_repeat5,1834,CONSTANT,STRAIGHT
comma_repeat5,1835,CONSTANT,STRAIGHT
comma_repeat5,1836,CONSTANT,STRAIGHT
comma_repeat5,1837,CONSTANT,STRAIGHT
comma_repeat5,1838,CONSTANT,STRAIGHT
comma_repeat5,1839,CONSTANT,STRAIGHT
comma_repeat5,1840,CONSTANT,STRAIGHT
comma_repeat5,1841,CONSTANT,RIGHT
comma_repeat5,1842,CONSTANT,RIGHT
comma_repeat5,1843,CONSTANT,RIGHT
comma_repeat5,1844,CONSTANT,RIGHT
comma_repeat5,1845,CONSTANT,RIGHT
comma_repeat5,1846,CONSTANT,RIGHT
comma_repeat5,1847,CONSTANT,RIGHT
comma_repeat5,1848,CONSTANT,RIGHT
comma_repeat5,1849,CONSTANT,RIGHT
comma_repeat5,1850,CONSTANT,RIGHT
comma_repeat5,1851,CONSTANT,RIGHT
comma_repeat5,1852,CONSTANT,RIGHT
comma_repeat5,1853,CONSTANT,RIGHT
comma_repeat5,1854,DECELERATING,RIGHT
comma_repeat5,1855,CONSTANT,RIGHT
comma_repeat5,1856,CONSTANT,RIGHT
comma_repeat5,1857,CONSTANT,RIGHT
comma_repeat5,1858,CONSTANT,RIGHT
comma_repeat5,1859,CONSTANT,RIGHT
comma_repeat5,1860,CONSTANT,RIGHT
comma_repeat5,1861,CONSTANT,RIGHT
comma_repeat5,1862,CONSTANT,RIGHT
comma_repeat5,1863,CONSTANT,RIGHT
comma_repeat5,1864,CONSTANT,RIGHT
comma_repeat5,1865,CONSTANT,RIGHT
comma_repeat5,1866,CONSTANT,RIGHT
comma_repeat5,1867,CONSTANT,RIGHT
comma_repeat5,1868,CONSTANT,RIGHT
comma_repeat5,1869,CONSTANT,RIGHT
comma_repeat5,1870,CONSTANT,RIGHT
comma_repeat5,1871,CONSTANT,RIGHT
comma_repeat5,1872,CONSTANT,RIGHT
comma_repeat5,1873,CONSTANT,RIGHT
comma_repeat5,1874,CONSTANT,STRAIGHT
comma_repeat5,1875,CONSTANT,STRAIGHT
comma_repeat5,1876,CONSTANT,STRAIGHT
comma_repeat5,1877,CONSTANT,STRAIGHT
comma_repeat5,1878,CONSTANT,STRAIGHT
comma_repeat5,1879,CONSTANT,STRAIGHT
comma_repeat5,1880,CONSTANT,STRAIGHT
comma_repeat5,1881,CONSTANT,STRAIGHT
comma_repeat5,1882,CONSTANT,STRAIGHT
comma_repeat5,1883,CONSTANT,STRAIGHT
comma_repeat5,1884,CONSTANT,STRAIGHT
comma_repeat5,1885,CONSTANT,STRAIGHT
comma_repeat5,1886,CONSTANT,STRAIGHT
comma_repeat5,1887,CONSTANT,STRAIGHT
comma_repeat5,1888,CONSTANT,STRAIGHT
comma_repeat5,1889,CONSTANT,STRAIGHT
comma_repeat5,1890,CONSTANT,STRAIGHT
comma_repeat5,1891,CONSTANT,STRAIGHT
comma_repeat5,1892,CONSTANT,STRAIGHT
comma_repeat5,1893,CONSTANT,STRAIGHT
comma_repeat5,1894,CONSTANT,STRAIGHT
comma_repeat5,1895,CONSTANT,STRAIGHT
comma_repeat5,1896,CONSTANT,STRAIGHT
comma_repeat5,1897,CONSTANT,STRAIGHT
comma_repeat5,1898,CONSTANT,STRAIGHT
comma_repeat5,1899,CONSTANT,STRAIGHT
comma_repeat5,1900,CONSTANT,STRAIGHT
comma_repeat5,1901,CONSTANT,STRAIGHT
comma_repeat5,1902,CONSTANT,STRAIGHT
comma_repeat5,1903,CONSTANT,STRAIGHT
comma_repeat5,1904,CONSTANT,STRAIGHT
comma_repeat5,1905,CONSTANT,STRAIGHT
comma_repeat5,1906,CONSTANT,STRAIGHT
comma_repeat5,1907,CONSTANT,STRAIGHT
comma_repeat5,1908,CONSTANT,STRAIGHT
comma_repeat5,1909,CONSTANT,STRAIGHT
comma_repeat5,1910,CONSTANT,STRAIGHT
comma_repeat5,1911,CONSTANT,STRAIGHT
comma_repeat5,1912,CONSTANT,STRAIGHT
comma_repeat5,1913,CONSTANT,STRAIGHT
comma_repeat5,1914,CONSTANT,LEFT
comma_repeat5,1915,CONSTANT,LEFT
comma_repeat5,1916,CONSTANT,LEFT
comma_repeat5,1917,CONSTANT,LEFT
comma_repeat5,1918,CONSTANT,LEFT
comma_repeat5,1919,CONSTANT,LEFT
comma_repeat5,1920,CONSTANT,LEFT
comma_repeat5,1921,CONSTANT,LEFT
comma_repeat5,1922,CONSTANT,LEFT
comma_repeat5,1923,CONSTANT,LEFT
comma_repeat5,1924,CONSTANT,LEFT
comma_repeat5,1925,CONSTANT,LEFT
comma_repeat5,1926,CONSTANT,LEFT
comma_repeat5,1927,CONSTANT,LEFT
comma_repeat5,1928,CONSTANT,LEFT
comma_repeat5,1929,CONSTANT,LEFT
comma_repeat5,1930,CONSTANT,LEFT
comma_repeat5,1931,CONSTANT,LEFT
comma_repeat5,1932,CONSTANT,LEFT
comma_repeat5,1933,CONSTANT,LEFT
comma_repeat5,1934,CONSTANT,LEFT
comma_repeat5,1935,CONSTANT,STRAIGHT
comma_repeat5,1936,CONSTANT,STRAIGHT
comma_repeat5,1937,CONSTANT,STRAIGHT
comma_repeat5,1938,CONSTANT,STRAIGHT
comma_repeat5,1939,CONSTANT,STRAIGHT
comma_repeat5,1940,CONSTANT,STRAIGHT
comma_repeat5,1941,CONSTANT,STRAIGHT
comma_repeat5,1942,CONSTANT,STRAIGHT
comma_repeat5,1943,CONSTANT,STRAIGHT
comma_repeat5,1944,CONSTANT,LEFT
comma_repeat5,1945,CONSTANT,LEFT
comma_repeat5,1946,CONSTANT,LEFT
comma_repeat5,1947,CONSTANT,LEFT
comma_repeat5,1948,CONSTANT,LEFT
comma_repeat5,1949,CONSTANT,LEFT
comma_repeat5,1950,CONSTANT,LEFT
comma_repeat5,1951,CONSTANT,LEFT
comma_repeat5,1952,CONSTANT,LEFT
comma_repeat5,1953,CONSTANT,LEFT
comma_repeat5,1954,CONSTANT,LEFT
comma_repeat5,1955,CONSTANT,LEFT
comma_repeat5,1956,CONSTANT,LEFT
comma_repeat5,1957,CONSTANT,LEFT
comma_repeat5,1958,CONSTANT,LEFT
comma_repeat5,1959,CONSTANT,LEFT
comma_repeat5,1960,CONSTANT,STRAIGHT
comma_repeat5,1961,CONSTANT,STRAIGHT
comma_repeat5,1962,CONSTANT,STRAIGHT
comma_repeat5,1963,CONSTANT,LEFT
comma_repeat5,1964,CONSTANT,LEFT
comma_repeat5,1965,CONSTANT,LEFT
comma_repeat5,1966,CONSTANT,STRAIGHT
comma_repeat5,1967,CONSTANT,STRAIGHT
comma_repeat5,1968,CONSTANT,LEFT
comma_repeat5,1969,CONSTANT,LEFT
comma_repeat5,1970,CONSTANT,LEFT
comma_repeat5,1971,CONSTANT,LEFT
comma_repeat5,1972,CONSTANT,LEFT
comma_repeat5,1973,CONSTANT,LEFT
comma_repeat5,1974,CONSTANT,STRAIGHT
comma_repeat5,1975,CONSTANT,LEFT
comma_repeat5,1976,CONSTANT,LEFT
comma_repeat5,1977,CONSTANT,LEFT
comma_repeat5,1978,CONSTANT,LEFT
comma_repeat5,1979,CONSTANT,LEFT
comma_repeat5,1980,CONSTANT,LEFT
comma_repeat5,1981,CONSTANT,LEFT
comma_repeat5,1982,CONSTANT,LEFT
comma_repeat5,1983,CONSTANT,LEFT
comma_repeat5,1984,CONSTANT,LEFT
comma_repeat5,1985,CONSTANT,LEFT
comma_repeat5,1986,CONSTANT,LEFT
comma_repeat5,1987,CONSTANT,LEFT
comma_repeat5,1988,CONSTANT,LEFT
comma_repeat5,1989,CONSTANT,LEFT
comma_repeat5,1990,CONSTANT,LEFT
comma_repeat5,1991,CONSTANT,LEFT
comma_repeat5,1992,CONSTANT,LEFT
comma_repeat5,1993,CONSTANT,LEFT
comma_repeat5,1994,CONSTANT,LEFT
comma_repeat5,1995,CONSTANT,LEFT
comma_repeat5,1996,CONSTANT,LEFT
comma_repeat5,1997,CONSTANT,LEFT
comma_repeat5,1998,CONSTANT,LEFT
comma_repeat5,1999,CONSTANT,LEFT
comma_repeat5,2000,CONSTANT,LEFT
comma_repeat5,2001,CONSTANT,LEFT
comma_repeat5,2002,CONSTANT,LEFT
comma_repeat5,2003,CONSTANT,LEFT
comma_repeat5,2004,CONSTANT,LEFT
comma_repeat5,2005,CONSTANT,LEFT
comma_repeat5,2006,CONSTANT,LEFT
comma_repeat5,2007,CONSTANT,LEFT
comma_repeat5,2008,CONSTANT,LEFT
comma_repeat5,2009,CONSTANT,LEFT
comma_repeat5,2010,CONSTANT,LEFT
comma_repeat5,2011,CONSTANT,LEFT
comma_repeat5,2012,CONSTANT,LEFT
comma_repeat5,2013,CONSTANT,LEFT
comma_repeat5,2014,CONSTANT,LEFT
comma_repeat5,2015,CONSTANT,STRAIGHT
comma_repeat5,2016,CONSTANT,STRAIGHT
comma_repeat5,2017,CONSTANT,STRAIGHT
comma_repeat5,2018,CONSTANT,STRAIGHT
comma_repeat5,2019,CONSTANT,STRAIGHT
comma_repeat5,2020,CONSTANT,STRAIGHT
comma_repeat5,2021,CONSTANT,STRAIGHT
comma_repeat5,2022,ACCELERATING,STRAIGHT
comma_repeat5,2023,ACCELERATING,STRAIGHT
comma_repeat5,2024,ACCELERATING,STRAIGHT
comma_repeat5,2025,ACCELERATING,STRAIGHT
comma_repeat5,2026,ACCELERATING,STRAIGHT
comma_repeat5,2027,ACCELERATING,STRAIGHT
comma_repeat5,2028,ACCELERATING,STRAIGHT
comma_repeat5,2029,ACCELERATING,STRAIGHT
comma_repeat5,2030,ACCELERATING,STRAIGHT
comma_repeat5,2031,ACCELERATING,STRAIGHT
comma_repeat5,2032,ACCELERATING,STRAIGHT
comma_repeat5,2033,ACCELERATING,STRAIGHT
comma_repeat5,2034,ACCELERATING,STRAIGHT
comma_repeat5,2035,ACCELERATING,STRAIGHT
comma_repeat5,2036,CONSTANT,STRAIGHT
comma_repeat5,2037,CONSTANT,STRAIGHT
comma_repeat5,2038,CONSTANT,STRAIGHT
comma_repeat5,2039,CONSTANT,STRAIGHT
comma_repeat5,2040,CONSTANT,STRAIGHT
comma_repeat5,2041,CONSTANT,STRAIGHT
comma_repeat5,2042,CONSTANT,STRAIGHT
comma_repeat5,2043,CONSTANT,STRAIGHT
comma_repeat5,2044,CONSTANT,STRAIGHT
comma_repeat5,2045,CONSTANT,STRAIGHT
comma_repeat5,2046,CONSTANT,STRAIGHT
comma_repeat5,2047,CONSTANT,STRAIGHT
comma_repeat5,2048,CONSTANT,STRAIGHT
comma_repeat5,2049,CONSTANT,STRAIGHT
comma_repeat5,2050,CONSTANT,STRAIGHT
comma_repeat5,2051,CONSTANT,STRAIGHT
comma_repeat5,2052,CONSTANT,STRAIGHT
comma_repeat5,2053,CONSTANT,STRAIGHT
comma_repeat5,2054,CONSTANT,STRAIGHT
comma_repeat5,2055,CONSTANT,STRAIGHT
comma_repeat5,2056,CONSTANT,STRAIGHT
comma_repeat5,2057,CONSTANT,STRAIGHT
comma_repeat5,2058,CONSTANT,STRAIGHT
comma_repeat5,2059,CONSTANT,STRAIGHT
comma_repeat5,2060,CONSTANT,STRAIGHT
comma_repeat5,2061,CONSTANT,STRAIGHT
comma_repeat5,2062,CONSTANT,STRAIGHT
comma_repeat5,2063,CONSTANT,STRAIGHT
comma_repeat5,2064,CONSTANT,STRAIGHT
comma_repeat5,2065,CONSTANT,STRAIGHT
comma_repeat5,2066,CONSTANT,STRAIGHT
comma_repeat5,2067,CONSTANT,STRAIGHT
comma_repeat5,2068,CONSTANT,STRAIGHT
comma_repeat5,2069,CONSTANT,STRAIGHT
comma_repeat5,2070,CONSTANT,STRAIGHT
comma_repeat5,2071,CONSTANT,STRAIGHT
comma_repeat5,2072,CONSTANT,STRAIGHT
comma_repeat5,2073,CONSTANT,STRAIGHT
comma_repeat5,2074,CONSTANT,STRAIGHT
comma_repeat5,2075,CONSTANT,STRAIGHT
comma_repeat5,2076,CONSTANT,STRAIGHT
comma_repeat5,2077,CONSTANT,STRAIGHT
comma_repeat5,2078,CONSTANT,STRAIGHT
comma_repeat5,2079,CONSTANT,STRAIGHT
comma_repeat5,2080,CONSTANT,STRAIGHT
comma_repeat5,2081,CONSTANT,RIGHT
comma_repeat5,2082,CONSTANT,STRAIGHT
comma_repeat5,2083,CONSTANT,RIGHT
comma_repeat5,2084,CONSTANT,RIGHT
comma_repeat5,2085,CONSTANT,RIGHT
comma_repeat5,2086,CONSTANT,RIGHT
comma_repeat5,2087,CONSTANT,RIGHT
comma_repeat5,2088,CONSTANT,RIGHT
comma_repeat5,2089,CONSTANT,RIGHT
comma_repeat5,2090,CONSTANT,RIGHT
comma_repeat5,2091,CONSTANT,RIGHT
comma_repeat5,2092,CONSTANT,STRAIGHT
comma_repeat5,2093,CONSTANT,STRAIGHT
comma_repeat5,2094,CONSTANT,STRAIGHT
comma_repeat5,2095,CONSTANT,STRAIGHT
comma_repeat5,2096,CONSTANT,STRAIGHT
comma_repeat5,2097,CONSTANT,RIGHT
comma_repeat5,2098,CONSTANT,RIGHT
comma_repeat5,2099,CONSTANT,STRAIGHT
comma_repeat5,2100,CONSTANT,STRAIGHT
comma_repeat5,2101,CONSTANT,RIGHT
comma_repeat5,2102,CONSTANT,RIGHT
comma_repeat5,2103,CONSTANT,STRAIGHT
comma_repeat5,2104,CONSTANT,RIGHT
comma_repeat5,2105,CONSTANT,STRAIGHT
comma_repeat5,2106,CONSTANT,STRAIGHT
comma_repeat5,2107,CONSTANT,STRAIGHT
comma_repeat5,2108,CONSTANT,STRAIGHT
comma_repeat5,2109,CONSTANT,STRAIGHT
comma_repeat5,2110,CONSTANT,STRAIGHT
comma_repeat5,2111,CONSTANT,STRAIGHT
comma_repeat5,2112,CONSTANT,STRAIGHT
comma_repeat5,2113,CONSTANT,STRAIGHT
comma_repeat5,2114,CONSTANT,STRAIGHT
comma_repeat5,2115,CONSTANT,STRAIGHT
comma_repeat5,2116,CONSTANT,STRAIGHT
comma_repeat5,2117,CONSTANT,STRAIGHT
comma_repeat5,2118,CONSTANT,STRAIGHT
comma_repeat5,2119,CONSTANT,STRAIGHT
comma_repeat5,2120,CONSTANT,STRAIGHT
comma_repeat5,2121,CONSTANT,STRAIGHT
comma_repeat5,2122,CONSTANT,STRAIGHT
comma_repeat5,2123,CONSTANT,STRAIGHT
comma_repeat5,2124,CONSTANT,RIGHT
comma_repeat5,2125,CONSTANT,RIGHT
comma_repeat5,2126,CONSTANT,RIGHT
comma_repeat5,2127,CONSTANT,RIGHT
comma_repeat5,2128,CONSTANT,RIGHT
comma_repeat5,2129,CONSTANT,RIGHT
comma_repeat5,2130,CONSTANT,RIGHT
comma_repeat5,2131,CONSTANT,RIGHT
comma_repeat5,2132,CONSTANT,RIGHT
comma_repeat5,2133,CONSTANT,RIGHT
comma_repeat5,2134,CONSTANT,STRAIGHT
comma_repeat5,2135,CONSTANT,STRAIGHT
comma_repeat5,2136,CONSTANT,STRAIGHT
comma_repeat5,2137,CONSTANT,STRAIGHT
comma_repeat5,2138,CONSTANT,STRAIGHT
comma_repeat5,2139,CONSTANT,STRAIGHT
comma_repeat5,2140,CONSTANT,STRAIGHT
comma_repeat5,2141,CONSTANT,STRAIGHT
comma_repeat5,2142,CONSTANT,STRAIGHT
comma_repeat5,2143,CONSTANT,STRAIGHT
comma_repeat5,2144,CONSTANT,STRAIGHT
comma_repeat5,2145,CONSTANT,STRAIGHT
comma_repeat5,2146,CONSTANT,STRAIGHT
comma_repeat5,2147,CONSTANT,STRAIGHT
comma_repeat5,2148,CONSTANT,STRAIGHT
comma_repeat5,2149,CONSTANT,STRAIGHT
comma_repeat5,2150,CONSTANT,STRAIGHT
comma_repeat5,2151,CONSTANT,STRAIGHT
comma_repeat5,2152,CONSTANT,STRAIGHT
comma_repeat5,2153,CONSTANT,STRAIGHT
comma_repeat5,2154,CONSTANT,STRAIGHT
comma_repeat5,2155,CONSTANT,STRAIGHT
comma_repeat5,2156,CONSTANT,STRAIGHT
comma_repeat5,2157,CONSTANT,STRAIGHT
comma_repeat5,2158,CONSTANT,STRAIGHT
comma_repeat5,2159,CONSTANT,STRAIGHT
comma_repeat5,2160,CONSTANT,STRAIGHT
comma_repeat5,2161,CONSTANT,STRAIGHT
comma_repeat5,2162,CONSTANT,STRAIGHT
comma_repeat5,2163,CONSTANT,STRAIGHT
comma_repeat5,2164,CONSTANT,STRAIGHT
comma_repeat5,2165,CONSTANT,STRAIGHT
comma_repeat5,2166,CONSTANT,STRAIGHT
comma_repeat5,2167,CONSTANT,STRAIGHT
comma_repeat5,2168,CONSTANT,STRAIGHT
comma_repeat5,2169,CONSTANT,STRAIGHT
comma_repeat5,2170,CONSTANT,STRAIGHT
comma_repeat5,2171,CONSTANT,STRAIGHT
comma_repeat5,2172,CONSTANT,STRAIGHT
comma_repeat5,2173,CONSTANT,STRAIGHT
comma_repeat5,2174,CONSTANT,STRAIGHT
comma_repeat5,2175,CONSTANT,STRAIGHT
comma_repeat5,2176,CONSTANT,STRAIGHT
comma_repeat5,2177,CONSTANT,STRAIGHT
comma_repeat5,2178,CONSTANT,STRAIGHT
comma_repeat5,2179,CONSTANT,STRAIGHT
comma_repeat5,2180,CONSTANT,STRAIGHT
comma_repeat5,2181,CONSTANT,STRAIGHT
comma_repeat5,2182,CONSTANT,STRAIGHT
comma_repeat5,2183,CONSTANT,STRAIGHT
comma_repeat5,2184,CONSTANT,STRAIGHT
comma_repeat5,2185,CONSTANT,STRAIGHT
comma_repeat5,2186,CONSTANT,STRAIGHT
comma_repeat5,2187,CONSTANT,STRAIGHT
comma_repeat5,2188,CONSTANT,STRAIGHT
comma_repeat5,2189,CONSTANT,STRAIGHT
comma_repeat5,2190,CONSTANT,STRAIGHT
comma_repeat5,2191,CONSTANT,STRAIGHT
comma_repeat5,2192,CONSTANT,STRAIGHT
comma_repeat5,2193,CONSTANT,STRAIGHT
comma_repeat5,2194,CONSTANT,STRAIGHT
comma_repeat5,2195,CONSTANT,STRAIGHT
comma_repeat5,2196,CONSTANT,STRAIGHT
comma_repeat5,2197,CONSTANT,STRAIGHT
comma_repeat5,2198,CONSTANT,STRAIGHT
comma_repeat5,2199,CONSTANT,STRAIGHT
comma_repeat5,2200,CONSTANT,STRAIGHT
comma_repeat5,2201,CONSTANT,STRAIGHT
comma_repeat5,2202,CONSTANT,STRAIGHT
comma_repeat5,2203,CONSTANT,STRAIGHT
comma_repeat5,2204,CONSTANT,STRAIGHT
comma_repeat5,2205,CONSTANT,STRAIGHT
comma_repeat5,2206,CONSTANT,STRAIGHT
comma_repeat5,2207,CONSTANT,STRAIGHT
comma_repeat5,2208,CONSTANT,STRAIGHT
comma_repeat5,2209,CONSTANT,STRAIGHT
comma_repeat5,2210,CONSTANT,LEFT
comma_repeat5,2211,CONSTANT,LEFT
comma_repeat5,2212,CONSTANT,LEFT
comma_repeat5,2213,CONSTANT,LEFT
comma_repeat5,2214,CONSTANT,LEFT
comma_repeat5,2215,CONSTANT,LEFT
comma_repeat5,2216,CONSTANT,LEFT
comma_repeat5,2217,CONSTANT,LEFT
comma_repeat5,2218,CONSTANT,LEFT
comma_repeat5,2219,CONSTANT,LEFT
comma_repeat5,2220,CONSTANT,LEFT
comma_repeat5,2221,CONSTANT,STRAIGHT
comma_repeat5,2222,CONSTANT,STRAIGHT
comma_repeat5,2223,CONSTANT,STRAIGHT
comma_repeat5,2224,CONSTANT,STRAIGHT
comma_repeat5,2225,CONSTANT,STRAIGHT
comma_repeat5,2226,CONSTANT,STRAIGHT
comma_repeat5,2227,CONSTANT,STRAIGHT
comma_repeat5,2228,CONSTANT,STRAIGHT
comma_repeat5,2229,CONSTANT,STRAIGHT
comma_repeat5,2230,CONSTANT,STRAIGHT
comma_repeat5,2231,CONSTANT,STRAIGHT
comma_repeat5,2232,CONSTANT,STRAIGHT
comma_repeat5,2233,CONSTANT,STRAIGHT
comma_repeat5,2234,CONSTANT,STRAIGHT
comma_repeat5,2235,CONSTANT,STRAIGHT
comma_repeat5,2236,ACCELERATING,STRAIGHT
comma_repeat5,2237,ACCELERATING,STRAIGHT
comma_repeat5,2238,CONSTANT,STRAIGHT
comma_repeat5,2239,CONSTANT,STRAIGHT
comma_repeat5,2240,CONSTANT,STRAIGHT
comma_repeat5,2241,CONSTANT,STRAIGHT
comma_repeat5,2242,CONSTANT,STRAIGHT
comma_repeat5,2243,ACCELERATING,STRAIGHT
comma_repeat5,2244,ACCELERATING,STRAIGHT
comma_repeat5,2245,ACCELERATING,STRAIGHT
comma_repeat5,2246,ACCELERATING,STRAIGHT
comma_repeat5,2247,ACCELERATING,STRAIGHT
comma_repeat5,2248,CONSTANT,STRAIGHT
comma_repeat5,2249,ACCELERATING,STRAIGHT
comma_repeat5,2250,ACCELERATING,STRAIGHT
comma_repeat5,2251,ACCELERATING,STRAIGHT
comma_repeat5,2252,ACCELERATING,STRAIGHT
comma_repeat5,2253,CONSTANT,STRAIGHT
comma_repeat5,2254,CONSTANT,STRAIGHT
comma_repeat5,2255,CONSTANT,STRAIGHT
comma_repeat5,2256,CONSTANT,STRAIGHT
comma_repeat5,2257,CONSTANT,STRAIGHT
comma_repeat5,2258,CONSTANT,STRAIGHT
comma_repeat5,2259,CONSTANT,STRAIGHT
comma_repeat5,2260,CONSTANT,STRAIGHT
comma_repeat5,2261,CONSTANT,STRAIGHT
comma_repeat5,2262,CONSTANT,STRAIGHT
comma_repeat5,2263,CONSTANT,STRAIGHT
comma_repeat5,2264,CONSTANT,STRAIGHT
comma_repeat5,2265,CONSTANT,STRAIGHT
comma_repeat5,2266,CONSTANT,LEFT
comma_repeat5,2267,CONSTANT,STRAIGHT
comma_repeat5,2268,CONSTANT,STRAIGHT
comma_repeat5,2269,CONSTANT,STRAIGHT
comma_repeat5,2270,CONSTANT,STRAIGHT
comma_repeat5,2271,CONSTANT,STRAIGHT
comma_repeat5,2272,CONSTANT,STRAIGHT
comma_repeat5,2273,CONSTANT,STRAIGHT
comma_repeat5,2274,CONSTANT,STRAIGHT
comma_repeat5,2275,CONSTANT,STRAIGHT
comma_repeat5,2276,CONSTANT,STRAIGHT
comma_repeat5,2277,CONSTANT,STRAIGHT
comma_repeat5,2278,CONSTANT,STRAIGHT
comma_repeat5,2279,CONSTANT,STRAIGHT
comma_repeat5,2280,CONSTANT,STRAIGHT
comma_repeat5,2281,CONSTANT,STRAIGHT
comma_repeat5,2282,CONSTANT,STRAIGHT
comma_repeat5,2283,CONSTANT,STRAIGHT
comma_repeat5,2284,CONSTANT,STRAIGHT
comma_repeat5,2285,CONSTANT,STRAIGHT
comma_repeat5,2286,CONSTANT,RIGHT
comma_repeat5,2287,CONSTANT,RIGHT
comma_repeat5,2288,CONSTANT,RIGHT
comma_repeat5,2289,CONSTANT,RIGHT
comma_repeat5,2290,CONSTANT,RIGHT
comma_repeat5,2291,CONSTANT,RIGHT
comma_repeat5,2292,CONSTANT,RIGHT
comma_repeat5,2293,CONSTANT,RIGHT
comma_repeat5,2294,CONSTANT,RIGHT
comma_repeat5,2295,CONSTANT,RIGHT
comma_repeat5,2296,CONSTANT,RIGHT
comma_repeat5,2297,ACCELERATING,RIGHT
comma_repeat5,2298,CONSTANT,RIGHT
comma_repeat5,2299,CONSTANT,RIGHT
comma_repeat5,2300,CONSTANT,RIGHT
comma_repeat5,2301,CONSTANT,RIGHT
comma_repeat5,2302,CONSTANT,RIGHT
comma_repeat5,2303,CONSTANT,RIGHT
comma_repeat5,2304,CONSTANT,RIGHT
comma_repeat5,2305,CONSTANT,RIGHT
comma_repeat5,2306,CONSTANT,RIGHT
comma_repeat5,2307,CONSTANT,RIGHT
comma_repeat5,2308,CONSTANT,RIGHT
comma_repeat5,2309,CONSTANT,RIGHT
comma_repeat5,2310,CONSTANT,RIGHT
comma_repeat5,2311,CONSTANT,RIGHT
comma_repeat5,2312,CONSTANT,RIGHT
comma_repeat5,2313,CONSTANT,RIGHT
comma_repeat5,2314,CONSTANT,RIGHT
comma_repeat5,2315,CONSTANT,RIGHT
comma_repeat5,2316,CONSTANT,RIGHT
comma_repeat5,2317,CONSTANT,RIGHT
comma_repeat5,2318,CONSTANT,RIGHT
comma_repeat5,2319,CONSTANT,RIGHT
comma_repeat5,2320,CONSTANT,RIGHT
comma_repeat5,2321,CONSTANT,RIGHT
comma_repeat5,2322,CONSTANT,RIGHT
comma_repeat5,2323,CONSTANT,RIGHT
comma_repeat5,2324,CONSTANT,STRAIGHT
comma_repeat5,2325,CONSTANT,STRAIGHT
comma_repeat5,2326,CONSTANT,RIGHT
comma_repeat5,2327,CONSTANT,RIGHT
comma_repeat5,2328,CONSTANT,RIGHT
comma_repeat5,2329,CONSTANT,RIGHT
comma_repeat5,2330,CONSTANT,RIGHT
comma_repeat5,2331,CONSTANT,RIGHT
comma_repeat5,2332,CONSTANT,STRAIGHT
comma_repeat5,2333,CONSTANT,STRAIGHT
comma_repeat5,2334,CONSTANT,RIGHT
comma_repeat5,2335,CONSTANT,RIGHT
comma_repeat5,2336,CONSTANT,RIGHT
comma_repeat5,2337,CONSTANT,RIGHT
comma_repeat5,2338,CONSTANT,RIGHT
comma_repeat5,2339,CONSTANT,RIGHT
comma_repeat5,2340,CONSTANT,RIGHT
comma_repeat5,2341,CONSTANT,RIGHT
comma_repeat5,2342,CONSTANT,RIGHT
comma_repeat5,2343,CONSTANT,RIGHT
comma_repeat5,2344,CONSTANT,RIGHT
comma_repeat5,2345,CONSTANT,RIGHT
comma_repeat5,2346,CONSTANT,RIGHT
comma_repeat5,2347,CONSTANT,RIGHT
comma_repeat5,2348,CONSTANT,RIGHT
comma_repeat5,2349,CONSTANT,RIGHT
comma_repeat5,2350,CONSTANT,RIGHT
comma_repeat5,2351,CONSTANT,RIGHT
comma_repeat5,2352,CONSTANT,RIGHT
comma_repeat5,2353,CONSTANT,RIGHT
comma_repeat5,2354,CONSTANT,RIGHT
comma_repeat5,2355,CONSTANT,RIGHT
comma_repeat5,2356,CONSTANT,RIGHT
comma_repeat5,2357,CONSTANT,STRAIGHT
comma_repeat5,2358,CONSTANT,STRAIGHT
comma_repeat5,2359,CONSTANT,STRAIGHT
comma_repeat5,2360,CONSTANT,STRAIGHT
comma_repeat5,2361,CONSTANT,STRAIGHT
comma_repeat5,2362,CONSTANT,STRAIGHT
comma_repeat5,2363,CONSTANT,STRAIGHT
comma_repeat5,2364,CONSTANT,STRAIGHT
comma_repeat5,2365,CONSTANT,STRAIGHT
comma_repeat5,2366,CONSTANT,STRAIGHT
comma_repeat5,2367,CONSTANT,STRAIGHT
comma_repeat5,2368,CONSTANT,STRAIGHT
comma_repeat5,2369,CONSTANT,STRAIGHT
comma_repeat5,2370,CONSTANT,STRAIGHT
comma_repeat5,2371,CONSTANT,STRAIGHT
comma_repeat5,2372,CONSTANT,STRAIGHT
comma_repeat5,2373,CONSTANT,STRAIGHT
comma_repeat5,2374,CONSTANT,STRAIGHT
comma_repeat5,2375,CONSTANT,STRAIGHT
comma_repeat5,2376,CONSTANT,STRAIGHT
comma_repeat5,2377,CONSTANT,STRAIGHT
comma_repeat5,2378,CONSTANT,STRAIGHT
comma_repeat5,2379,CONSTANT,STRAIGHT
comma_repeat5,2380,CONSTANT,STRAIGHT
comma_repeat5,2381,CONSTANT,STRAIGHT
comma_repeat5,2382,CONSTANT,STRAIGHT
comma_repeat5,2383,CONSTANT,STRAIGHT
comma_repeat5,2384,CONSTANT,STRAIGHT
comma_repeat5,2385,CONSTANT,STRAIGHT
comma_repeat5,2386,CONSTANT,STRAIGHT
comma_repeat5,2387,CONSTANT,STRAIGHT
comma_repeat5,2388,CONSTANT,STRAIGHT
comma_repeat5,2389,CONSTANT,STRAIGHT
comma_repeat5,2390,CONSTANT,STRAIGHT
comma_repeat5,2391,CONSTANT,STRAIGHT
comma_repeat5,2392,CONSTANT,STRAIGHT
comma_repeat5,2393,CONSTANT,STRAIGHT
comma_repeat5,2394,CONSTANT,STRAIGHT
comma_repeat5,2395,CONSTANT,STRAIGHT
comma_repeat5,2396,CONSTANT,STRAIGHT
comma_repeat5,2397,CONSTANT,STRAIGHT
comma_repeat5,2398,CONSTANT,STRAIGHT
comma_repeat5,2399,CONSTANT,STRAIGHT
comma_repeat5,2400,CONSTANT,STRAIGHT
comma_repeat5,2401,CONSTANT,STRAIGHT
comma_repeat5,2402,CONSTANT,STRAIGHT
comma_repeat5,2403,CONSTANT,STRAIGHT
comma_repeat5,2404,CONSTANT,STRAIGHT
comma_repeat5,2405,CONSTANT,STRAIGHT
comma_repeat5,2406,CONSTANT,STRAIGHT
comma_repeat5,2407,CONSTANT,STRAIGHT
comma_repeat5,2408,CONSTANT,STRAIGHT
comma_repeat5,2409,CONSTANT,STRAIGHT
comma_repeat5,2410,CONSTANT,STRAIGHT
comma_repeat5,2411,CONSTANT,STRAIGHT
comma_repeat5,2412,CONSTANT,STRAIGHT
comma_repeat5,2413,CONSTANT,STRAIGHT
comma_repeat5,2414,CONSTANT,STRAIGHT
comma_repeat5,2415,CONSTANT,STRAIGHT
comma_repeat5,2416,CONSTANT,STRAIGHT
comma_repeat5,2417,CONSTANT,STRAIGHT
comma_repeat5,2418,CONSTANT,STRAIGHT
comma_repeat5,2419,CONSTANT,STRAIGHT
comma_repeat5,2420,CONSTANT,STRAIGHT
comma_repeat5,2421,CONSTANT,STRAIGHT
comma_repeat5,2422,CONSTANT,STRAIGHT
comma_repeat5,2423,CONSTANT,STRAIGHT
comma_repeat5,2424,CONSTANT,STRAIGHT
comma_repeat5,2425,CONSTANT,STRAIGHT
comma_repeat5,2426,CONSTANT,STRAIGHT
comma_repeat5,2427,CONSTANT,STRAIGHT
comma_repeat5,2428,CONSTANT,STRAIGHT
comma_repeat5,2429,CONSTANT,STRAIGHT
comma_repeat5,2430,CONSTANT,STRAIGHT
comma_repeat5,2431,CONSTANT,STRAIGHT
comma_repeat5,2432,CONSTANT,STRAIGHT
comma_repeat5,2433,CONSTANT,STRAIGHT
comma_repeat5,2434,CONSTANT,STRAIGHT
comma_repeat5,2435,CONSTANT,STRAIGHT
comma_repeat5,2436,CONSTANT,STRAIGHT
comma_repeat5,2437,CONSTANT,STRAIGHT
comma_repeat5,2438,CONSTANT,STRAIGHT
comma_repeat5,2439,CONSTANT,STRAIGHT
comma_repeat5,2440,CONSTANT,STRAIGHT
comma_repeat5,2441,CONSTANT,RIGHT
comma_repeat5,2442,CONSTANT,RIGHT
comma_repeat5,2443,CONSTANT,RIGHT
comma_repeat5,2444,CONSTANT,RIGHT
comma_repeat5,2445,CONSTANT,RIGHT
comma_repeat5,2446,CONSTANT,RIGHT
comma_repeat5,2447,CONSTANT,RIGHT
comma_repeat5,2448,CONSTANT,RIGHT
comma_repeat5,2449,CONSTANT,RIGHT
comma_repeat5,2450,CONSTANT,RIGHT
comma_repeat5,2451,CONSTANT,RIGHT
comma_repeat5,2452,CONSTANT,RIGHT
comma_repeat5,2453,CONSTANT,RIGHT
comma_repeat5,2454,DECELERATING,RIGHT
comma_repeat5,2455,CONSTANT,RIGHT
comma_repeat5,2456,CONSTANT,RIGHT
comma_repeat5,2457,CONSTANT,RIGHT
comma_repeat5,2458,CONSTANT,RIGHT
comma_repeat5,2459,CONSTANT,RIGHT
comma_repeat5,2460,CONSTANT,RIGHT
comma_repeat5,2461,CONSTANT,RIGHT
comma_repeat5,2462,CONSTANT,RIGHT
comma_repeat5,2463,CONSTANT,RIGHT
comma_repeat5,2464,CONSTANT,RIGHT
comma_repeat5,2465,CONSTANT,RIGHT
comma_repeat5,2466,CONSTANT,RIGHT
comma_repeat5,2467,CONSTANT,RIGHT
comma_repeat5,2468,CONSTANT,RIGHT
comma_repeat5,2469,CONSTANT,RIGHT
comma_repeat5,2470,CONSTANT,RIGHT
comma_repeat5,2471,CONSTANT,RIGHT
comma_repeat5,2472,CONSTANT,RIGHT
comma_repeat5,2473,CONSTANT,RIGHT
comma_repeat5,2474,CONSTANT,STRAIGHT
comma_repeat5,2475,CONSTANT,STRAIGHT
comma_repeat5,2476,CONSTANT,STRAIGHT
comma_repeat5,2477,CONSTANT,STRAIGHT
comma_repeat5,2478,CONSTANT,STRAIGHT
comma_repeat5,2479,CONSTANT,STRAIGHT
comma_repeat5,2480,CONSTANT,STRAIGHT
comma_repeat5,2481,CONSTANT,STRAIGHT
comma_repeat5,2482,CONSTANT,STRAIGHT
comma_repeat5,2483,CONSTANT,STRAIGHT
comma_repeat5,2484,CONSTANT,STRAIGHT
comma_repeat5,2485,CONSTANT,STRAIGHT
comma_repeat5,2486,CONSTANT,STRAIGHT
comma_repeat5,2487,CONSTANT,STRAIGHT
comma_repeat5,2488,CONSTANT,STRAIGHT
comma_repeat5,2489,CONSTANT,STRAIGHT
comma_repeat5,2490,CONSTANT,STRAIGHT
comma_repeat5,2491,CONSTANT,STRAIGHT
comma_repeat5,2492,CONSTANT,STRAIGHT
comma_repeat5,2493,CONSTANT,STRAIGHT
comma_repeat5,2494,CONSTANT,STRAIGHT
comma_repeat5,2495,CONSTANT,STRAIGHT
comma_repeat5,2496,CONSTANT,STRAIGHT
comma_repeat5,2497,CONSTANT,STRAIGHT
comma_repeat5,2498,CONSTANT,STRAIGHT
comma_repeat5,2499,CONSTANT,STRAIGHT
comma_repeat5,2500,CONSTANT,STRAIGHT
comma_repeat5,2501,CONSTANT,STRAIGHT
comma_repeat5,2502,CONSTANT,STRAIGHT
comma_repeat5,2503,CONSTANT,STRAIGHT
comma_repeat5,2504,CONSTANT,STRAIGHT
comma_repeat5,2505,CONSTANT,STRAIGHT
comma_repeat5,2506,CONSTANT,STRAIGHT
comma_repeat5,2507,CONSTANT,STRAIGHT
comma_repeat5,2508,CONSTANT,STRAIGHT
comma_repeat5,2509,CONSTANT,STRAIGHT
comma_repeat5,2510,CONSTANT,STRAIGHT
comma_repeat5,2511,CONSTANT,STRAIGHT
comma_repeat5,2512,CONSTANT,STRAIGHT
comma_repeat5,2513,CONSTANT,STRAIGHT
comma_repeat5,2514,CONSTANT,LEFT
comma_repeat5,2515,CONSTANT,LEFT
comma_repeat5,2516,CONSTANT,LEFT
comma_repeat5,2517,CONSTANT,LEFT
comma_repeat5,2518,CONSTANT,LEFT
comma_repeat5,2519,CONSTANT,LEFT
comma_repeat5,2520,CONSTANT,LEFT
comma_repeat5,2521,CONSTANT,LEFT
comma_repeat5,2522,CONSTANT,LEFT
comma_repeat5,2523,CONSTANT,LEFT
comma_repeat5,2524,CONSTANT,LEFT
comma_repeat5,2525,CONSTANT,LEFT
comma_repeat5,2526,CONSTANT,LEFT
comma_repeat5,2527,CONSTANT,LEFT
comma_repeat5,2528,CONSTANT,LEFT
comma_repeat5,2529,CONSTANT,LEFT
comma_repeat5,2530,CONSTANT,LEFT
comma_repeat5,2531,CONSTANT,LEFT
comma_repeat5,2532,CONSTANT,LEFT
comma_repeat5,2533,CONSTANT,LEFT
comma_repeat5,2534,CONSTANT,LEFT
comma_repeat5,2535,CONSTANT,STRAIGHT
comma_repeat5,2536,CONSTANT,STRAIGHT
comma_repeat5,2537,CONSTANT,STRAIGHT
comma_repeat5,2538,CONSTANT,STRAIGHT
comma_repeat5,2539,CONSTANT,STRAIGHT
comma_repeat5,2540,CONSTANT,STRAIGHT
comma_repeat5,2541,CONSTANT,STRAIGHT
comma_repeat5,2542,CONSTANT,STRAIGHT
comma_repeat5,2543,CONSTANT,STRAIGHT
comma_repeat5,2544,CONSTANT,LEFT
comma_repeat5,2545,CONSTANT,LEFT
comma_repeat5,2546,CONSTANT,LEFT
comma_repeat5,2547,CONSTANT,LEFT
comma_repeat5,2548,CONSTANT,LEFT
comma_repeat5,2549,CONSTANT,LEFT
comma_repeat5,2550,CONSTANT,LEFT
comma_repeat5,2551,CONSTANT,LEFT
comma_repeat5,2552,CONSTANT,LEFT
comma_repeat5,2553,CONSTANT,LEFT
comma_repeat5,2554,CONSTANT,LEFT
comma_repeat5,2555,CONSTANT,LEFT
comma_repeat5,2556,CONSTANT,LEFT
comma_repeat5,2557,CONSTANT,LEFT
comma_repeat5,2558,CONSTANT,LEFT
comma_repeat5,2559,CONSTANT,LEFT
comma_repeat5,2560,CONSTANT,STRAIGHT
comma_repeat5,2561,CONSTANT,STRAIGHT
comma_repeat5,2562,CONSTANT,STRAIGHT
comma_repeat5,2563,CONSTANT,LEFT
comma_repeat5,2564,CONSTANT,LEFT
comma_repeat5,2565,CONSTANT,LEFT
comma_repeat5,2566,CONSTANT,STRAIGHT
comma_repeat5,2567,CONSTANT,STRAIGHT
comma_repeat5,2568,CONSTANT,LEFT
comma_repeat5,2569,CONSTANT,LEFT
comma_repeat5,2570,CONSTANT,LEFT
comma_repeat5,2571,CONSTANT,LEFT
comma_repeat5,2572,CONSTANT,LEFT
comma_repeat5,2573,CONSTANT,LEFT
comma_repeat5,2574,CONSTANT,STRAIGHT
comma_repeat5,2575,CONSTANT,LEFT
comma_repeat5,2576,CONSTANT,LEFT
comma_repeat5,2577,CONSTANT,LEFT
comma_repeat5,2578,CONSTANT,LEFT
comma_repeat5,2579,CONSTANT,LEFT
comma_repeat5,2580,CONSTANT,LEFT
comma_repeat5,2581,CONSTANT,LEFT
comma_repeat5,2582,CONSTANT,LEFT
comma_repeat5,2583,CONSTANT,LEFT
comma_repeat5,2584,CONSTANT,LEFT
comma_repeat5,2585,CONSTANT,LEFT
comma_repeat5,2586,CONSTANT,LEFT
comma_repeat5,2587,CONSTANT,LEFT
comma_repeat5,2588,CONSTANT,LEFT
comma_repeat5,2589,CONSTANT,LEFT
comma_repeat5,2590,CONSTANT,LEFT
comma_repeat5,2591,CONSTANT,LEFT
comma_repeat5,2592,CONSTANT,LEFT
comma_repeat5,2593,CONSTANT,LEFT
comma_repeat5,2594,CONSTANT,LEFT
comma_repeat5,2595,CONSTANT,LEFT
comma_repeat5,2596,CONSTANT,LEFT
comma_repeat5,2597,CONSTANT,LEFT
comma_repeat5,2598,CONSTANT,LEFT
comma_repeat5,2599,CONSTANT,LEFT
comma_repeat5,2600,CONSTANT,LEFT
comma_repeat5,2601,CONSTANT,LEFT
comma_repeat5,2602,CONSTANT,LEFT
comma_repeat5,2603,CONSTANT,LEFT
comma_repeat5,2604,CONSTANT,LEFT
comma_repeat5,2605,CONSTANT,LEFT
comma_repeat5,2606,CONSTANT,LEFT
comma_repeat5,2607,CONSTANT,LEFT
comma_repeat5,2608,CONSTANT,LEFT
comma_repeat5,2609,CONSTANT,LEFT
comma_repeat5,2610,CONSTANT,LEFT
comma_repeat5,2611,CONSTANT,LEFT
comma_repeat5,2612,CONSTANT,LEFT
comma_repeat5,2613,CONSTANT,LEFT
comma_repeat5,2614,CONSTANT,LEFT
comma_repeat5,2615,CONSTANT,STRAIGHT
comma_repeat5,2616,CONSTANT,STRAIGHT
comma_repeat5,2617,CONSTANT,STRAIGHT
comma_repeat5,2618,CONSTANT,STRAIGHT
comma_repeat5,2619,CONSTANT,STRAIGHT
comma_repeat5,2620,CONSTANT,STRAIGHT
comma_repeat5,2621,CONSTANT,STRAIGHT
comma_repeat5,2622,ACCELERATING,STRAIGHT
comma_repeat5,2623,ACCELERATING,STRAIGHT
comma_repeat5,2624,ACCELERATING,STRAIGHT
comma_repeat5,2625,ACCELERATING,STRAIGHT
comma_repeat5,2626,ACCELERATING,STRAIGHT
comma_repeat5,2627,ACCELERATING,STRAIGHT
comma_repeat5,2628,ACCELERATING,STRAIGHT
comma_repeat5,2629,ACCELERATING,STRAIGHT
comma_repeat5,2630,ACCELERATING,STRAIGHT
comma_repeat5,2631,ACCELERATING,STRAIGHT
comma_repeat5,2632,ACCELERATING,STRAIGHT
comma_repeat5,2633,ACCELERATING,STRAIGHT
comma_repeat5,2634,ACCELERATING,STRAIGHT
comma_repeat5,2635,ACCELERATING,STRAIGHT
comma_repeat5,2636,CONSTANT,STRAIGHT
comma_repeat5,2637,CONSTANT,STRAIGHT
comma_repeat5,2638,CONSTANT,STRAIGHT
comma_repeat5,2639,CONSTANT,STRAIGHT
comma_repeat5,2640,CONSTANT,STRAIGHT
comma_repeat5,2641,CONSTANT,STRAIGHT
comma_repeat5,2642,CONSTANT,STRAIGHT
comma_repeat5,2643,CONSTANT,STRAIGHT
comma_repeat5,2644,CONSTANT,STRAIGHT
comma_repeat5,2645,CONSTANT,STRAIGHT
comma_repeat5,2646,CONSTANT,STRAIGHT
comma_repeat5,2647,CONSTANT,STRAIGHT
comma_repeat5,2648,CONSTANT,STRAIGHT
comma_repeat5,2649,CONSTANT,STRAIGHT
comma_repeat5,2650,CONSTANT,STRAIGHT
comma_repeat5,2651,CONSTANT,STRAIGHT
comma_repeat5,2652,CONSTANT,STRAIGHT
comma_repeat5,2653,CONSTANT,STRAIGHT
comma_repeat5,2654,CONSTANT,STRAIGHT
comma_repeat5,2655,CONSTANT,STRAIGHT
comma_repeat5,2656,CONSTANT,STRAIGHT
comma_repeat5,2657,CONSTANT,STRAIGHT
comma_repeat5,2658,CONSTANT,STRAIGHT
comma_repeat5,2659,CONSTANT,STRAIGHT
comma_repeat5,2660,CONSTANT,STRAIGHT
comma_repeat5,2661,CONSTANT,STRAIGHT
comma_repeat5,2662,CONSTANT,STRAIGHT
comma_repeat5,2663,CONSTANT,STRAIGHT
comma_repeat5,2664,CONSTANT,STRAIGHT
comma_repeat5,2665,CONSTANT,STRAIGHT
comma_repeat5,2666,CONSTANT,STRAIGHT
comma_repeat5,2667,CONSTANT,STRAIGHT
comma_repeat5,2668,CONSTANT,STRAIGHT
comma_repeat5,2669,CONSTANT,STRAIGHT
comma_repeat5,2670,CONSTANT,STRAIGHT
comma_repeat5,2671,CONSTANT,STRAIGHT
comma_repeat5,2672,CONSTANT,STRAIGHT
comma_repeat5,2673,CONSTANT,STRAIGHT
comma_repeat5,2674,CONSTANT,STRAIGHT
comma_repeat5,2675,CONSTANT,STRAIGHT
comma_repeat5,2676,CONSTANT,STRAIGHT
comma_repeat5,2677,CONSTANT,STRAIGHT
comma_repeat5,2678,CONSTANT,STRAIGHT
comma_repeat5,2679,CONSTANT,STRAIGHT
comma_repeat5,2680,CONSTANT,STRAIGHT
comma_repeat5,2681,CONSTANT,RIGHT
comma_repeat5,2682,CONSTANT,STRAIGHT
comma_repeat5,2683,CONSTANT,RIGHT
comma_repeat5,2684,CONSTANT,RIGHT
comma_repeat5,2685,CONSTANT,RIGHT
comma_repeat5,2686,CONSTANT,RIGHT
comma_repeat5,2687,CONSTANT,RIGHT
comma_repeat5,2688,CONSTANT,RIGHT
comma_repeat5,2689,CONSTANT,RIGHT
comma_repeat5,2690,CONSTANT,RIGHT
comma_repeat5,2691,CONSTANT,RIGHT
comma_repeat5,2692,CONSTANT,STRAIGHT
comma_repeat5,2693,CONSTANT,STRAIGHT
comma_repeat5,2694,CONSTANT,STRAIGHT
comma_repeat5,2695,CONSTANT,STRAIGHT
comma_repeat5,2696,CONSTANT,STRAIGHT
comma_repeat5,2697,CONSTANT,RIGHT
comma_repeat5,2698,CONSTANT,RIGHT
comma_repeat5,2699,CONSTANT,STRAIGHT
comma_repeat5,2700,CONSTANT,STRAIGHT
comma_repeat5,2701,CONSTANT,RIGHT
comma_repeat5,2702,CONSTANT,RIGHT
comma_repeat5,2703,CONSTANT,STRAIGHT
comma_repeat5,2704,CONSTANT,RIGHT
comma_repeat5,2705,CONSTANT,STRAIGHT
comma_repeat5,2706,CONSTANT,STRAIGHT
comma_repeat5,2707,CONSTANT,STRAIGHT
comma_repeat5,2708,CONSTANT,STRAIGHT
comma_repeat5,2709,CONSTANT,STRAIGHT
comma_repeat5,2710,CONSTANT,STRAIGHT
comma_repeat5,2711,CONSTANT,STRAIGHT
comma_repeat5,2712,CONSTANT,STRAIGHT
comma_repeat5,2713,CONSTANT,STRAIGHT
comma_repeat5,2714,CONSTANT,STRAIGHT
comma_repeat5,2715,CONSTANT,STRAIGHT
comma_repeat5,2716,CONSTANT,STRAIGHT
comma_repeat5,2717,CONSTANT,STRAIGHT
comma_repeat5,2718,CONSTANT,STRAIGHT
comma_repeat5,2719,CONSTANT,STRAIGHT
comma_repeat5,2720,CONSTANT,STRAIGHT
comma_repeat5,2721,CONSTANT,STRAIGHT
comma_repeat5,2722,CONSTANT,STRAIGHT
comma_repeat5,2723,CONSTANT,STRAIGHT
comma_repeat5,2724,CONSTANT,RIGHT
comma_repeat5,2725,CONSTANT,RIGHT
comma_repeat5,2726,CONSTANT,RIGHT
comma_repeat5,2727,CONSTANT,RIGHT
comma_repeat5,2728,CONSTANT,RIGHT
comma_repeat5,2729,CONSTANT,RIGHT
comma_repeat5,2730,CONSTANT,RIGHT
comma_repeat5,2731,CONSTANT,RIGHT
comma_repeat5,2732,CONSTANT,RIGHT
comma_repeat5,2733,CONSTANT,RIGHT
comma_repeat5,2734,CONSTANT,STRAIGHT
comma_repeat5,2735,CONSTANT,STRAIGHT
comma_repeat5,2736,CONSTANT,STRAIGHT
comma_repeat5,2737,CONSTANT,STRAIGHT
comma_repeat5,2738,CONSTANT,STRAIGHT
comma_repeat5,2739,CONSTANT,STRAIGHT
comma_repeat5,2740,CONSTANT,STRAIGHT
comma_repeat5,2741,CONSTANT,STRAIGHT
comma_repeat5,2742,CONSTANT,STRAIGHT
comma_repeat5,2743,CONSTANT,STRAIGHT
comma_repeat5,2744,CONSTANT,STRAIGHT
comma_repeat5,2745,CONSTANT,STRAIGHT
comma_repeat5,2746,CONSTANT,STRAIGHT
comma_repeat5,2747,CONSTANT,STRAIGHT
comma_repeat5,2748,CONSTANT,STRAIGHT
comma_repeat5,2749,CONSTANT,STRAIGHT
comma_repeat5,2750,CONSTANT,STRAIGHT
comma_repeat5,2751,CONSTANT,STRAIGHT
comma_repeat5,2752,CONSTANT,STRAIGHT
comma_repeat5,2753,CONSTANT,STRAIGHT
comma_repeat5,2754,CONSTANT,STRAIGHT
comma_repeat5,2755,CONSTANT,STRAIGHT
comma_repeat5,2756,CONSTANT,STRAIGHT
comma_repeat5,2757,CONSTANT,STRAIGHT
comma_repeat5,2758,CONSTANT,STRAIGHT
comma_repeat5,2759,CONSTANT,STRAIGHT
comma_repeat5,2760,CONSTANT,STRAIGHT
comma_repeat5,2761,CONSTANT,STRAIGHT
comma_repeat5,2762,CONSTANT,STRAIGHT
comma_repeat5,2763,CONSTANT,STRAIGHT
comma_repeat5,2764,CONSTANT,STRAIGHT
comma_repeat5,2765,CONSTANT,STRAIGHT
comma_repeat5,2766,CONSTANT,STRAIGHT
comma_repeat5,2767,CONSTANT,STRAIGHT
comma_repeat5,2768,CONSTANT,STRAIGHT
comma_repeat5,2769,CONSTANT,STRAIGHT
comma_repeat5,2770,CONSTANT,STRAIGHT
comma_repeat5,2771,CONSTANT,STRAIGHT
comma_repeat5,2772,CONSTANT,STRAIGHT
comma_repeat5,2773,CONSTANT,STRAIGHT
comma_repeat5,2774,CONSTANT,STRAIGHT
comma_repeat5,2775,CONSTANT,STRAIGHT
comma_repeat5,2776,CONSTANT,STRAIGHT
comma_repeat5,2777,CONSTANT,STRAIGHT
comma_repeat5,2778,CONSTANT,STRAIGHT
comma_repeat5,2779,CONSTANT,STRAIGHT
comma_repeat5,2780,CONSTANT,STRAIGHT
comma_repeat5,2781,CONSTANT,STRAIGHT
comma_repeat5,2782,CONSTANT,STRAIGHT
comma_repeat5,2783,CONSTANT,STRAIGHT
comma_repeat5,2784,CONSTANT,STRAIGHT
comma_repeat5,2785,CONSTANT,STRAIGHT
comma_repeat5,2786,CONSTANT,STRAIGHT
comma_repeat5,2787,CONSTANT,STRAIGHT
comma_repeat5,2788,CONSTANT,STRAIGHT
comma_repeat5,2789,CONSTANT,STRAIGHT
comma_repeat5,2790,CONSTANT,STRAIGHT
comma_repeat5,2791,CONSTANT,STRAIGHT
comma_repeat5,2792,CONSTANT,STRAIGHT
comma_repeat5,2793,CONSTANT,STRAIGHT
comma_repeat5,2794,CONSTANT,STRAIGHT
comma_repeat5,2795,CONSTANT,STRAIGHT
comma_repeat5,2796,CONSTANT,STRAIGHT
comma_repeat5,2797,CONSTANT,STRAIGHT
comma_repeat5,2798,CONSTANT,STRAIGHT
comma_repeat5,2799,CONSTANT,STRAIGHT
comma_repeat5,2800,CONSTANT,STRAIGHT
comma_repeat5,2801,CONSTANT,STRAIGHT
comma_repeat5,2802,CONSTANT,STRAIGHT
comma_repeat5,2803,CONSTANT,STRAIGHT
comma_repeat5,2804,CONSTANT,STRAIGHT
comma_repeat5,2805,CONSTANT,STRAIGHT
comma_repeat5,2806,CONSTANT,STRAIGHT
comma_repeat5,2807,CONSTANT,STRAIGHT
comma_repeat5,2808,CONSTANT,STRAIGHT
comma_repeat5,2809,CONSTANT,STRAIGHT
comma_repeat5,2810,CONSTANT,LEFT
comma_repeat5,2811,CONSTANT,LEFT
comma_repeat5,2812,CONSTANT,LEFT
comma_repeat5,2813,CONSTANT,LEFT
comma_repeat5,2814,CONSTANT,LEFT
comma_repeat5,2815,CONSTANT,LEFT
comma_repeat5,2816,CONSTANT,LEFT
comma_repeat5,2817,CONSTANT,LEFT
comma_repeat5,2818,CONSTANT,LEFT
comma_repeat5,2819,CONSTANT,LEFT
comma_repeat5,2820,CONSTANT,LEFT
comma_repeat5,2821,CONSTANT,STRAIGHT
comma_repeat5,2822,CONSTANT,STRAIGHT
comma_repeat5,2823,CONSTANT,STRAIGHT
comma_repeat5,2824,CONSTANT,STRAIGHT
comma_repeat5,2825,CONSTANT,STRAIGHT
comma_repeat5,2826,CONSTANT,STRAIGHT
comma_repeat5,2827,CONSTANT,STRAIGHT
comma_repeat5,2828,CONSTANT,STRAIGHT
comma_repeat5,2829,CONSTANT,STRAIGHT
comma_repeat5,2830,CONSTANT,STRAIGHT
comma_repeat5,2831,CONSTANT,STRAIGHT
comma_repeat5,2832,CONSTANT,STRAIGHT
comma_repeat5,2833,CONSTANT,STRAIGHT
comma_repeat5,2834,CONSTANT,STRAIGHT
comma_repeat5,2835,CONSTANT,STRAIGHT
comma_repeat5,2836,ACCELERATING,STRAIGHT
comma_repeat5,2837,ACCELERATING,STRAIGHT
comma_repeat5,2838,CONSTANT,STRAIGHT
comma_repeat5,2839,CONSTANT,STRAIGHT
comma_repeat5,2840,CONSTANT,STRAIGHT
comma_repeat5,2841,CONSTANT,STRAIGHT
comma_repeat5,2842,CONSTANT,STRAIGHT
comma_repeat5,2843,ACCELERATING,STRAIGHT
comma_repeat5,2844,ACCELERATING,STRAIGHT
comma_repeat5,2845,ACCELERATING,STRAIGHT
comma_repeat5,2846,ACCELERATING,STRAIGHT
comma_repeat5,2847,ACCELERATING,STRAIGHT
comma_repeat5,2848,CONSTANT,STRAIGHT
comma_repeat5,2849,ACCELERATING,STRAIGHT
comma_repeat5,2850,ACCELERATING,STRAIGHT
comma_repeat5,2851,ACCELERATING,STRAIGHT
comma_repeat5,2852,ACCELERATING,STRAIGHT
comma_repeat5,2853,CONSTANT,STRAIGHT
comma_repeat5,2854,CONSTANT,STRAIGHT
comma_repeat5,2855,CONSTANT,STRAIGHT
comma_repeat5,2856,CONSTANT,STRAIGHT
comma_repeat5,2857,CONSTANT,STRAIGHT
comma_repeat5,2858,CONSTANT,STRAIGHT
comma_repeat5,2859,CONSTANT,STRAIGHT
comma_repeat5,2860,CONSTANT,STRAIGHT
comma_repeat5,2861,CONSTANT,STRAIGHT
comma_repeat5,2862,CONSTANT,STRAIGHT
comma_repeat5,2863,CONSTANT,STRAIGHT
comma_repeat5,2864,CONSTANT,STRAIGHT
comma_repeat5,2865,CONSTANT,STRAIGHT
comma_repeat5,2866,CONSTANT,LEFT
comma_repeat5,2867,CONSTANT,STRAIGHT
comma_repeat5,2868,CONSTANT,STRAIGHT
comma_repeat5,2869,CONSTANT,STRAIGHT
comma_repeat5,2870,CONSTANT,STRAIGHT
comma_repeat5,2871,CONSTANT,STRAIGHT
comma_repeat5,2872,CONSTANT,STRAIGHT
comma_repeat5,2873,CONSTANT,STRAIGHT
comma_repeat5,2874,CONSTANT,STRAIGHT
comma_repeat5,2875,CONSTANT,STRAIGHT
comma_repeat5,2876,CONSTANT,STRAIGHT
comma_repeat5,2877,CONSTANT,STRAIGHT
comma_repeat5,2878,CONSTANT,STRAIGHT
comma_repeat5,2879,CONSTANT,STRAIGHT
comma_repeat5,2880,CONSTANT,STRAIGHT
comma_repeat5,2881,CONSTANT,STRAIGHT
comma_repeat5,2882,CONSTANT,STRAIGHT
comma_repeat5,2883,CONSTANT,STRAIGHT
comma_repeat5,2884,CONSTANT,STRAIGHT
comma_repeat5,2885,CONSTANT,STRAIGHT
comma_repeat5,2886,CONSTANT,RIGHT
comma_repeat5,2887,CONSTANT,RIGHT
comma_repeat5,2888,CONSTANT,RIGHT
comma_repeat5,2889,CONSTANT,RIGHT
comma_repeat5,2890,CONSTANT,RIGHT
comma_repeat5,2891,CONSTANT,RIGHT
comma_repeat5,2892,CONSTANT,RIGHT
comma_repeat5,2893,CONSTANT,RIGHT
comma_repeat5,2894,CONSTANT,RIGHT
comma_repeat5,2895,CONSTANT,RIGHT
comma_repeat5,2896,CONSTANT,RIGHT
comma_repeat5,2897,ACCELERATING,RIGHT
comma_repeat5,2898,CONSTANT,RIGHT
comma_repeat5,2899,CONSTANT,RIGHT
comma_repeat5,2900,CONSTANT,RIGHT
comma_repeat5,2901,CONSTANT,RIGHT
comma_repeat5,2902,CONSTANT,RIGHT
comma_repeat5,2903,CONSTANT,RIGHT
comma_repeat5,2904,CONSTANT,RIGHT
comma_repeat5,2905,CONSTANT,RIGHT
comma_repeat5,2906,CONSTANT,RIGHT
comma_repeat5,2907,CONSTANT,RIGHT
comma_repeat5,2908,CONSTANT,RIGHT
comma_repeat5,2909,CONSTANT,RIGHT
comma_repeat5,2910,CONSTANT,RIGHT
comma_repeat5,2911,CONSTANT,RIGHT
comma_repeat5,2912,CONSTANT,RIGHT
comma_repeat5,2913,CONSTANT,RIGHT
comma_repeat5,2914,CONSTANT,RIGHT
comma_repeat5,2915,CONSTANT,RIGHT
comma_repeat5,2916,CONSTANT,RIGHT
comma_repeat5,2917,CONSTANT,RIGHT
comma_repeat5,2918,CONSTANT,RIGHT
comma_repeat5,2919,CONSTANT,RIGHT
comma_repeat5,2920,CONSTANT,RIGHT
comma_repeat5,2921,CONSTANT,RIGHT
comma_repeat5,2922,CONSTANT,RIGHT
comma_repeat5,2923,CONSTANT,RIGHT
comma_repeat5,2924,CONSTANT,STRAIGHT
comma_repeat5,2925,CONSTANT,STRAIGHT
comma_repeat5,2926,CONSTANT,RIGHT
comma_repeat5,2927,CONSTANT,RIGHT
comma_repeat5,2928,CONSTANT,RIGHT
comma_repeat5,2929,CONSTANT,RIGHT
comma_repeat5,2930,CONSTANT,RIGHT
comma_repeat5,2931,CONSTANT,RIGHT
comma_repeat5,2932,CONSTANT,STRAIGHT
comma_repeat5,2933,CONSTANT,STRAIGHT
comma_repeat5,2934,CONSTANT,RIGHT
comma_repeat5,2935,CONSTANT,RIGHT
comma_repeat5,2936,CONSTANT,RIGHT
comma_repeat5,2937,CONSTANT,RIGHT
comma_repeat5,2938,CONSTANT,RIGHT
comma_repeat5,2939,CONSTANT,RIGHT
comma_repeat5,2940,CONSTANT,RIGHT
comma_repeat5,2941,CONSTANT,RIGHT
comma_repeat5,2942,CONSTANT,RIGHT
comma_repeat5,2943,CONSTANT,RIGHT
comma_repeat5,2944,CONSTANT,RIGHT
comma_repeat5,2945,CONSTANT,RIGHT
comma_repeat5,2946,CONSTANT,RIGHT
comma_repeat5,2947,CONSTANT,RIGHT
comma_repeat5,2948,CONSTANT,RIGHT
comma_repeat5,2949,CONSTANT,RIGHT
comma_repeat5,2950,CONSTANT,RIGHT
comma_repeat5,2951,CONSTANT,RIGHT
comma_repeat5,2952,CONSTANT,RIGHT
comma_repeat5,2953,CONSTANT,RIGHT
comma_repeat5,2954,CONSTANT,RIGHT
comma_repeat5,2955,CONSTANT,RIGHT
comma_repeat5,2956,CONSTANT,RIGHT
comma_repeat5,2957,CONSTANT,STRAIGHT
comma_repeat5,2958,CONSTANT,STRAIGHT
comma_repeat5,2959,CONSTANT,STRAIGHT
comma_repeat5,2960,CONSTANT,STRAIGHT
comma_repeat5,2961,CONSTANT,STRAIGHT
comma_repeat5,2962,CONSTANT,STRAIGHT
comma_repeat5,2963,CONSTANT,STRAIGHT
comma_repeat5,2964,CONSTANT,STRAIGHT
comma_repeat5,2965,CONSTANT,STRAIGHT
comma_repeat5,2966,CONSTANT,STRAIGHT
comma_repeat5,2967,CONSTANT,STRAIGHT
comma_repeat5,2968,CONSTANT,STRAIGHT
comma_repeat5,2969,CONSTANT,STRAIGHT
comma_repeat5,2970,CONSTANT,STRAIGHT
comma_repeat5,2971,CONSTANT,STRAIGHT
comma_repeat5,2972,CONSTANT,STRAIGHT
comma_repeat5,2973,CONSTANT,STRAIGHT
comma_repeat5,2974,CONSTANT,STRAIGHT
comma_repeat5,2975,CONSTANT,STRAIGHT
comma_repeat5,2976,CONSTANT,STRAIGHT
comma_repeat5,2977,CONSTANT,STRAIGHT
comma_repeat5,2978,CONSTANT,STRAIGHT
comma_repeat5,2979,CONSTANT,STRAIGHT
comma_repeat5,2980,CONSTANT,STRAIGHT
comma_repeat5,2981,CONSTANT,STRAIGHT
comma_repeat5,2982,CONSTANT,STRAIGHT
comma_repeat5,2983,CONSTANT,STRAIGHT
comma_repeat5,2984,CONSTANT,STRAIGHT
comma_repeat5,2985,CONSTANT,STRAIGHT
comma_repeat5,2986,CONSTANT,STRAIGHT
comma_repeat5,2987,CONSTANT,STRAIGHT
comma_repeat5,2988,CONSTANT,STRAIGHT
comma_repeat5,2989,CONSTANT,STRAIGHT
comma_repeat5,2990,CONSTANT,STRAIGHT
comma_repeat5,2991,CONSTANT,STRAIGHT
comma_repeat5,2992,CONSTANT,STRAIGHT
comma_repeat5,2993,CONSTANT,STRAIGHT
comma_repeat5,2994,CONSTANT,STRAIGHT
comma_repeat5,2995,CONSTANT,STRAIGHT
comma_repeat5,2996,CONSTANT,STRAIGHT
comma_repeat5,2997,CONSTANT,STRAIGHT
comma_repeat5,2998,CONSTANT,STRAIGHT
comma_repeat5,2999,CONSTANT,STRAIGHT
